lessonId,route,title,catalog,mainTopic,subtopic,conceptId,existingType,newPrimaryType,interactionFormats,engine,currentAdapter,currentPresetSpecificity,targetPresetSpecificity,contentQuality,mathematicalReview,priority,applicabilityOfLearn,applicabilityOfExplore,applicabilityOfPractice,applicabilityOfChallenge,applicabilityOfInvestigation,applicabilityOfVisualProof,applicabilityOfAssessment,applicabilityOfRevision,notes
1,/lessons/core-workspaces/1-basic-calculator,Basic Calculator,core,Core Workspaces,Scientific Calculator,core-workspaces.scientific-calculator.basic-calculator,Calculator Lab,learn,numeric-answer,none,calculator,lesson,lesson-preset,lesson-specific,needs-review,P0,available,applicable-missing,applicable-missing,optional,not-applicable,not-applicable,applicable-missing,applicable-missing,Read the core idea for Basic Calculator. Inspect the visual or symbolic model. Answer the quick check. Choose the next resource.
2,/lessons/core-workspaces/2-fraction-calculator,Fraction Calculator,core,Core Workspaces,Scientific Calculator,core-workspaces.scientific-calculator.fraction-calculator,Calculator Lab,learn,numeric-answer,none,calculator,lesson,lesson-preset,lesson-specific,needs-review,P0,available,applicable-missing,applicable-missing,optional,not-applicable,not-applicable,applicable-missing,applicable-missing,Read the core idea for Fraction Calculator. Inspect the visual or symbolic model. Answer the quick check. Choose the next resource.
3,/lessons/core-workspaces/3-mixed-numbers,Mixed Numbers,core,Core Workspaces,Scientific Calculator,core-workspaces.scientific-calculator.mixed-numbers,Calculator Lab,learn,numeric-answer,none,calculator,lesson,lesson-preset,lesson-specific,needs-review,P0,available,applicable-missing,applicable-missing,optional,not-applicable,not-applicable,applicable-missing,applicable-missing,Read the core idea for Mixed Numbers. Inspect the visual or symbolic model. Answer the quick check. Choose the next resource.
4,/lessons/core-workspaces/4-percentage-calculator,Percentage Calculator,core,Core Workspaces,Scientific Calculator,core-workspaces.scientific-calculator.percentage-calculator,Calculator Lab,learn,numeric-answer,none,calculator,lesson,lesson-preset,lesson-specific,needs-review,P0,available,applicable-missing,applicable-missing,optional,not-applicable,not-applicable,applicable-missing,applicable-missing,Read the core idea for Percentage Calculator. Inspect the visual or symbolic model. Answer the quick check. Choose the next resource.
5,/lessons/core-workspaces/5-ratio-calculator,Ratio Calculator,core,Core Workspaces,Scientific Calculator,core-workspaces.scientific-calculator.ratio-calculator,Calculator Lab,learn,numeric-answer,none,calculator,lesson,lesson-preset,lesson-specific,needs-review,P0,available,applicable-missing,applicable-missing,optional,not-applicable,not-applicable,applicable-missing,applicable-missing,Read the core idea for Ratio Calculator. Inspect the visual or symbolic model. Answer the quick check. Choose the next resource.
6,/lessons/core-workspaces/6-powers-and-roots,Powers and Roots,core,Core Workspaces,Scientific Calculator,core-workspaces.scientific-calculator.powers-and-roots,Calculator Lab,learn,numeric-answer,none,calculator,lesson,lesson-preset,lesson-specific,needs-review,P0,available,applicable-missing,applicable-missing,optional,not-applicable,not-applicable,applicable-missing,applicable-missing,Read the core idea for Powers and Roots. Inspect the visual or symbolic model. Answer the quick check. Choose the next resource.
7,/lessons/core-workspaces/7-scientific-notation,Scientific Notation,core,Core Workspaces,Scientific Calculator,core-workspaces.scientific-calculator.scientific-notation,Calculator Lab,learn,numeric-answer,none,calculator,lesson,lesson-preset,lesson-specific,needs-review,P0,available,applicable-missing,applicable-missing,optional,not-applicable,not-applicable,applicable-missing,applicable-missing,Read the core idea for Scientific Notation. Inspect the visual or symbolic model. Answer the quick check. Choose the next resource.
8,/lessons/core-workspaces/8-logarithms,Logarithms,core,Core Workspaces,Scientific Calculator,core-workspaces.scientific-calculator.logarithms,Calculator Lab,learn,numeric-answer,none,calculator,lesson,lesson-preset,lesson-specific,needs-review,P0,available,applicable-missing,applicable-missing,optional,not-applicable,not-applicable,applicable-missing,applicable-missing,Read the core idea for Logarithms. Inspect the visual or symbolic model. Answer the quick check. Choose the next resource.
9,/lessons/core-workspaces/9-exponential-calculations,Exponential Calculations,core,Core Workspaces,Scientific Calculator,core-workspaces.scientific-calculator.exponential-calculations,Calculator Lab,learn,graphing,graph-2d,calculator,lesson,lesson-preset,lesson-specific,needs-review,P0,available,applicable-missing,applicable-missing,applicable-missing,applicable-missing,not-applicable,applicable-missing,applicable-missing,Read the core idea for Exponential Calculations. Inspect the visual or symbolic model. Answer the quick check. Choose the next resource.
10,/lessons/core-workspaces/10-trigonometric-calculator,Trigonometric Calculator,core,Core Workspaces,Scientific Calculator,core-workspaces.scientific-calculator.trigonometric-calculator,Calculator Lab,learn,numeric-answer,none,calculator,lesson,lesson-preset,lesson-specific,needs-review,P0,available,applicable-missing,applicable-missing,optional,not-applicable,not-applicable,applicable-missing,applicable-missing,Read the core idea for Trigonometric Calculator. Inspect the visual or symbolic model. Answer the quick check. Choose the next resource.
11,/lessons/core-workspaces/11-inverse-trigonometry,Inverse Trigonometry,core,Core Workspaces,Scientific Calculator,core-workspaces.scientific-calculator.inverse-trigonometry,Calculator Lab,learn,numeric-answer,none,calculator,lesson,lesson-preset,lesson-specific,needs-review,P0,available,applicable-missing,applicable-missing,optional,not-applicable,not-applicable,applicable-missing,applicable-missing,Read the core idea for Inverse Trigonometry. Inspect the visual or symbolic model. Answer the quick check. Choose the next resource.
12,/lessons/core-workspaces/12-hyperbolic-functions,Hyperbolic Functions,core,Core Workspaces,Scientific Calculator,core-workspaces.scientific-calculator.hyperbolic-functions,Calculator Lab,learn,graphing,graph-2d,calculator,lesson,lesson-preset,lesson-specific,needs-review,P0,available,applicable-missing,applicable-missing,applicable-missing,applicable-missing,not-applicable,applicable-missing,applicable-missing,Read the core idea for Hyperbolic Functions. Inspect the visual or symbolic model. Answer the quick check. Choose the next resource.
13,/lessons/core-workspaces/13-factorial-permutation-and-combination,"Factorial, Permutation and Combination",core,Core Workspaces,Scientific Calculator,core-workspaces.scientific-calculator.factorial-permutation-and-combination,Calculator Lab,learn,cas,cas-data,calculator,lesson,lesson-preset,lesson-specific,needs-review,P0,available,applicable-missing,applicable-missing,applicable-missing,applicable-missing,not-applicable,applicable-missing,applicable-missing,"Read the core idea for Factorial, Permutation and Combination. Inspect the visual or symbolic model. Answer the quick check. Choose the next resource."
14,/lessons/core-workspaces/14-absolute-value,Absolute Value,core,Core Workspaces,Scientific Calculator,core-workspaces.scientific-calculator.absolute-value,Calculator Lab,learn,numeric-answer,none,calculator,lesson,lesson-preset,lesson-specific,needs-review,P0,available,applicable-missing,applicable-missing,optional,not-applicable,not-applicable,applicable-missing,applicable-missing,Read the core idea for Absolute Value. Inspect the visual or symbolic model. Answer the quick check. Choose the next resource.
15,/lessons/core-workspaces/15-rounding-and-precision,Rounding and Precision,core,Core Workspaces,Scientific Calculator,core-workspaces.scientific-calculator.rounding-and-precision,Calculator Lab,learn,numeric-answer,none,calculator,lesson,lesson-preset,lesson-specific,needs-review,P0,available,applicable-missing,applicable-missing,optional,not-applicable,not-applicable,applicable-missing,applicable-missing,Read the core idea for Rounding and Precision. Inspect the visual or symbolic model. Answer the quick check. Choose the next resource.
16,/lessons/core-workspaces/16-constants-library,Constants Library,core,Core Workspaces,Scientific Calculator,core-workspaces.scientific-calculator.constants-library,Calculator Lab,learn,numeric-answer,none,calculator,lesson,lesson-preset,lesson-specific,needs-review,P0,available,applicable-missing,applicable-missing,optional,not-applicable,not-applicable,applicable-missing,applicable-missing,Read the core idea for Constants Library. Inspect the visual or symbolic model. Answer the quick check. Choose the next resource.
17,/lessons/core-workspaces/17-calculation-history,Calculation History,core,Core Workspaces,Scientific Calculator,core-workspaces.scientific-calculator.calculation-history,Calculator Lab,learn,numeric-answer,none,calculator,lesson,lesson-preset,lesson-specific,needs-review,P0,available,applicable-missing,applicable-missing,optional,not-applicable,not-applicable,applicable-missing,applicable-missing,Read the core idea for Calculation History. Inspect the visual or symbolic model. Answer the quick check. Choose the next resource.
18,/lessons/core-workspaces/18-exact-and-decimal-modes,Exact and Decimal Modes,core,Core Workspaces,Scientific Calculator,core-workspaces.scientific-calculator.exact-and-decimal-modes,Calculator Lab,learn,numeric-answer,none,calculator,lesson,lesson-preset,lesson-specific,needs-review,P0,available,applicable-missing,applicable-missing,optional,not-applicable,not-applicable,applicable-missing,applicable-missing,Read the core idea for Exact and Decimal Modes. Inspect the visual or symbolic model. Answer the quick check. Choose the next resource.
19,/lessons/core-workspaces/19-algebra-workspace,Algebra Workspace,core,Core Workspaces,Algebra and Dynamic Variables,core-workspaces.algebra-and-dynamic-variables.algebra-workspace,Exploration Lab,explore,construction|3d|slider,geometry-3d,algebra,family,lesson-preset,generated-template,needs-review,P0,applicable-missing,available,applicable-missing,applicable-missing,applicable-missing,not-applicable,applicable-missing,applicable-missing,Predict what will change. Drag or adjust one control. Observe the exact output. Explain the relationship.
20,/lessons/core-workspaces/20-variable-explorer,Variable Explorer,core,Core Workspaces,Algebra and Dynamic Variables,core-workspaces.algebra-and-dynamic-variables.variable-explorer,Exploration Lab,investigation,cas|slider,cas-data,algebra,family,lesson-preset,generated-template,needs-review,P0,applicable-missing,applicable-missing,applicable-missing,applicable-missing,available,not-applicable,applicable-missing,applicable-missing,Predict what will change. Drag or adjust one control. Observe the exact output. Explain the relationship.
21,/lessons/core-workspaces/21-numeric-sliders,Numeric Sliders,core,Core Workspaces,Algebra and Dynamic Variables,core-workspaces.algebra-and-dynamic-variables.numeric-sliders,Exploration Lab,explore,cas|slider,cas-data,algebra,family,lesson-preset,generated-template,needs-review,P0,applicable-missing,available,applicable-missing,applicable-missing,applicable-missing,not-applicable,applicable-missing,applicable-missing,Predict what will change. Drag or adjust one control. Observe the exact output. Explain the relationship.
22,/lessons/core-workspaces/22-integer-sliders,Integer Sliders,core,Core Workspaces,Algebra and Dynamic Variables,core-workspaces.algebra-and-dynamic-variables.integer-sliders,Exploration Lab,explore,cas|slider,cas-data,algebra,family,lesson-preset,generated-template,needs-review,P0,applicable-missing,available,applicable-missing,applicable-missing,applicable-missing,not-applicable,applicable-missing,applicable-missing,Predict what will change. Drag or adjust one control. Observe the exact output. Explain the relationship.
23,/lessons/core-workspaces/23-angle-sliders,Angle Sliders,core,Core Workspaces,Algebra and Dynamic Variables,core-workspaces.algebra-and-dynamic-variables.angle-sliders,Exploration Lab,explore,construction|slider,geometry-2d,algebra,family,lesson-preset,generated-template,needs-review,P0,applicable-missing,available,applicable-missing,applicable-missing,applicable-missing,not-applicable,applicable-missing,applicable-missing,Predict what will change. Drag or adjust one control. Observe the exact output. Explain the relationship.
24,/lessons/core-workspaces/24-animation-controls,Animation Controls,core,Core Workspaces,Algebra and Dynamic Variables,core-workspaces.algebra-and-dynamic-variables.animation-controls,Exploration Lab,explore,cas|slider|animation,cas-data,algebra,family,lesson-preset,generated-template,needs-review,P0,applicable-missing,available,applicable-missing,applicable-missing,applicable-missing,not-applicable,applicable-missing,applicable-missing,Predict what will change. Drag or adjust one control. Observe the exact output. Explain the relationship.
25,/lessons/core-workspaces/25-dependent-and-independent-objects,Dependent and Independent Objects,core,Core Workspaces,Algebra and Dynamic Variables,core-workspaces.algebra-and-dynamic-variables.dependent-and-independent-objects,Exploration Lab,explore,cas|slider,cas-data,algebra,family,lesson-preset,generated-template,needs-review,P0,applicable-missing,available,applicable-missing,applicable-missing,applicable-missing,not-applicable,applicable-missing,applicable-missing,Predict what will change. Drag or adjust one control. Observe the exact output. Explain the relationship.
26,/lessons/core-workspaces/26-conditional-visibility,Conditional Visibility,core,Core Workspaces,Algebra and Dynamic Variables,core-workspaces.algebra-and-dynamic-variables.conditional-visibility,Exploration Lab,explore,cas|slider,cas-data,algebra,family,lesson-preset,generated-template,needs-review,P0,applicable-missing,available,applicable-missing,applicable-missing,applicable-missing,not-applicable,applicable-missing,applicable-missing,Predict what will change. Drag or adjust one control. Observe the exact output. Explain the relationship.
27,/lessons/core-workspaces/27-dynamic-labels,Dynamic Labels,core,Core Workspaces,Algebra and Dynamic Variables,core-workspaces.algebra-and-dynamic-variables.dynamic-labels,Exploration Lab,explore,cas|slider,cas-data,algebra,family,lesson-preset,generated-template,needs-review,P0,applicable-missing,available,applicable-missing,applicable-missing,applicable-missing,not-applicable,applicable-missing,applicable-missing,Predict what will change. Drag or adjust one control. Observe the exact output. Explain the relationship.
28,/lessons/core-workspaces/28-algebraic-input,Algebraic Input,core,Core Workspaces,Algebra and Dynamic Variables,core-workspaces.algebra-and-dynamic-variables.algebraic-input,Exploration Lab,explore,cas|slider,cas-data,algebra,family,lesson-preset,generated-template,needs-review,P0,applicable-missing,available,applicable-missing,applicable-missing,applicable-missing,not-applicable,applicable-missing,applicable-missing,Predict what will change. Drag or adjust one control. Observe the exact output. Explain the relationship.
29,/lessons/core-workspaces/29-object-redefinition,Object Redefinition,core,Core Workspaces,Algebra and Dynamic Variables,core-workspaces.algebra-and-dynamic-variables.object-redefinition,Exploration Lab,explore,cas|slider,cas-data,algebra,family,lesson-preset,generated-template,needs-review,P0,applicable-missing,available,applicable-missing,applicable-missing,applicable-missing,not-applicable,applicable-missing,applicable-missing,Predict what will change. Drag or adjust one control. Observe the exact output. Explain the relationship.
30,/lessons/core-workspaces/30-equation-input,Equation Input,core,Core Workspaces,Algebra and Dynamic Variables,core-workspaces.algebra-and-dynamic-variables.equation-input,Exploration Lab,explore,cas|slider,cas-data,algebra,family,lesson-preset,generated-template,needs-review,P0,applicable-missing,available,applicable-missing,applicable-missing,applicable-missing,not-applicable,applicable-missing,applicable-missing,Predict what will change. Drag or adjust one control. Observe the exact output. Explain the relationship.
31,/lessons/core-workspaces/31-inequality-input,Inequality Input,core,Core Workspaces,Algebra and Dynamic Variables,core-workspaces.algebra-and-dynamic-variables.inequality-input,Exploration Lab,explore,cas|slider,cas-data,algebra,family,lesson-preset,generated-template,needs-review,P0,applicable-missing,available,applicable-missing,applicable-missing,applicable-missing,not-applicable,applicable-missing,applicable-missing,Predict what will change. Drag or adjust one control. Observe the exact output. Explain the relationship.
32,/lessons/core-workspaces/32-lists,Lists,core,Core Workspaces,Algebra and Dynamic Variables,core-workspaces.algebra-and-dynamic-variables.lists,Exploration Lab,explore,cas|slider,cas-data,algebra,family,lesson-preset,generated-template,needs-review,P0,applicable-missing,available,applicable-missing,applicable-missing,applicable-missing,not-applicable,applicable-missing,applicable-missing,Predict what will change. Drag or adjust one control. Observe the exact output. Explain the relationship.
33,/lessons/core-workspaces/33-matrices,Matrices,core,Core Workspaces,Algebra and Dynamic Variables,core-workspaces.algebra-and-dynamic-variables.matrices,Exploration Lab,explore,cas|slider,cas-data,algebra,family,lesson-preset,generated-template,needs-review,P0,applicable-missing,available,applicable-missing,applicable-missing,applicable-missing,not-applicable,applicable-missing,applicable-missing,Predict what will change. Drag or adjust one control. Observe the exact output. Explain the relationship.
34,/lessons/core-workspaces/34-sequences,Sequences,core,Core Workspaces,Algebra and Dynamic Variables,core-workspaces.algebra-and-dynamic-variables.sequences,Exploration Lab,explore,cas|slider,cas-data,algebra,family,lesson-preset,generated-template,needs-review,P0,applicable-missing,available,applicable-missing,applicable-missing,applicable-missing,not-applicable,applicable-missing,applicable-missing,Predict what will change. Drag or adjust one control. Observe the exact output. Explain the relationship.
35,/lessons/core-workspaces/35-piecewise-definitions,Piecewise Definitions,core,Core Workspaces,Algebra and Dynamic Variables,core-workspaces.algebra-and-dynamic-variables.piecewise-definitions,Exploration Lab,explore,cas|slider,cas-data,algebra,family,lesson-preset,generated-template,needs-review,P0,applicable-missing,available,applicable-missing,applicable-missing,applicable-missing,not-applicable,applicable-missing,applicable-missing,Predict what will change. Drag or adjust one control. Observe the exact output. Explain the relationship.
36,/lessons/core-workspaces/36-boolean-variables,Boolean Variables,core,Core Workspaces,Algebra and Dynamic Variables,core-workspaces.algebra-and-dynamic-variables.boolean-variables,Exploration Lab,explore,cas|slider,cas-data,algebra,family,lesson-preset,generated-template,needs-review,P0,applicable-missing,available,applicable-missing,applicable-missing,applicable-missing,not-applicable,applicable-missing,applicable-missing,Predict what will change. Drag or adjust one control. Observe the exact output. Explain the relationship.
37,/lessons/core-workspaces/37-dynamic-text,Dynamic Text,core,Core Workspaces,Algebra and Dynamic Variables,core-workspaces.algebra-and-dynamic-variables.dynamic-text,Exploration Lab,explore,cas|slider,cas-data,algebra,family,lesson-preset,generated-template,needs-review,P0,applicable-missing,available,applicable-missing,applicable-missing,applicable-missing,not-applicable,applicable-missing,applicable-missing,Predict what will change. Drag or adjust one control. Observe the exact output. Explain the relationship.
38,/lessons/core-workspaces/38-latex-formula-display,LaTeX Formula Display,core,Core Workspaces,Algebra and Dynamic Variables,core-workspaces.algebra-and-dynamic-variables.latex-formula-display,Exploration Lab,explore,cas|slider,cas-data,algebra,family,lesson-preset,generated-template,needs-review,P0,applicable-missing,available,applicable-missing,applicable-missing,applicable-missing,not-applicable,applicable-missing,applicable-missing,Predict what will change. Drag or adjust one control. Observe the exact output. Explain the relationship.
57,/lessons/numbers-and-arithmetic/57-natural-numbers,Natural Numbers,core,Numbers and Arithmetic,Numbers and Number Theory,numbers-and-arithmetic.numbers-and-number-theory.natural-numbers,Concept + Manipulative,learn,cas|slider,cas-data,number,family,lesson-preset,generated-template,needs-review,P0,available,applicable-missing,applicable-missing,applicable-missing,applicable-missing,not-applicable,applicable-missing,applicable-missing,Predict what will change. Drag or adjust one control. Observe the exact output. Explain the relationship.
58,/lessons/numbers-and-arithmetic/58-whole-numbers,Whole Numbers,core,Numbers and Arithmetic,Numbers and Number Theory,numbers-and-arithmetic.numbers-and-number-theory.whole-numbers,Concept + Manipulative,learn,cas|slider,cas-data,number,family,lesson-preset,generated-template,needs-review,P0,available,applicable-missing,applicable-missing,applicable-missing,applicable-missing,not-applicable,applicable-missing,applicable-missing,Predict what will change. Drag or adjust one control. Observe the exact output. Explain the relationship.
59,/lessons/numbers-and-arithmetic/59-integers,Integers,core,Numbers and Arithmetic,Numbers and Number Theory,numbers-and-arithmetic.numbers-and-number-theory.integers,Concept + Manipulative,learn,cas|slider,cas-data,number,family,lesson-preset,generated-template,needs-review,P0,available,applicable-missing,applicable-missing,applicable-missing,applicable-missing,not-applicable,applicable-missing,applicable-missing,Predict what will change. Drag or adjust one control. Observe the exact output. Explain the relationship.
60,/lessons/numbers-and-arithmetic/60-rational-numbers,Rational Numbers,core,Numbers and Arithmetic,Numbers and Number Theory,numbers-and-arithmetic.numbers-and-number-theory.rational-numbers,Concept + Manipulative,learn,cas|slider,cas-data,number,family,lesson-preset,generated-template,needs-review,P0,available,applicable-missing,applicable-missing,applicable-missing,applicable-missing,not-applicable,applicable-missing,applicable-missing,Predict what will change. Drag or adjust one control. Observe the exact output. Explain the relationship.
61,/lessons/numbers-and-arithmetic/61-irrational-numbers,Irrational Numbers,core,Numbers and Arithmetic,Numbers and Number Theory,numbers-and-arithmetic.numbers-and-number-theory.irrational-numbers,Concept + Manipulative,learn,cas|slider,cas-data,number,family,lesson-preset,generated-template,needs-review,P0,available,applicable-missing,applicable-missing,applicable-missing,applicable-missing,not-applicable,applicable-missing,applicable-missing,Predict what will change. Drag or adjust one control. Observe the exact output. Explain the relationship.
62,/lessons/numbers-and-arithmetic/62-real-numbers,Real Numbers,core,Numbers and Arithmetic,Numbers and Number Theory,numbers-and-arithmetic.numbers-and-number-theory.real-numbers,Concept + Manipulative,learn,cas|slider,cas-data,number,family,lesson-preset,generated-template,needs-review,P0,available,applicable-missing,applicable-missing,applicable-missing,applicable-missing,not-applicable,applicable-missing,applicable-missing,Predict what will change. Drag or adjust one control. Observe the exact output. Explain the relationship.
63,/lessons/numbers-and-arithmetic/63-complex-numbers,Complex Numbers,core,Numbers and Arithmetic,Numbers and Number Theory,numbers-and-arithmetic.numbers-and-number-theory.complex-numbers,Concept + Manipulative,learn,cas|slider,cas-data,number,family,lesson-preset,generated-template,needs-review,P0,available,applicable-missing,applicable-missing,applicable-missing,applicable-missing,not-applicable,applicable-missing,applicable-missing,Predict what will change. Drag or adjust one control. Observe the exact output. Explain the relationship.
64,/lessons/numbers-and-arithmetic/64-place-value,Place Value,core,Numbers and Arithmetic,Numbers and Number Theory,numbers-and-arithmetic.numbers-and-number-theory.place-value,Concept + Manipulative,learn,cas|slider,cas-data,number,family,lesson-preset,generated-template,needs-review,P0,available,applicable-missing,applicable-missing,applicable-missing,applicable-missing,not-applicable,applicable-missing,applicable-missing,Predict what will change. Drag or adjust one control. Observe the exact output. Explain the relationship.
65,/lessons/numbers-and-arithmetic/65-factors,Factors,core,Numbers and Arithmetic,Numbers and Number Theory,numbers-and-arithmetic.numbers-and-number-theory.factors,Concept + Manipulative,learn,cas|slider,cas-data,number,family,lesson-preset,generated-template,needs-review,P0,available,applicable-missing,applicable-missing,applicable-missing,applicable-missing,not-applicable,applicable-missing,applicable-missing,Predict what will change. Drag or adjust one control. Observe the exact output. Explain the relationship.
66,/lessons/numbers-and-arithmetic/66-multiples,Multiples,core,Numbers and Arithmetic,Numbers and Number Theory,numbers-and-arithmetic.numbers-and-number-theory.multiples,Concept + Manipulative,learn,cas|slider,cas-data,number,family,lesson-preset,generated-template,needs-review,P0,available,applicable-missing,applicable-missing,applicable-missing,applicable-missing,not-applicable,applicable-missing,applicable-missing,Predict what will change. Drag or adjust one control. Observe the exact output. Explain the relationship.
67,/lessons/numbers-and-arithmetic/67-prime-numbers,Prime Numbers,core,Numbers and Arithmetic,Numbers and Number Theory,numbers-and-arithmetic.numbers-and-number-theory.prime-numbers,Concept + Manipulative,learn,cas|slider,cas-data,number,family,lesson-preset,generated-template,needs-review,P0,available,applicable-missing,applicable-missing,applicable-missing,applicable-missing,not-applicable,applicable-missing,applicable-missing,Predict what will change. Drag or adjust one control. Observe the exact output. Explain the relationship.
68,/lessons/numbers-and-arithmetic/68-prime-factorisation,Prime Factorisation,core,Numbers and Arithmetic,Numbers and Number Theory,numbers-and-arithmetic.numbers-and-number-theory.prime-factorisation,Concept + Manipulative,learn,cas|slider,cas-data,number,family,lesson-preset,generated-template,needs-review,P0,available,applicable-missing,applicable-missing,applicable-missing,applicable-missing,not-applicable,applicable-missing,applicable-missing,Predict what will change. Drag or adjust one control. Observe the exact output. Explain the relationship.
69,/lessons/numbers-and-arithmetic/69-hcf-gcd,HCF / GCD,core,Numbers and Arithmetic,Numbers and Number Theory,numbers-and-arithmetic.numbers-and-number-theory.hcf-gcd,Concept + Manipulative,learn,cas|slider,cas-data,number,family,lesson-preset,generated-template,needs-review,P0,available,applicable-missing,applicable-missing,applicable-missing,applicable-missing,not-applicable,applicable-missing,applicable-missing,Predict what will change. Drag or adjust one control. Observe the exact output. Explain the relationship.
70,/lessons/numbers-and-arithmetic/70-lcm,LCM,core,Numbers and Arithmetic,Numbers and Number Theory,numbers-and-arithmetic.numbers-and-number-theory.lcm,Concept + Manipulative,learn,cas|slider,cas-data,number,family,lesson-preset,generated-template,needs-review,P0,available,applicable-missing,applicable-missing,applicable-missing,applicable-missing,not-applicable,applicable-missing,applicable-missing,Predict what will change. Drag or adjust one control. Observe the exact output. Explain the relationship.
71,/lessons/numbers-and-arithmetic/71-divisibility-rules,Divisibility Rules,core,Numbers and Arithmetic,Numbers and Number Theory,numbers-and-arithmetic.numbers-and-number-theory.divisibility-rules,Concept + Manipulative,learn,cas|slider,cas-data,number,family,lesson-preset,generated-template,needs-review,P0,available,applicable-missing,applicable-missing,applicable-missing,applicable-missing,not-applicable,applicable-missing,applicable-missing,Predict what will change. Drag or adjust one control. Observe the exact output. Explain the relationship.
72,/lessons/numbers-and-arithmetic/72-modular-arithmetic,Modular Arithmetic,core,Numbers and Arithmetic,Numbers and Number Theory,numbers-and-arithmetic.numbers-and-number-theory.modular-arithmetic,Concept + Manipulative,learn,cas|slider,cas-data,number,family,lesson-preset,generated-template,needs-review,P0,available,applicable-missing,applicable-missing,applicable-missing,applicable-missing,not-applicable,applicable-missing,applicable-missing,Predict what will change. Drag or adjust one control. Observe the exact output. Explain the relationship.
73,/lessons/numbers-and-arithmetic/73-base-systems,Base Systems,core,Numbers and Arithmetic,Numbers and Number Theory,numbers-and-arithmetic.numbers-and-number-theory.base-systems,Concept + Manipulative,learn,cas|slider,cas-data,number,family,lesson-preset,generated-template,needs-review,P0,available,applicable-missing,applicable-missing,applicable-missing,applicable-missing,not-applicable,applicable-missing,applicable-missing,Predict what will change. Drag or adjust one control. Observe the exact output. Explain the relationship.
74,/lessons/numbers-and-arithmetic/74-continued-fractions,Continued Fractions,core,Numbers and Arithmetic,Numbers and Number Theory,numbers-and-arithmetic.numbers-and-number-theory.continued-fractions,Concept + Manipulative,learn,cas|slider,cas-data,number,family,lesson-preset,generated-template,needs-review,P0,available,applicable-missing,applicable-missing,applicable-missing,applicable-missing,not-applicable,applicable-missing,applicable-missing,Predict what will change. Drag or adjust one control. Observe the exact output. Explain the relationship.
75,/lessons/numbers-and-arithmetic/75-fraction-models,Fraction Models,core,Numbers and Arithmetic,"Fractions, Decimals, Ratios and Percentages",numbers-and-arithmetic.fractions-decimals-ratios-and-percentages.fraction-models,Concept + Manipulative,explore,cas|slider,cas-data,number,family,lesson-preset,generated-template,needs-review,P0,applicable-missing,available,applicable-missing,applicable-missing,applicable-missing,not-applicable,applicable-missing,applicable-missing,Predict what will change. Drag or adjust one control. Observe the exact output. Explain the relationship.
76,/lessons/numbers-and-arithmetic/76-equivalent-fractions,Equivalent Fractions,core,Numbers and Arithmetic,"Fractions, Decimals, Ratios and Percentages",numbers-and-arithmetic.fractions-decimals-ratios-and-percentages.equivalent-fractions,Concept + Manipulative,learn,cas|slider,cas-data,number,family,lesson-preset,generated-template,needs-review,P0,available,applicable-missing,applicable-missing,applicable-missing,applicable-missing,not-applicable,applicable-missing,applicable-missing,Predict what will change. Drag or adjust one control. Observe the exact output. Explain the relationship.
77,/lessons/numbers-and-arithmetic/77-comparing-fractions,Comparing Fractions,core,Numbers and Arithmetic,"Fractions, Decimals, Ratios and Percentages",numbers-and-arithmetic.fractions-decimals-ratios-and-percentages.comparing-fractions,Concept + Manipulative,learn,cas|slider,cas-data,number,family,lesson-preset,generated-template,needs-review,P0,available,applicable-missing,applicable-missing,applicable-missing,applicable-missing,not-applicable,applicable-missing,applicable-missing,Predict what will change. Drag or adjust one control. Observe the exact output. Explain the relationship.
78,/lessons/numbers-and-arithmetic/78-fraction-operations,Fraction Operations,core,Numbers and Arithmetic,"Fractions, Decimals, Ratios and Percentages",numbers-and-arithmetic.fractions-decimals-ratios-and-percentages.fraction-operations,Concept + Manipulative,learn,cas|slider,cas-data,number,family,lesson-preset,generated-template,needs-review,P0,available,applicable-missing,applicable-missing,applicable-missing,applicable-missing,not-applicable,applicable-missing,applicable-missing,Predict what will change. Drag or adjust one control. Observe the exact output. Explain the relationship.
79,/lessons/numbers-and-arithmetic/79-decimal-place-value,Decimal Place Value,core,Numbers and Arithmetic,"Fractions, Decimals, Ratios and Percentages",numbers-and-arithmetic.fractions-decimals-ratios-and-percentages.decimal-place-value,Concept + Manipulative,learn,cas|slider,cas-data,number,family,lesson-preset,generated-template,needs-review,P0,available,applicable-missing,applicable-missing,applicable-missing,applicable-missing,not-applicable,applicable-missing,applicable-missing,Predict what will change. Drag or adjust one control. Observe the exact output. Explain the relationship.
80,/lessons/numbers-and-arithmetic/80-decimal-operations,Decimal Operations,core,Numbers and Arithmetic,"Fractions, Decimals, Ratios and Percentages",numbers-and-arithmetic.fractions-decimals-ratios-and-percentages.decimal-operations,Concept + Manipulative,learn,cas|slider,cas-data,number,family,lesson-preset,generated-template,needs-review,P0,available,applicable-missing,applicable-missing,applicable-missing,applicable-missing,not-applicable,applicable-missing,applicable-missing,Predict what will change. Drag or adjust one control. Observe the exact output. Explain the relationship.
81,/lessons/numbers-and-arithmetic/81-fractiondecimal-conversion,Fraction–Decimal Conversion,core,Numbers and Arithmetic,"Fractions, Decimals, Ratios and Percentages",numbers-and-arithmetic.fractions-decimals-ratios-and-percentages.fraction-decimal-conversion,Concept + Manipulative,learn,cas|slider,cas-data,number,family,lesson-preset,generated-template,needs-review,P0,available,applicable-missing,applicable-missing,applicable-missing,applicable-missing,not-applicable,applicable-missing,applicable-missing,Predict what will change. Drag or adjust one control. Observe the exact output. Explain the relationship.
82,/lessons/numbers-and-arithmetic/82-recurring-decimals,Recurring Decimals,core,Numbers and Arithmetic,"Fractions, Decimals, Ratios and Percentages",numbers-and-arithmetic.fractions-decimals-ratios-and-percentages.recurring-decimals,Concept + Manipulative,learn,cas|slider,cas-data,number,family,lesson-preset,generated-template,needs-review,P0,available,applicable-missing,applicable-missing,applicable-missing,applicable-missing,not-applicable,applicable-missing,applicable-missing,Predict what will change. Drag or adjust one control. Observe the exact output. Explain the relationship.
83,/lessons/numbers-and-arithmetic/83-ratio-models,Ratio Models,core,Numbers and Arithmetic,"Fractions, Decimals, Ratios and Percentages",numbers-and-arithmetic.fractions-decimals-ratios-and-percentages.ratio-models,Concept + Manipulative,explore,cas|slider,cas-data,number,family,lesson-preset,generated-template,needs-review,P0,applicable-missing,available,applicable-missing,applicable-missing,applicable-missing,not-applicable,applicable-missing,applicable-missing,Predict what will change. Drag or adjust one control. Observe the exact output. Explain the relationship.
84,/lessons/numbers-and-arithmetic/84-proportion,Proportion,core,Numbers and Arithmetic,"Fractions, Decimals, Ratios and Percentages",numbers-and-arithmetic.fractions-decimals-ratios-and-percentages.proportion,Concept + Manipulative,learn,cas|slider,cas-data,number,family,lesson-preset,generated-template,needs-review,P0,available,applicable-missing,applicable-missing,applicable-missing,applicable-missing,not-applicable,applicable-missing,applicable-missing,Predict what will change. Drag or adjust one control. Observe the exact output. Explain the relationship.
85,/lessons/numbers-and-arithmetic/85-direct-proportion,Direct Proportion,core,Numbers and Arithmetic,"Fractions, Decimals, Ratios and Percentages",numbers-and-arithmetic.fractions-decimals-ratios-and-percentages.direct-proportion,Concept + Manipulative,learn,cas|slider,cas-data,number,family,lesson-preset,generated-template,needs-review,P0,available,applicable-missing,applicable-missing,applicable-missing,applicable-missing,not-applicable,applicable-missing,applicable-missing,Predict what will change. Drag or adjust one control. Observe the exact output. Explain the relationship.
86,/lessons/numbers-and-arithmetic/86-inverse-proportion,Inverse Proportion,core,Numbers and Arithmetic,"Fractions, Decimals, Ratios and Percentages",numbers-and-arithmetic.fractions-decimals-ratios-and-percentages.inverse-proportion,Concept + Manipulative,learn,cas|slider,cas-data,number,family,lesson-preset,generated-template,needs-review,P0,available,applicable-missing,applicable-missing,applicable-missing,applicable-missing,not-applicable,applicable-missing,applicable-missing,Predict what will change. Drag or adjust one control. Observe the exact output. Explain the relationship.
87,/lessons/numbers-and-arithmetic/87-unit-rates,Unit Rates,core,Numbers and Arithmetic,"Fractions, Decimals, Ratios and Percentages",numbers-and-arithmetic.fractions-decimals-ratios-and-percentages.unit-rates,Concept + Manipulative,learn,cas|slider,cas-data,number,family,lesson-preset,generated-template,needs-review,P0,available,applicable-missing,applicable-missing,applicable-missing,applicable-missing,not-applicable,applicable-missing,applicable-missing,Predict what will change. Drag or adjust one control. Observe the exact output. Explain the relationship.
88,/lessons/numbers-and-arithmetic/88-percentages,Percentages,core,Numbers and Arithmetic,"Fractions, Decimals, Ratios and Percentages",numbers-and-arithmetic.fractions-decimals-ratios-and-percentages.percentages,Concept + Manipulative,learn,cas|slider,cas-data,number,family,lesson-preset,generated-template,needs-review,P0,available,applicable-missing,applicable-missing,applicable-missing,applicable-missing,not-applicable,applicable-missing,applicable-missing,Predict what will change. Drag or adjust one control. Observe the exact output. Explain the relationship.
89,/lessons/numbers-and-arithmetic/89-percentage-change,Percentage Change,core,Numbers and Arithmetic,"Fractions, Decimals, Ratios and Percentages",numbers-and-arithmetic.fractions-decimals-ratios-and-percentages.percentage-change,Concept + Manipulative,learn,cas|slider,cas-data,number,family,lesson-preset,generated-template,needs-review,P0,available,applicable-missing,applicable-missing,applicable-missing,applicable-missing,not-applicable,applicable-missing,applicable-missing,Predict what will change. Drag or adjust one control. Observe the exact output. Explain the relationship.
90,/lessons/numbers-and-arithmetic/90-compound-change,Compound Change,core,Numbers and Arithmetic,"Fractions, Decimals, Ratios and Percentages",numbers-and-arithmetic.fractions-decimals-ratios-and-percentages.compound-change,Concept + Manipulative,learn,cas|slider,cas-data,number,family,lesson-preset,generated-template,needs-review,P0,available,applicable-missing,applicable-missing,applicable-missing,applicable-missing,not-applicable,applicable-missing,applicable-missing,Predict what will change. Drag or adjust one control. Observe the exact output. Explain the relationship.
91,/lessons/numbers-and-arithmetic/91-scale-drawings,Scale Drawings,core,Numbers and Arithmetic,"Fractions, Decimals, Ratios and Percentages",numbers-and-arithmetic.fractions-decimals-ratios-and-percentages.scale-drawings,Concept + Manipulative,learn,cas|slider,cas-data,number,family,lesson-preset,generated-template,needs-review,P0,available,applicable-missing,applicable-missing,applicable-missing,applicable-missing,not-applicable,applicable-missing,applicable-missing,Predict what will change. Drag or adjust one control. Observe the exact output. Explain the relationship.
618,/lessons/authoring-and-learning-system/618-slider-component,Slider Component,core,Authoring and Learning System,Interactive Authoring,authoring-and-learning-system.interactive-authoring.slider-component,Authoring Studio,learn,slider,none,authoring,family,lesson-preset,generated-template,needs-review,P0,available,applicable-missing,applicable-missing,optional,not-applicable,not-applicable,applicable-missing,applicable-missing,Predict what will change. Drag or adjust one control. Observe the exact output. Explain the relationship.
619,/lessons/authoring-and-learning-system/619-checkbox,Checkbox,core,Authoring and Learning System,Interactive Authoring,authoring-and-learning-system.interactive-authoring.checkbox,Authoring Studio,learn,open-response,none,authoring,family,lesson-preset,generated-template,needs-review,P0,available,applicable-missing,applicable-missing,optional,not-applicable,not-applicable,applicable-missing,applicable-missing,Read the core idea for Checkbox. Inspect the visual or symbolic model. Answer the quick check. Choose the next resource.
620,/lessons/authoring-and-learning-system/620-button,Button,core,Authoring and Learning System,Interactive Authoring,authoring-and-learning-system.interactive-authoring.button,Authoring Studio,learn,open-response,none,authoring,family,lesson-preset,generated-template,needs-review,P0,available,applicable-missing,applicable-missing,optional,not-applicable,not-applicable,applicable-missing,applicable-missing,Read the core idea for Button. Inspect the visual or symbolic model. Answer the quick check. Choose the next resource.
621,/lessons/authoring-and-learning-system/621-input-box,Input Box,core,Authoring and Learning System,Interactive Authoring,authoring-and-learning-system.interactive-authoring.input-box,Authoring Studio,learn,open-response,none,authoring,family,lesson-preset,generated-template,needs-review,P0,available,applicable-missing,applicable-missing,optional,not-applicable,not-applicable,applicable-missing,applicable-missing,Read the core idea for Input Box. Inspect the visual or symbolic model. Answer the quick check. Choose the next resource.
622,/lessons/authoring-and-learning-system/622-drop-down-list,Drop-Down List,core,Authoring and Learning System,Interactive Authoring,authoring-and-learning-system.interactive-authoring.drop-down-list,Authoring Studio,learn,open-response,none,authoring,family,lesson-preset,generated-template,needs-review,P0,available,applicable-missing,applicable-missing,optional,not-applicable,not-applicable,applicable-missing,applicable-missing,Read the core idea for Drop-Down List. Inspect the visual or symbolic model. Answer the quick check. Choose the next resource.
623,/lessons/authoring-and-learning-system/623-dynamic-text,Dynamic Text,core,Authoring and Learning System,Interactive Authoring,authoring-and-learning-system.interactive-authoring.dynamic-text,Authoring Studio,learn,open-response,none,authoring,family,lesson-preset,generated-template,needs-review,P0,available,applicable-missing,applicable-missing,optional,not-applicable,not-applicable,applicable-missing,applicable-missing,Read the core idea for Dynamic Text. Inspect the visual or symbolic model. Answer the quick check. Choose the next resource.
624,/lessons/authoring-and-learning-system/624-formula-display,Formula Display,core,Authoring and Learning System,Interactive Authoring,authoring-and-learning-system.interactive-authoring.formula-display,Authoring Studio,learn,open-response,none,authoring,family,lesson-preset,generated-template,needs-review,P0,available,applicable-missing,applicable-missing,optional,not-applicable,not-applicable,applicable-missing,applicable-missing,Read the core idea for Formula Display. Inspect the visual or symbolic model. Answer the quick check. Choose the next resource.
625,/lessons/authoring-and-learning-system/625-image-object,Image Object,core,Authoring and Learning System,Interactive Authoring,authoring-and-learning-system.interactive-authoring.image-object,Authoring Studio,learn,open-response,none,authoring,family,lesson-preset,generated-template,needs-review,P0,available,applicable-missing,applicable-missing,optional,not-applicable,not-applicable,applicable-missing,applicable-missing,Read the core idea for Image Object. Inspect the visual or symbolic model. Answer the quick check. Choose the next resource.
626,/lessons/authoring-and-learning-system/626-audio-and-video,Audio and Video,core,Authoring and Learning System,Interactive Authoring,authoring-and-learning-system.interactive-authoring.audio-and-video,Authoring Studio,learn,open-response,none,authoring,family,lesson-preset,generated-template,needs-review,P0,available,applicable-missing,applicable-missing,optional,not-applicable,not-applicable,applicable-missing,applicable-missing,Read the core idea for Audio and Video. Inspect the visual or symbolic model. Answer the quick check. Choose the next resource.
627,/lessons/authoring-and-learning-system/627-pen-and-highlighter,Pen and Highlighter,core,Authoring and Learning System,Interactive Authoring,authoring-and-learning-system.interactive-authoring.pen-and-highlighter,Authoring Studio,learn,open-response,none,authoring,family,lesson-preset,generated-template,needs-review,P0,available,applicable-missing,applicable-missing,optional,not-applicable,not-applicable,applicable-missing,applicable-missing,Read the core idea for Pen and Highlighter. Inspect the visual or symbolic model. Answer the quick check. Choose the next resource.
628,/lessons/authoring-and-learning-system/628-tables,Tables,core,Authoring and Learning System,Interactive Authoring,authoring-and-learning-system.interactive-authoring.tables,Authoring Studio,learn,open-response,none,authoring,family,lesson-preset,generated-template,needs-review,P0,available,applicable-missing,applicable-missing,optional,not-applicable,not-applicable,applicable-missing,applicable-missing,Read the core idea for Tables. Inspect the visual or symbolic model. Answer the quick check. Choose the next resource.
629,/lessons/authoring-and-learning-system/629-multiple-pages,Multiple Pages,core,Authoring and Learning System,Interactive Authoring,authoring-and-learning-system.interactive-authoring.multiple-pages,Authoring Studio,learn,open-response,none,authoring,family,lesson-preset,generated-template,needs-review,P0,available,applicable-missing,applicable-missing,optional,not-applicable,not-applicable,applicable-missing,applicable-missing,Read the core idea for Multiple Pages. Inspect the visual or symbolic model. Answer the quick check. Choose the next resource.
630,/lessons/authoring-and-learning-system/630-reset-construction,Reset Construction,core,Authoring and Learning System,Interactive Authoring,authoring-and-learning-system.interactive-authoring.reset-construction,Authoring Studio,learn,construction|drag-and-observe,geometry-2d,authoring,family,lesson-preset,generated-template,needs-review,P0,available,applicable-missing,applicable-missing,applicable-missing,applicable-missing,not-applicable,applicable-missing,applicable-missing,Predict what will change. Drag or adjust one control. Observe the exact output. Explain the relationship.
631,/lessons/authoring-and-learning-system/631-undo-and-redo,Undo and Redo,core,Authoring and Learning System,Interactive Authoring,authoring-and-learning-system.interactive-authoring.undo-and-redo,Authoring Studio,learn,open-response,none,authoring,family,lesson-preset,generated-template,needs-review,P0,available,applicable-missing,applicable-missing,optional,not-applicable,not-applicable,applicable-missing,applicable-missing,Read the core idea for Undo and Redo. Inspect the visual or symbolic model. Answer the quick check. Choose the next resource.
632,/lessons/authoring-and-learning-system/632-object-locking,Object Locking,core,Authoring and Learning System,Interactive Authoring,authoring-and-learning-system.interactive-authoring.object-locking,Authoring Studio,learn,open-response,none,authoring,family,lesson-preset,generated-template,needs-review,P0,available,applicable-missing,applicable-missing,optional,not-applicable,not-applicable,applicable-missing,applicable-missing,Read the core idea for Object Locking. Inspect the visual or symbolic model. Answer the quick check. Choose the next resource.
633,/lessons/authoring-and-learning-system/633-conditional-feedback,Conditional Feedback,core,Authoring and Learning System,Interactive Authoring,authoring-and-learning-system.interactive-authoring.conditional-feedback,Authoring Studio,learn,open-response,none,authoring,family,lesson-preset,generated-template,needs-review,P0,available,applicable-missing,applicable-missing,optional,not-applicable,not-applicable,applicable-missing,applicable-missing,Read the core idea for Conditional Feedback. Inspect the visual or symbolic model. Answer the quick check. Choose the next resource.
634,/lessons/authoring-and-learning-system/634-custom-tool-builder,Custom Tool Builder,core,Authoring and Learning System,Interactive Authoring,authoring-and-learning-system.interactive-authoring.custom-tool-builder,Authoring Studio,learn,open-response,none,authoring,family,lesson-preset,generated-template,needs-review,P0,available,applicable-missing,applicable-missing,optional,not-applicable,not-applicable,applicable-missing,applicable-missing,Read the core idea for Custom Tool Builder. Inspect the visual or symbolic model. Answer the quick check. Choose the next resource.
635,/lessons/authoring-and-learning-system/635-command-library,Command Library,core,Authoring and Learning System,Interactive Authoring,authoring-and-learning-system.interactive-authoring.command-library,Authoring Studio,learn,open-response,none,authoring,family,lesson-preset,generated-template,needs-review,P0,available,applicable-missing,applicable-missing,optional,not-applicable,not-applicable,applicable-missing,applicable-missing,Read the core idea for Command Library. Inspect the visual or symbolic model. Answer the quick check. Choose the next resource.
636,/lessons/authoring-and-learning-system/636-object-scripting,Object Scripting,core,Authoring and Learning System,Interactive Authoring,authoring-and-learning-system.interactive-authoring.object-scripting,Authoring Studio,learn,open-response,none,authoring,family,lesson-preset,generated-template,needs-review,P0,available,applicable-missing,applicable-missing,optional,not-applicable,not-applicable,applicable-missing,applicable-missing,Read the core idea for Object Scripting. Inspect the visual or symbolic model. Answer the quick check. Choose the next resource.
637,/lessons/authoring-and-learning-system/637-randomisation,Randomisation,core,Authoring and Learning System,Interactive Authoring,authoring-and-learning-system.interactive-authoring.randomisation,Authoring Studio,learn,simulation,none,authoring,family,lesson-preset,generated-template,needs-review,P0,available,applicable-missing,applicable-missing,optional,not-applicable,not-applicable,applicable-missing,applicable-missing,Read the core idea for Randomisation. Inspect the visual or symbolic model. Answer the quick check. Choose the next resource.
638,/lessons/authoring-and-learning-system/638-automatic-checking,Automatic Checking,core,Authoring and Learning System,Interactive Authoring,authoring-and-learning-system.interactive-authoring.automatic-checking,Authoring Studio,learn,open-response,none,authoring,family,lesson-preset,generated-template,needs-review,P0,available,applicable-missing,applicable-missing,optional,not-applicable,not-applicable,applicable-missing,applicable-missing,Read the core idea for Automatic Checking. Inspect the visual or symbolic model. Answer the quick check. Choose the next resource.
639,/lessons/authoring-and-learning-system/639-import-and-export,Import and Export,core,Authoring and Learning System,Interactive Authoring,authoring-and-learning-system.interactive-authoring.import-and-export,Authoring Studio,learn,open-response,none,authoring,family,lesson-preset,generated-template,needs-review,P0,available,applicable-missing,applicable-missing,optional,not-applicable,not-applicable,applicable-missing,applicable-missing,Read the core idea for Import and Export. Inspect the visual or symbolic model. Answer the quick check. Choose the next resource.
640,/lessons/authoring-and-learning-system/640-concept-introduction,Concept Introduction,core,Authoring and Learning System,Lesson and Assessment Pages,authoring-and-learning-system.lesson-and-assessment-pages.concept-introduction,Learning Flow,assessment,slider|numeric-answer,none,learning,family,lesson-preset,generated-template,needs-review,P0,applicable-missing,applicable-missing,applicable-missing,optional,not-applicable,not-applicable,available,applicable-missing,Complete mixed items. Submit once ready. Review skill-level feedback. Open remediation links.
641,/lessons/authoring-and-learning-system/641-visualise,Visualise,core,Authoring and Learning System,Lesson and Assessment Pages,authoring-and-learning-system.lesson-and-assessment-pages.visualise,Learning Flow,assessment,slider|numeric-answer,none,learning,family,lesson-preset,generated-template,needs-review,P0,applicable-missing,applicable-missing,applicable-missing,optional,not-applicable,not-applicable,available,applicable-missing,Complete mixed items. Submit once ready. Review skill-level feedback. Open remediation links.
642,/lessons/authoring-and-learning-system/642-manipulative-laboratory,Manipulative Laboratory,core,Authoring and Learning System,Lesson and Assessment Pages,authoring-and-learning-system.lesson-and-assessment-pages.manipulative-laboratory,Learning Flow,assessment,slider|numeric-answer,none,learning,family,lesson-preset,generated-template,needs-review,P0,applicable-missing,applicable-missing,applicable-missing,optional,not-applicable,not-applicable,available,applicable-missing,Complete mixed items. Submit once ready. Review skill-level feedback. Open remediation links.
643,/lessons/authoring-and-learning-system/643-guided-exploration,Guided Exploration,core,Authoring and Learning System,Lesson and Assessment Pages,authoring-and-learning-system.lesson-and-assessment-pages.guided-exploration,Learning Flow,assessment,slider|numeric-answer,none,learning,family,lesson-preset,generated-template,needs-review,P0,applicable-missing,applicable-missing,applicable-missing,optional,not-applicable,not-applicable,available,applicable-missing,Complete mixed items. Submit once ready. Review skill-level feedback. Open remediation links.
644,/lessons/authoring-and-learning-system/644-predicttestexplain,Predict–Test–Explain,core,Authoring and Learning System,Lesson and Assessment Pages,authoring-and-learning-system.lesson-and-assessment-pages.predict-test-explain,Learning Flow,assessment,slider|numeric-answer,none,learning,family,lesson-preset,generated-template,needs-review,P0,applicable-missing,applicable-missing,applicable-missing,optional,not-applicable,not-applicable,available,applicable-missing,Complete mixed items. Submit once ready. Review skill-level feedback. Open remediation links.
645,/lessons/authoring-and-learning-system/645-worked-example,Worked Example,core,Authoring and Learning System,Lesson and Assessment Pages,authoring-and-learning-system.lesson-and-assessment-pages.worked-example,Learning Flow,assessment,slider|numeric-answer,none,learning,family,lesson-preset,generated-template,needs-review,P0,applicable-missing,applicable-missing,applicable-missing,optional,not-applicable,not-applicable,available,applicable-missing,Complete mixed items. Submit once ready. Review skill-level feedback. Open remediation links.
646,/lessons/authoring-and-learning-system/646-step-by-step-practice,Step-by-Step Practice,core,Authoring and Learning System,Lesson and Assessment Pages,authoring-and-learning-system.lesson-and-assessment-pages.step-by-step-practice,Learning Flow,practice,slider|numeric-answer,none,learning,family,lesson-preset,generated-template,needs-review,P0,applicable-missing,applicable-missing,available,optional,not-applicable,not-applicable,applicable-missing,applicable-missing,Review the method. Answer a deterministic question. Check with visual or symbolic verification. Try another value.
647,/lessons/authoring-and-learning-system/647-construction-challenge,Construction Challenge,core,Authoring and Learning System,Lesson and Assessment Pages,authoring-and-learning-system.lesson-and-assessment-pages.construction-challenge,Learning Flow,assessment,construction|slider|drag-and-observe|numeric-answer,geometry-2d,learning,family,lesson-preset,generated-template,needs-review,P0,applicable-missing,applicable-missing,applicable-missing,applicable-missing,applicable-missing,not-applicable,available,applicable-missing,Complete mixed items. Submit once ready. Review skill-level feedback. Open remediation links.
648,/lessons/authoring-and-learning-system/648-graph-matching,Graph Matching,core,Authoring and Learning System,Lesson and Assessment Pages,authoring-and-learning-system.lesson-and-assessment-pages.graph-matching,Learning Flow,assessment,graphing|slider|matching|numeric-answer,graph-2d,learning,family,lesson-preset,generated-template,needs-review,P0,applicable-missing,applicable-missing,applicable-missing,applicable-missing,applicable-missing,not-applicable,available,applicable-missing,Complete mixed items. Submit once ready. Review skill-level feedback. Open remediation links.
649,/lessons/authoring-and-learning-system/649-error-diagnosis,Error Diagnosis,core,Authoring and Learning System,Lesson and Assessment Pages,authoring-and-learning-system.lesson-and-assessment-pages.error-diagnosis,Learning Flow,assessment,slider|numeric-answer,none,learning,family,lesson-preset,generated-template,needs-review,P0,applicable-missing,applicable-missing,applicable-missing,optional,not-applicable,not-applicable,available,applicable-missing,Complete mixed items. Submit once ready. Review skill-level feedback. Open remediation links.
650,/lessons/authoring-and-learning-system/650-multiple-representations,Multiple Representations,core,Authoring and Learning System,Lesson and Assessment Pages,authoring-and-learning-system.lesson-and-assessment-pages.multiple-representations,Learning Flow,assessment,slider|numeric-answer,none,learning,family,lesson-preset,generated-template,needs-review,P0,applicable-missing,applicable-missing,applicable-missing,optional,not-applicable,not-applicable,available,applicable-missing,Complete mixed items. Submit once ready. Review skill-level feedback. Open remediation links.
651,/lessons/authoring-and-learning-system/651-real-world-application,Real-World Application,core,Authoring and Learning System,Lesson and Assessment Pages,authoring-and-learning-system.lesson-and-assessment-pages.real-world-application,Learning Flow,assessment,slider|numeric-answer,none,learning,family,lesson-preset,generated-template,needs-review,P0,applicable-missing,applicable-missing,applicable-missing,optional,not-applicable,not-applicable,available,applicable-missing,Complete mixed items. Submit once ready. Review skill-level feedback. Open remediation links.
652,/lessons/authoring-and-learning-system/652-open-investigation,Open Investigation,core,Authoring and Learning System,Lesson and Assessment Pages,authoring-and-learning-system.lesson-and-assessment-pages.open-investigation,Learning Flow,assessment,slider|numeric-answer,none,learning,family,lesson-preset,generated-template,needs-review,P0,applicable-missing,applicable-missing,applicable-missing,optional,not-applicable,not-applicable,available,applicable-missing,Complete mixed items. Submit once ready. Review skill-level feedback. Open remediation links.
653,/lessons/authoring-and-learning-system/653-dynamic-question-generator,Dynamic Question Generator,core,Authoring and Learning System,Lesson and Assessment Pages,authoring-and-learning-system.lesson-and-assessment-pages.dynamic-question-generator,Learning Flow,assessment,slider|numeric-answer,none,learning,family,lesson-preset,generated-template,needs-review,P0,applicable-missing,applicable-missing,applicable-missing,optional,not-applicable,not-applicable,available,applicable-missing,Complete mixed items. Submit once ready. Review skill-level feedback. Open remediation links.
654,/lessons/authoring-and-learning-system/654-mastery-challenge,Mastery Challenge,core,Authoring and Learning System,Lesson and Assessment Pages,authoring-and-learning-system.lesson-and-assessment-pages.mastery-challenge,Learning Flow,assessment,slider|numeric-answer,none,learning,family,lesson-preset,generated-template,needs-review,P0,applicable-missing,applicable-missing,applicable-missing,optional,not-applicable,not-applicable,available,applicable-missing,Complete mixed items. Submit once ready. Review skill-level feedback. Open remediation links.
655,/lessons/authoring-and-learning-system/655-exit-ticket,Exit Ticket,core,Authoring and Learning System,Lesson and Assessment Pages,authoring-and-learning-system.lesson-and-assessment-pages.exit-ticket,Learning Flow,assessment,slider|numeric-answer,none,learning,family,lesson-preset,generated-template,needs-review,P0,applicable-missing,applicable-missing,applicable-missing,optional,not-applicable,not-applicable,available,applicable-missing,Complete mixed items. Submit once ready. Review skill-level feedback. Open remediation links.
656,/lessons/authoring-and-learning-system/656-revision-summary,Revision Summary,core,Authoring and Learning System,Lesson and Assessment Pages,authoring-and-learning-system.lesson-and-assessment-pages.revision-summary,Learning Flow,assessment,slider|numeric-answer,none,learning,family,lesson-preset,generated-template,needs-review,P0,applicable-missing,applicable-missing,applicable-missing,optional,not-applicable,not-applicable,available,applicable-missing,Complete mixed items. Submit once ready. Review skill-level feedback. Open remediation links.
657,/lessons/platform-capabilities/657-drag-and-manipulate,Drag and Manipulate,core,Platform Capabilities,Common Tools and Accessibility,platform-capabilities.common-tools-and-accessibility.drag-and-manipulate,Platform Requirement,explore,drag-and-observe,none,platform,family,lesson-preset,generated-template,needs-review,P0,applicable-missing,available,applicable-missing,optional,not-applicable,not-applicable,applicable-missing,applicable-missing,Predict what will change. Drag or adjust one control. Observe the exact output. Explain the relationship.
658,/lessons/platform-capabilities/658-zoom-and-pan,Zoom and Pan,core,Platform Capabilities,Common Tools and Accessibility,platform-capabilities.common-tools-and-accessibility.zoom-and-pan,Platform Requirement,learn,drag-and-observe,none,platform,family,lesson-preset,generated-template,needs-review,P0,available,applicable-missing,applicable-missing,optional,not-applicable,not-applicable,applicable-missing,applicable-missing,Predict what will change. Drag or adjust one control. Observe the exact output. Explain the relationship.
659,/lessons/platform-capabilities/659-reset-view,Reset View,core,Platform Capabilities,Common Tools and Accessibility,platform-capabilities.common-tools-and-accessibility.reset-view,Platform Requirement,learn,drag-and-observe,none,platform,family,lesson-preset,generated-template,needs-review,P0,available,applicable-missing,applicable-missing,optional,not-applicable,not-applicable,applicable-missing,applicable-missing,Predict what will change. Drag or adjust one control. Observe the exact output. Explain the relationship.
660,/lessons/platform-capabilities/660-undo-and-redo,Undo and Redo,core,Platform Capabilities,Common Tools and Accessibility,platform-capabilities.common-tools-and-accessibility.undo-and-redo,Platform Requirement,learn,drag-and-observe,none,platform,family,lesson-preset,generated-template,needs-review,P0,available,applicable-missing,applicable-missing,optional,not-applicable,not-applicable,applicable-missing,applicable-missing,Predict what will change. Drag or adjust one control. Observe the exact output. Explain the relationship.
661,/lessons/platform-capabilities/661-animation-player,Animation Player,core,Platform Capabilities,Common Tools and Accessibility,platform-capabilities.common-tools-and-accessibility.animation-player,Platform Requirement,learn,drag-and-observe|animation,none,platform,family,lesson-preset,generated-template,needs-review,P0,available,applicable-missing,applicable-missing,optional,not-applicable,not-applicable,applicable-missing,applicable-missing,Predict what will change. Drag or adjust one control. Observe the exact output. Explain the relationship.
662,/lessons/platform-capabilities/662-snap-controls,Snap Controls,core,Platform Capabilities,Common Tools and Accessibility,platform-capabilities.common-tools-and-accessibility.snap-controls,Platform Requirement,learn,drag-and-observe,none,platform,family,lesson-preset,generated-template,needs-review,P0,available,applicable-missing,applicable-missing,optional,not-applicable,not-applicable,applicable-missing,applicable-missing,Predict what will change. Drag or adjust one control. Observe the exact output. Explain the relationship.
663,/lessons/platform-capabilities/663-trace-and-locus,Trace and Locus,core,Platform Capabilities,Common Tools and Accessibility,platform-capabilities.common-tools-and-accessibility.trace-and-locus,Platform Requirement,learn,drag-and-observe,none,platform,family,lesson-preset,generated-template,needs-review,P0,available,applicable-missing,applicable-missing,optional,not-applicable,not-applicable,applicable-missing,applicable-missing,Predict what will change. Drag or adjust one control. Observe the exact output. Explain the relationship.
664,/lessons/platform-capabilities/664-exact-and-decimal-output,Exact and Decimal Output,core,Platform Capabilities,Common Tools and Accessibility,platform-capabilities.common-tools-and-accessibility.exact-and-decimal-output,Platform Requirement,learn,drag-and-observe,none,platform,family,lesson-preset,generated-template,needs-review,P0,available,applicable-missing,applicable-missing,optional,not-applicable,not-applicable,applicable-missing,applicable-missing,Predict what will change. Drag or adjust one control. Observe the exact output. Explain the relationship.
665,/lessons/platform-capabilities/665-linked-views,Linked Views,core,Platform Capabilities,Common Tools and Accessibility,platform-capabilities.common-tools-and-accessibility.linked-views,Platform Requirement,learn,drag-and-observe,none,platform,family,lesson-preset,generated-template,needs-review,P0,available,applicable-missing,applicable-missing,optional,not-applicable,not-applicable,applicable-missing,applicable-missing,Predict what will change. Drag or adjust one control. Observe the exact output. Explain the relationship.
666,/lessons/platform-capabilities/666-save-duplicate-and-share,"Save, Duplicate and Share",core,Platform Capabilities,Common Tools and Accessibility,platform-capabilities.common-tools-and-accessibility.save-duplicate-and-share,Platform Requirement,learn,drag-and-observe,none,platform,family,lesson-preset,generated-template,needs-review,P0,available,applicable-missing,applicable-missing,optional,not-applicable,not-applicable,applicable-missing,applicable-missing,Predict what will change. Drag or adjust one control. Observe the exact output. Explain the relationship.
667,/lessons/platform-capabilities/667-export,Export,core,Platform Capabilities,Common Tools and Accessibility,platform-capabilities.common-tools-and-accessibility.export,Platform Requirement,learn,drag-and-observe,none,platform,family,lesson-preset,generated-template,needs-review,P0,available,applicable-missing,applicable-missing,optional,not-applicable,not-applicable,applicable-missing,applicable-missing,Predict what will change. Drag or adjust one control. Observe the exact output. Explain the relationship.
668,/lessons/platform-capabilities/668-teacher-presentation-mode,Teacher Presentation Mode,core,Platform Capabilities,Common Tools and Accessibility,platform-capabilities.common-tools-and-accessibility.teacher-presentation-mode,Platform Requirement,learn,drag-and-observe,none,platform,family,lesson-preset,generated-template,needs-review,P0,available,applicable-missing,applicable-missing,optional,not-applicable,not-applicable,applicable-missing,applicable-missing,Predict what will change. Drag or adjust one control. Observe the exact output. Explain the relationship.
669,/lessons/platform-capabilities/669-learner-practice-mode,Learner Practice Mode,core,Platform Capabilities,Common Tools and Accessibility,platform-capabilities.common-tools-and-accessibility.learner-practice-mode,Platform Requirement,practice,drag-and-observe|numeric-answer,none,platform,family,lesson-preset,generated-template,needs-review,P0,applicable-missing,applicable-missing,available,optional,not-applicable,not-applicable,applicable-missing,applicable-missing,Review the method. Answer a deterministic question. Check with visual or symbolic verification. Try another value.
670,/lessons/platform-capabilities/670-exam-mode,Exam Mode,core,Platform Capabilities,Common Tools and Accessibility,platform-capabilities.common-tools-and-accessibility.exam-mode,Platform Requirement,assessment,drag-and-observe,none,platform,family,lesson-preset,generated-template,needs-review,P0,applicable-missing,applicable-missing,applicable-missing,optional,not-applicable,not-applicable,available,applicable-missing,Complete mixed items. Submit once ready. Review skill-level feedback. Open remediation links.
671,/lessons/platform-capabilities/671-keyboard-navigation,Keyboard Navigation,core,Platform Capabilities,Common Tools and Accessibility,platform-capabilities.common-tools-and-accessibility.keyboard-navigation,Platform Requirement,learn,drag-and-observe,none,platform,family,lesson-preset,generated-template,needs-review,P0,available,applicable-missing,applicable-missing,optional,not-applicable,not-applicable,applicable-missing,applicable-missing,Predict what will change. Drag or adjust one control. Observe the exact output. Explain the relationship.
672,/lessons/platform-capabilities/672-screen-reader-support,Screen Reader Support,core,Platform Capabilities,Common Tools and Accessibility,platform-capabilities.common-tools-and-accessibility.screen-reader-support,Platform Requirement,learn,drag-and-observe,none,platform,family,lesson-preset,generated-template,needs-review,P0,available,applicable-missing,applicable-missing,optional,not-applicable,not-applicable,applicable-missing,applicable-missing,Predict what will change. Drag or adjust one control. Observe the exact output. Explain the relationship.
673,/lessons/platform-capabilities/673-high-contrast-and-large-text,High Contrast and Large Text,core,Platform Capabilities,Common Tools and Accessibility,platform-capabilities.common-tools-and-accessibility.high-contrast-and-large-text,Platform Requirement,learn,drag-and-observe,none,platform,family,lesson-preset,generated-template,needs-review,P0,available,applicable-missing,applicable-missing,optional,not-applicable,not-applicable,applicable-missing,applicable-missing,Predict what will change. Drag or adjust one control. Observe the exact output. Explain the relationship.
674,/lessons/platform-capabilities/674-multi-language-terminology,Multi-Language Terminology,core,Platform Capabilities,Common Tools and Accessibility,platform-capabilities.common-tools-and-accessibility.multi-language-terminology,Platform Requirement,learn,drag-and-observe,none,platform,family,lesson-preset,generated-template,needs-review,P0,available,applicable-missing,applicable-missing,optional,not-applicable,not-applicable,applicable-missing,applicable-missing,Predict what will change. Drag or adjust one control. Observe the exact output. Explain the relationship.
39,/lessons/graphs-and-functions/39-cartesian-graphing,Cartesian Graphing,core,Graphs and Functions,2D Graphing Calculator,graphs-and-functions.2d-graphing-calculator.cartesian-graphing,Graph Explorer,investigation,graphing|slider,graph-2d,graph,family,lesson-preset,generated-template,needs-review,P0,applicable-missing,applicable-missing,applicable-missing,applicable-missing,available,not-applicable,applicable-missing,applicable-missing,Predict what will change. Drag or adjust one control. Observe the exact output. Explain the relationship.
40,/lessons/graphs-and-functions/40-function-plotter,Function Plotter,core,Graphs and Functions,2D Graphing Calculator,graphs-and-functions.2d-graphing-calculator.function-plotter,Graph Explorer,investigation,graphing|slider,graph-2d,graph,family,lesson-preset,generated-template,needs-review,P0,applicable-missing,applicable-missing,applicable-missing,applicable-missing,available,not-applicable,applicable-missing,applicable-missing,Predict what will change. Drag or adjust one control. Observe the exact output. Explain the relationship.
41,/lessons/graphs-and-functions/41-equation-grapher,Equation Grapher,core,Graphs and Functions,2D Graphing Calculator,graphs-and-functions.2d-graphing-calculator.equation-grapher,Graph Explorer,investigation,cas|slider,cas-data,graph,family,lesson-preset,generated-template,needs-review,P0,applicable-missing,applicable-missing,applicable-missing,applicable-missing,available,not-applicable,applicable-missing,applicable-missing,Predict what will change. Drag or adjust one control. Observe the exact output. Explain the relationship.
42,/lessons/graphs-and-functions/42-inequality-grapher,Inequality Grapher,core,Graphs and Functions,2D Graphing Calculator,graphs-and-functions.2d-graphing-calculator.inequality-grapher,Graph Explorer,investigation,graphing|slider,graph-2d,graph,family,lesson-preset,generated-template,needs-review,P0,applicable-missing,applicable-missing,applicable-missing,applicable-missing,available,not-applicable,applicable-missing,applicable-missing,Predict what will change. Drag or adjust one control. Observe the exact output. Explain the relationship.
43,/lessons/graphs-and-functions/43-parametric-curves,Parametric Curves,core,Graphs and Functions,2D Graphing Calculator,graphs-and-functions.2d-graphing-calculator.parametric-curves,Graph Explorer,investigation,graphing|slider,graph-2d,graph,family,lesson-preset,generated-template,needs-review,P0,applicable-missing,applicable-missing,applicable-missing,applicable-missing,available,not-applicable,applicable-missing,applicable-missing,Predict what will change. Drag or adjust one control. Observe the exact output. Explain the relationship.
44,/lessons/graphs-and-functions/44-polar-graphs,Polar Graphs,core,Graphs and Functions,2D Graphing Calculator,graphs-and-functions.2d-graphing-calculator.polar-graphs,Graph Explorer,investigation,graphing|slider,graph-2d,graph,family,lesson-preset,generated-template,needs-review,P0,applicable-missing,applicable-missing,applicable-missing,applicable-missing,available,not-applicable,applicable-missing,applicable-missing,Predict what will change. Drag or adjust one control. Observe the exact output. Explain the relationship.
45,/lessons/graphs-and-functions/45-point-plotter,Point Plotter,core,Graphs and Functions,2D Graphing Calculator,graphs-and-functions.2d-graphing-calculator.point-plotter,Graph Explorer,investigation,graphing|slider|drag-and-observe,graph-2d,graph,family,lesson-preset,generated-template,needs-review,P0,applicable-missing,applicable-missing,applicable-missing,applicable-missing,available,not-applicable,applicable-missing,applicable-missing,Predict what will change. Drag or adjust one control. Observe the exact output. Explain the relationship.
46,/lessons/graphs-and-functions/46-data-plotter,Data Plotter,core,Graphs and Functions,2D Graphing Calculator,graphs-and-functions.2d-graphing-calculator.data-plotter,Graph Explorer,investigation,graphing|slider,graph-2d,graph,family,lesson-preset,generated-template,needs-review,P0,applicable-missing,applicable-missing,applicable-missing,applicable-missing,available,not-applicable,applicable-missing,applicable-missing,Predict what will change. Drag or adjust one control. Observe the exact output. Explain the relationship.
47,/lessons/graphs-and-functions/47-table-of-values,Table of Values,core,Graphs and Functions,2D Graphing Calculator,graphs-and-functions.2d-graphing-calculator.table-of-values,Graph Explorer,investigation,graphing|slider,graph-2d,graph,family,lesson-preset,generated-template,needs-review,P0,applicable-missing,applicable-missing,applicable-missing,applicable-missing,available,not-applicable,applicable-missing,applicable-missing,Predict what will change. Drag or adjust one control. Observe the exact output. Explain the relationship.
48,/lessons/graphs-and-functions/48-trace-mode,Trace Mode,core,Graphs and Functions,2D Graphing Calculator,graphs-and-functions.2d-graphing-calculator.trace-mode,Graph Explorer,investigation,graphing|slider,graph-2d,graph,family,lesson-preset,generated-template,needs-review,P0,applicable-missing,applicable-missing,applicable-missing,applicable-missing,available,not-applicable,applicable-missing,applicable-missing,Predict what will change. Drag or adjust one control. Observe the exact output. Explain the relationship.
49,/lessons/graphs-and-functions/49-zoom-and-pan,Zoom and Pan,core,Graphs and Functions,2D Graphing Calculator,graphs-and-functions.2d-graphing-calculator.zoom-and-pan,Graph Explorer,investigation,graphing|slider,graph-2d,graph,family,lesson-preset,generated-template,needs-review,P0,applicable-missing,applicable-missing,applicable-missing,applicable-missing,available,not-applicable,applicable-missing,applicable-missing,Predict what will change. Drag or adjust one control. Observe the exact output. Explain the relationship.
50,/lessons/graphs-and-functions/50-axis-controls,Axis Controls,core,Graphs and Functions,2D Graphing Calculator,graphs-and-functions.2d-graphing-calculator.axis-controls,Graph Explorer,investigation,graphing|slider,graph-2d,graph,family,lesson-preset,generated-template,needs-review,P0,applicable-missing,applicable-missing,applicable-missing,applicable-missing,available,not-applicable,applicable-missing,applicable-missing,Predict what will change. Drag or adjust one control. Observe the exact output. Explain the relationship.
51,/lessons/graphs-and-functions/51-grid-controls,Grid Controls,core,Graphs and Functions,2D Graphing Calculator,graphs-and-functions.2d-graphing-calculator.grid-controls,Graph Explorer,investigation,graphing|slider,graph-2d,graph,family,lesson-preset,generated-template,needs-review,P0,applicable-missing,applicable-missing,applicable-missing,applicable-missing,available,not-applicable,applicable-missing,applicable-missing,Predict what will change. Drag or adjust one control. Observe the exact output. Explain the relationship.
52,/lessons/graphs-and-functions/52-multiple-graphics-views,Multiple Graphics Views,core,Graphs and Functions,2D Graphing Calculator,graphs-and-functions.2d-graphing-calculator.multiple-graphics-views,Graph Explorer,investigation,graphing|slider,graph-2d,graph,family,lesson-preset,generated-template,needs-review,P0,applicable-missing,applicable-missing,applicable-missing,applicable-missing,available,not-applicable,applicable-missing,applicable-missing,Predict what will change. Drag or adjust one control. Observe the exact output. Explain the relationship.
53,/lessons/graphs-and-functions/53-special-points,Special Points,core,Graphs and Functions,2D Graphing Calculator,graphs-and-functions.2d-graphing-calculator.special-points,Graph Explorer,investigation,graphing|slider|drag-and-observe,graph-2d,graph,family,lesson-preset,generated-template,needs-review,P0,applicable-missing,applicable-missing,applicable-missing,applicable-missing,available,not-applicable,applicable-missing,applicable-missing,Predict what will change. Drag or adjust one control. Observe the exact output. Explain the relationship.
54,/lessons/graphs-and-functions/54-graph-inspector,Graph Inspector,core,Graphs and Functions,2D Graphing Calculator,graphs-and-functions.2d-graphing-calculator.graph-inspector,Graph Explorer,investigation,graphing|slider,graph-2d,graph,family,lesson-preset,generated-template,needs-review,P0,applicable-missing,applicable-missing,applicable-missing,applicable-missing,available,not-applicable,applicable-missing,applicable-missing,Predict what will change. Drag or adjust one control. Observe the exact output. Explain the relationship.
55,/lessons/graphs-and-functions/55-dynamic-parameters,Dynamic Parameters,core,Graphs and Functions,2D Graphing Calculator,graphs-and-functions.2d-graphing-calculator.dynamic-parameters,Graph Explorer,investigation,graphing|slider,graph-2d,graph,family,lesson-preset,generated-template,needs-review,P0,applicable-missing,applicable-missing,applicable-missing,applicable-missing,available,not-applicable,applicable-missing,applicable-missing,Predict what will change. Drag or adjust one control. Observe the exact output. Explain the relationship.
56,/lessons/graphs-and-functions/56-export-graph,Export Graph,core,Graphs and Functions,2D Graphing Calculator,graphs-and-functions.2d-graphing-calculator.export-graph,Graph Explorer,investigation,graphing|slider,graph-2d,graph,family,lesson-preset,generated-template,needs-review,P0,applicable-missing,applicable-missing,applicable-missing,applicable-missing,available,not-applicable,applicable-missing,applicable-missing,Predict what will change. Drag or adjust one control. Observe the exact output. Explain the relationship.
92,/lessons/algebra/92-algebra-tiles,Algebra Tiles,core,Algebra,Expressions and Manipulation,algebra.expressions-and-manipulation.algebra-tiles,Worked Example + Practice,practice,cas|slider|animation,cas-data,algebra-cas,family,lesson-preset,generated-template,needs-review,P0,applicable-missing,applicable-missing,available,applicable-missing,applicable-missing,not-applicable,applicable-missing,applicable-missing,Review the method. Answer a deterministic question. Check with visual or symbolic verification. Try another value.
93,/lessons/algebra/93-like-terms,Like Terms,core,Algebra,Expressions and Manipulation,algebra.expressions-and-manipulation.like-terms,Worked Example + Practice,practice,cas|slider|animation,cas-data,algebra-cas,family,lesson-preset,generated-template,needs-review,P0,applicable-missing,applicable-missing,available,applicable-missing,applicable-missing,not-applicable,applicable-missing,applicable-missing,Review the method. Answer a deterministic question. Check with visual or symbolic verification. Try another value.
94,/lessons/algebra/94-substitution,Substitution,core,Algebra,Expressions and Manipulation,algebra.expressions-and-manipulation.substitution,Worked Example + Practice,practice,cas|slider|animation,cas-data,algebra-cas,family,lesson-preset,generated-template,needs-review,P0,applicable-missing,applicable-missing,available,applicable-missing,applicable-missing,not-applicable,applicable-missing,applicable-missing,Review the method. Answer a deterministic question. Check with visual or symbolic verification. Try another value.
95,/lessons/algebra/95-expanding-brackets,Expanding Brackets,core,Algebra,Expressions and Manipulation,algebra.expressions-and-manipulation.expanding-brackets,Worked Example + Practice,practice,cas|slider|animation,cas-data,algebra-cas,family,lesson-preset,generated-template,needs-review,P0,applicable-missing,applicable-missing,available,applicable-missing,applicable-missing,not-applicable,applicable-missing,applicable-missing,Review the method. Answer a deterministic question. Check with visual or symbolic verification. Try another value.
96,/lessons/algebra/96-double-brackets,Double Brackets,core,Algebra,Expressions and Manipulation,algebra.expressions-and-manipulation.double-brackets,Worked Example + Practice,practice,cas|slider|animation,cas-data,algebra-cas,family,lesson-preset,generated-template,needs-review,P0,applicable-missing,applicable-missing,available,applicable-missing,applicable-missing,not-applicable,applicable-missing,applicable-missing,Review the method. Answer a deterministic question. Check with visual or symbolic verification. Try another value.
97,/lessons/algebra/97-factorisation,Factorisation,core,Algebra,Expressions and Manipulation,algebra.expressions-and-manipulation.factorisation,Worked Example + Practice,practice,cas|slider|animation,cas-data,algebra-cas,family,lesson-preset,generated-template,needs-review,P0,applicable-missing,applicable-missing,available,applicable-missing,applicable-missing,not-applicable,applicable-missing,applicable-missing,Review the method. Answer a deterministic question. Check with visual or symbolic verification. Try another value.
98,/lessons/algebra/98-algebraic-fractions,Algebraic Fractions,core,Algebra,Expressions and Manipulation,algebra.expressions-and-manipulation.algebraic-fractions,Worked Example + Practice,practice,cas|slider|animation,cas-data,algebra-cas,family,lesson-preset,generated-template,needs-review,P0,applicable-missing,applicable-missing,available,applicable-missing,applicable-missing,not-applicable,applicable-missing,applicable-missing,Review the method. Answer a deterministic question. Check with visual or symbolic verification. Try another value.
99,/lessons/algebra/99-indices,Indices,core,Algebra,Expressions and Manipulation,algebra.expressions-and-manipulation.indices,Worked Example + Practice,practice,cas|slider|animation|simulation,cas-data,algebra-cas,family,lesson-preset,generated-template,needs-review,P0,applicable-missing,applicable-missing,available,applicable-missing,applicable-missing,not-applicable,applicable-missing,applicable-missing,Review the method. Answer a deterministic question. Check with visual or symbolic verification. Try another value.
100,/lessons/algebra/100-surds,Surds,core,Algebra,Expressions and Manipulation,algebra.expressions-and-manipulation.surds,Worked Example + Practice,practice,cas|slider|animation,cas-data,algebra-cas,family,lesson-preset,generated-template,needs-review,P0,applicable-missing,applicable-missing,available,applicable-missing,applicable-missing,not-applicable,applicable-missing,applicable-missing,Review the method. Answer a deterministic question. Check with visual or symbolic verification. Try another value.
101,/lessons/algebra/101-rationalisation,Rationalisation,core,Algebra,Expressions and Manipulation,algebra.expressions-and-manipulation.rationalisation,Worked Example + Practice,practice,cas|slider|animation,cas-data,algebra-cas,family,lesson-preset,generated-template,needs-review,P0,applicable-missing,applicable-missing,available,applicable-missing,applicable-missing,not-applicable,applicable-missing,applicable-missing,Review the method. Answer a deterministic question. Check with visual or symbolic verification. Try another value.
102,/lessons/algebra/102-polynomial-operations,Polynomial Operations,core,Algebra,Expressions and Manipulation,algebra.expressions-and-manipulation.polynomial-operations,Worked Example + Practice,practice,cas|slider|animation,cas-data,algebra-cas,family,lesson-preset,generated-template,needs-review,P0,applicable-missing,applicable-missing,available,applicable-missing,applicable-missing,not-applicable,applicable-missing,applicable-missing,Review the method. Answer a deterministic question. Check with visual or symbolic verification. Try another value.
103,/lessons/algebra/103-synthetic-division,Synthetic Division,core,Algebra,Expressions and Manipulation,algebra.expressions-and-manipulation.synthetic-division,Worked Example + Practice,practice,cas|slider|animation,cas-data,algebra-cas,family,lesson-preset,generated-template,needs-review,P0,applicable-missing,applicable-missing,available,applicable-missing,applicable-missing,not-applicable,applicable-missing,applicable-missing,Review the method. Answer a deterministic question. Check with visual or symbolic verification. Try another value.
104,/lessons/algebra/104-remainder-theorem,Remainder Theorem,core,Algebra,Expressions and Manipulation,algebra.expressions-and-manipulation.remainder-theorem,Worked Example + Practice,visual-proof,cas|slider|animation|open-response,cas-data,algebra-cas,family,theorem-specific,family-specific,needs-review,P0,applicable-missing,applicable-missing,applicable-missing,applicable-missing,applicable-missing,available,applicable-missing,applicable-missing,State the theorem and identify given/fixed objects. Predict the invariant before manipulating the diagram. Manipulate the construction and record measurements. Bridge the visual invariant to the formal proof.
105,/lessons/algebra/105-factor-theorem,Factor Theorem,core,Algebra,Expressions and Manipulation,algebra.expressions-and-manipulation.factor-theorem,Worked Example + Practice,visual-proof,cas|slider|animation|open-response,cas-data,algebra-cas,family,theorem-specific,family-specific,needs-review,P0,applicable-missing,applicable-missing,applicable-missing,applicable-missing,applicable-missing,available,applicable-missing,applicable-missing,State the theorem and identify given/fixed objects. Predict the invariant before manipulating the diagram. Manipulate the construction and record measurements. Bridge the visual invariant to the formal proof.
106,/lessons/algebra/106-identities,Identities,core,Algebra,Expressions and Manipulation,algebra.expressions-and-manipulation.identities,Worked Example + Practice,practice,cas|slider|animation,cas-data,algebra-cas,family,lesson-preset,generated-template,needs-review,P0,applicable-missing,applicable-missing,available,applicable-missing,applicable-missing,not-applicable,applicable-missing,applicable-missing,Review the method. Answer a deterministic question. Check with visual or symbolic verification. Try another value.
107,/lessons/algebra/107-one-step-equations,One-Step Equations,core,Algebra,Equations and Inequalities,algebra.equations-and-inequalities.one-step-equations,Guided Practice,practice,cas|slider|animation,cas-data,algebra-cas,family,lesson-preset,generated-template,needs-review,P0,applicable-missing,applicable-missing,available,applicable-missing,applicable-missing,not-applicable,applicable-missing,applicable-missing,Review the method. Answer a deterministic question. Check with visual or symbolic verification. Try another value.
108,/lessons/algebra/108-multi-step-equations,Multi-Step Equations,core,Algebra,Equations and Inequalities,algebra.equations-and-inequalities.multi-step-equations,Guided Practice,practice,cas|slider|animation,cas-data,algebra-cas,family,lesson-preset,generated-template,needs-review,P0,applicable-missing,applicable-missing,available,applicable-missing,applicable-missing,not-applicable,applicable-missing,applicable-missing,Review the method. Answer a deterministic question. Check with visual or symbolic verification. Try another value.
109,/lessons/algebra/109-equations-with-fractions,Equations with Fractions,core,Algebra,Equations and Inequalities,algebra.equations-and-inequalities.equations-with-fractions,Guided Practice,practice,cas|slider|animation,cas-data,algebra-cas,family,lesson-preset,generated-template,needs-review,P0,applicable-missing,applicable-missing,available,applicable-missing,applicable-missing,not-applicable,applicable-missing,applicable-missing,Review the method. Answer a deterministic question. Check with visual or symbolic verification. Try another value.
110,/lessons/algebra/110-literal-equations,Literal Equations,core,Algebra,Equations and Inequalities,algebra.equations-and-inequalities.literal-equations,Guided Practice,practice,cas|slider|animation,cas-data,algebra-cas,family,lesson-preset,generated-template,needs-review,P0,applicable-missing,applicable-missing,available,applicable-missing,applicable-missing,not-applicable,applicable-missing,applicable-missing,Review the method. Answer a deterministic question. Check with visual or symbolic verification. Try another value.
111,/lessons/algebra/111-linear-equations,Linear Equations,core,Algebra,Equations and Inequalities,algebra.equations-and-inequalities.linear-equations,Guided Practice,practice,cas|slider|animation,cas-data,algebra-cas,family,lesson-preset,generated-template,needs-review,P0,applicable-missing,applicable-missing,available,applicable-missing,applicable-missing,not-applicable,applicable-missing,applicable-missing,Review the method. Answer a deterministic question. Check with visual or symbolic verification. Try another value.
112,/lessons/algebra/112-simultaneous-linear-equations,Simultaneous Linear Equations,core,Algebra,Equations and Inequalities,algebra.equations-and-inequalities.simultaneous-linear-equations,Guided Practice,practice,cas|slider|animation,cas-data,algebra-cas,family,lesson-preset,generated-template,needs-review,P0,applicable-missing,applicable-missing,available,applicable-missing,applicable-missing,not-applicable,applicable-missing,applicable-missing,Review the method. Answer a deterministic question. Check with visual or symbolic verification. Try another value.
113,/lessons/algebra/113-three-variable-systems,Three-Variable Systems,core,Algebra,Equations and Inequalities,algebra.equations-and-inequalities.three-variable-systems,Guided Practice,practice,cas|slider|animation,cas-data,algebra-cas,family,lesson-preset,generated-template,needs-review,P0,applicable-missing,applicable-missing,available,applicable-missing,applicable-missing,not-applicable,applicable-missing,applicable-missing,Review the method. Answer a deterministic question. Check with visual or symbolic verification. Try another value.
114,/lessons/algebra/114-quadratic-equations,Quadratic Equations,core,Algebra,Equations and Inequalities,algebra.equations-and-inequalities.quadratic-equations,Guided Practice,practice,cas|slider|animation,cas-data,algebra-cas,family,lesson-preset,generated-template,needs-review,P0,applicable-missing,applicable-missing,available,applicable-missing,applicable-missing,not-applicable,applicable-missing,applicable-missing,Review the method. Answer a deterministic question. Check with visual or symbolic verification. Try another value.
115,/lessons/algebra/115-polynomial-equations,Polynomial Equations,core,Algebra,Equations and Inequalities,algebra.equations-and-inequalities.polynomial-equations,Guided Practice,practice,cas|slider|animation,cas-data,algebra-cas,family,lesson-preset,generated-template,needs-review,P0,applicable-missing,applicable-missing,available,applicable-missing,applicable-missing,not-applicable,applicable-missing,applicable-missing,Review the method. Answer a deterministic question. Check with visual or symbolic verification. Try another value.
116,/lessons/algebra/116-rational-equations,Rational Equations,core,Algebra,Equations and Inequalities,algebra.equations-and-inequalities.rational-equations,Guided Practice,practice,cas|slider|animation,cas-data,algebra-cas,family,lesson-preset,generated-template,needs-review,P0,applicable-missing,applicable-missing,available,applicable-missing,applicable-missing,not-applicable,applicable-missing,applicable-missing,Review the method. Answer a deterministic question. Check with visual or symbolic verification. Try another value.
117,/lessons/algebra/117-radical-equations,Radical Equations,core,Algebra,Equations and Inequalities,algebra.equations-and-inequalities.radical-equations,Guided Practice,practice,cas|slider|animation,cas-data,algebra-cas,family,lesson-preset,generated-template,needs-review,P0,applicable-missing,applicable-missing,available,applicable-missing,applicable-missing,not-applicable,applicable-missing,applicable-missing,Review the method. Answer a deterministic question. Check with visual or symbolic verification. Try another value.
118,/lessons/algebra/118-exponential-equations,Exponential Equations,core,Algebra,Equations and Inequalities,algebra.equations-and-inequalities.exponential-equations,Guided Practice,practice,cas|slider|animation,cas-data,algebra-cas,family,lesson-preset,generated-template,needs-review,P0,applicable-missing,applicable-missing,available,applicable-missing,applicable-missing,not-applicable,applicable-missing,applicable-missing,Review the method. Answer a deterministic question. Check with visual or symbolic verification. Try another value.
119,/lessons/algebra/119-logarithmic-equations,Logarithmic Equations,core,Algebra,Equations and Inequalities,algebra.equations-and-inequalities.logarithmic-equations,Guided Practice,practice,cas|slider|animation,cas-data,algebra-cas,family,lesson-preset,generated-template,needs-review,P0,applicable-missing,applicable-missing,available,applicable-missing,applicable-missing,not-applicable,applicable-missing,applicable-missing,Review the method. Answer a deterministic question. Check with visual or symbolic verification. Try another value.
120,/lessons/algebra/120-trigonometric-equations,Trigonometric Equations,core,Algebra,Equations and Inequalities,algebra.equations-and-inequalities.trigonometric-equations,Guided Practice,practice,cas|slider|animation,cas-data,algebra-cas,family,lesson-preset,generated-template,needs-review,P0,applicable-missing,applicable-missing,available,applicable-missing,applicable-missing,not-applicable,applicable-missing,applicable-missing,Review the method. Answer a deterministic question. Check with visual or symbolic verification. Try another value.
121,/lessons/algebra/121-absolute-value-equations,Absolute-Value Equations,core,Algebra,Equations and Inequalities,algebra.equations-and-inequalities.absolute-value-equations,Guided Practice,practice,cas|slider|animation,cas-data,algebra-cas,family,lesson-preset,generated-template,needs-review,P0,applicable-missing,applicable-missing,available,applicable-missing,applicable-missing,not-applicable,applicable-missing,applicable-missing,Review the method. Answer a deterministic question. Check with visual or symbolic verification. Try another value.
122,/lessons/algebra/122-linear-inequalities,Linear Inequalities,core,Algebra,Equations and Inequalities,algebra.equations-and-inequalities.linear-inequalities,Guided Practice,practice,cas|slider|animation,cas-data,algebra-cas,family,lesson-preset,generated-template,needs-review,P0,applicable-missing,applicable-missing,available,applicable-missing,applicable-missing,not-applicable,applicable-missing,applicable-missing,Review the method. Answer a deterministic question. Check with visual or symbolic verification. Try another value.
123,/lessons/algebra/123-compound-inequalities,Compound Inequalities,core,Algebra,Equations and Inequalities,algebra.equations-and-inequalities.compound-inequalities,Guided Practice,practice,cas|slider|animation,cas-data,algebra-cas,family,lesson-preset,generated-template,needs-review,P0,applicable-missing,applicable-missing,available,applicable-missing,applicable-missing,not-applicable,applicable-missing,applicable-missing,Review the method. Answer a deterministic question. Check with visual or symbolic verification. Try another value.
124,/lessons/algebra/124-quadratic-inequalities,Quadratic Inequalities,core,Algebra,Equations and Inequalities,algebra.equations-and-inequalities.quadratic-inequalities,Guided Practice,practice,cas|slider|animation,cas-data,algebra-cas,family,lesson-preset,generated-template,needs-review,P0,applicable-missing,applicable-missing,available,applicable-missing,applicable-missing,not-applicable,applicable-missing,applicable-missing,Review the method. Answer a deterministic question. Check with visual or symbolic verification. Try another value.
125,/lessons/algebra/125-polynomial-inequalities,Polynomial Inequalities,core,Algebra,Equations and Inequalities,algebra.equations-and-inequalities.polynomial-inequalities,Guided Practice,practice,cas|slider|animation,cas-data,algebra-cas,family,lesson-preset,generated-template,needs-review,P0,applicable-missing,applicable-missing,available,applicable-missing,applicable-missing,not-applicable,applicable-missing,applicable-missing,Review the method. Answer a deterministic question. Check with visual or symbolic verification. Try another value.
126,/lessons/algebra/126-two-variable-inequalities,Two-Variable Inequalities,core,Algebra,Equations and Inequalities,algebra.equations-and-inequalities.two-variable-inequalities,Guided Practice,practice,cas|slider|animation,cas-data,algebra-cas,family,lesson-preset,generated-template,needs-review,P0,applicable-missing,applicable-missing,available,applicable-missing,applicable-missing,not-applicable,applicable-missing,applicable-missing,Review the method. Answer a deterministic question. Check with visual or symbolic verification. Try another value.
127,/lessons/algebra/127-systems-of-inequalities,Systems of Inequalities,core,Algebra,Equations and Inequalities,algebra.equations-and-inequalities.systems-of-inequalities,Guided Practice,practice,cas|slider|animation,cas-data,algebra-cas,family,lesson-preset,generated-template,needs-review,P0,applicable-missing,applicable-missing,available,applicable-missing,applicable-missing,not-applicable,applicable-missing,applicable-missing,Review the method. Answer a deterministic question. Check with visual or symbolic verification. Try another value.
128,/lessons/algebra/128-numerical-solver,Numerical Solver,core,Algebra,Equations and Inequalities,algebra.equations-and-inequalities.numerical-solver,Guided Practice,practice,cas|slider|animation,cas-data,algebra-cas,family,lesson-preset,generated-template,needs-review,P0,applicable-missing,applicable-missing,available,applicable-missing,applicable-missing,not-applicable,applicable-missing,applicable-missing,Review the method. Answer a deterministic question. Check with visual or symbolic verification. Try another value.
129,/lessons/graphs-and-functions/129-function-concept,Function Concept,core,Graphs and Functions,Functions,graphs-and-functions.functions.function-concept,Graph Explorer,investigation,cas|slider,cas-data,graph,family,lesson-preset,generated-template,needs-review,P0,applicable-missing,applicable-missing,applicable-missing,applicable-missing,available,not-applicable,applicable-missing,applicable-missing,Predict what will change. Drag or adjust one control. Observe the exact output. Explain the relationship.
130,/lessons/graphs-and-functions/130-domain-and-range,Domain and Range,core,Graphs and Functions,Functions,graphs-and-functions.functions.domain-and-range,Graph Explorer,investigation,cas|slider,cas-data,graph,family,lesson-preset,generated-template,needs-review,P0,applicable-missing,applicable-missing,applicable-missing,applicable-missing,available,not-applicable,applicable-missing,applicable-missing,Predict what will change. Drag or adjust one control. Observe the exact output. Explain the relationship.
131,/lessons/graphs-and-functions/131-function-notation,Function Notation,core,Graphs and Functions,Functions,graphs-and-functions.functions.function-notation,Graph Explorer,investigation,cas|slider,cas-data,graph,family,lesson-preset,generated-template,needs-review,P0,applicable-missing,applicable-missing,applicable-missing,applicable-missing,available,not-applicable,applicable-missing,applicable-missing,Predict what will change. Drag or adjust one control. Observe the exact output. Explain the relationship.
132,/lessons/graphs-and-functions/132-vertical-line-test,Vertical-Line Test,core,Graphs and Functions,Functions,graphs-and-functions.functions.vertical-line-test,Graph Explorer,assessment,cas|slider,cas-data,graph,family,lesson-preset,generated-template,needs-review,P0,applicable-missing,applicable-missing,applicable-missing,applicable-missing,applicable-missing,not-applicable,available,applicable-missing,Complete mixed items. Submit once ready. Review skill-level feedback. Open remediation links.
133,/lessons/graphs-and-functions/133-linear-functions,Linear Functions,core,Graphs and Functions,Functions,graphs-and-functions.functions.linear-functions,Graph Explorer,investigation,cas|slider,cas-data,graph,family,lesson-preset,generated-template,needs-review,P0,applicable-missing,applicable-missing,applicable-missing,applicable-missing,available,not-applicable,applicable-missing,applicable-missing,Predict what will change. Drag or adjust one control. Observe the exact output. Explain the relationship.
134,/lessons/graphs-and-functions/134-quadratic-functions,Quadratic Functions,core,Graphs and Functions,Functions,graphs-and-functions.functions.quadratic-functions,Graph Explorer,investigation,cas|slider,cas-data,graph,family,lesson-preset,generated-template,needs-review,P0,applicable-missing,applicable-missing,applicable-missing,applicable-missing,available,not-applicable,applicable-missing,applicable-missing,Predict what will change. Drag or adjust one control. Observe the exact output. Explain the relationship.
135,/lessons/graphs-and-functions/135-cubic-functions,Cubic Functions,core,Graphs and Functions,Functions,graphs-and-functions.functions.cubic-functions,Graph Explorer,investigation,cas|slider,cas-data,graph,family,lesson-preset,generated-template,needs-review,P0,applicable-missing,applicable-missing,applicable-missing,applicable-missing,available,not-applicable,applicable-missing,applicable-missing,Predict what will change. Drag or adjust one control. Observe the exact output. Explain the relationship.
136,/lessons/graphs-and-functions/136-higher-degree-polynomials,Higher-Degree Polynomials,core,Graphs and Functions,Functions,graphs-and-functions.functions.higher-degree-polynomials,Graph Explorer,investigation,cas|slider,cas-data,graph,family,lesson-preset,generated-template,needs-review,P0,applicable-missing,applicable-missing,applicable-missing,applicable-missing,available,not-applicable,applicable-missing,applicable-missing,Predict what will change. Drag or adjust one control. Observe the exact output. Explain the relationship.
137,/lessons/graphs-and-functions/137-reciprocal-functions,Reciprocal Functions,core,Graphs and Functions,Functions,graphs-and-functions.functions.reciprocal-functions,Graph Explorer,investigation,cas|slider,cas-data,graph,family,lesson-preset,generated-template,needs-review,P0,applicable-missing,applicable-missing,applicable-missing,applicable-missing,available,not-applicable,applicable-missing,applicable-missing,Predict what will change. Drag or adjust one control. Observe the exact output. Explain the relationship.
138,/lessons/graphs-and-functions/138-rational-functions,Rational Functions,core,Graphs and Functions,Functions,graphs-and-functions.functions.rational-functions,Graph Explorer,investigation,cas|slider,cas-data,graph,family,lesson-preset,generated-template,needs-review,P0,applicable-missing,applicable-missing,applicable-missing,applicable-missing,available,not-applicable,applicable-missing,applicable-missing,Predict what will change. Drag or adjust one control. Observe the exact output. Explain the relationship.
139,/lessons/graphs-and-functions/139-square-root-functions,Square-Root Functions,core,Graphs and Functions,Functions,graphs-and-functions.functions.square-root-functions,Graph Explorer,investigation,cas|slider,cas-data,graph,family,lesson-preset,generated-template,needs-review,P0,applicable-missing,applicable-missing,applicable-missing,applicable-missing,available,not-applicable,applicable-missing,applicable-missing,Predict what will change. Drag or adjust one control. Observe the exact output. Explain the relationship.
140,/lessons/graphs-and-functions/140-cube-root-functions,Cube-Root Functions,core,Graphs and Functions,Functions,graphs-and-functions.functions.cube-root-functions,Graph Explorer,investigation,cas|slider,cas-data,graph,family,lesson-preset,generated-template,needs-review,P0,applicable-missing,applicable-missing,applicable-missing,applicable-missing,available,not-applicable,applicable-missing,applicable-missing,Predict what will change. Drag or adjust one control. Observe the exact output. Explain the relationship.
141,/lessons/graphs-and-functions/141-absolute-value-functions,Absolute-Value Functions,core,Graphs and Functions,Functions,graphs-and-functions.functions.absolute-value-functions,Graph Explorer,investigation,cas|slider,cas-data,graph,family,lesson-preset,generated-template,needs-review,P0,applicable-missing,applicable-missing,applicable-missing,applicable-missing,available,not-applicable,applicable-missing,applicable-missing,Predict what will change. Drag or adjust one control. Observe the exact output. Explain the relationship.
142,/lessons/graphs-and-functions/142-exponential-functions,Exponential Functions,core,Graphs and Functions,Functions,graphs-and-functions.functions.exponential-functions,Graph Explorer,investigation,cas|slider,cas-data,graph,family,lesson-preset,generated-template,needs-review,P0,applicable-missing,applicable-missing,applicable-missing,applicable-missing,available,not-applicable,applicable-missing,applicable-missing,Predict what will change. Drag or adjust one control. Observe the exact output. Explain the relationship.
143,/lessons/graphs-and-functions/143-logarithmic-functions,Logarithmic Functions,core,Graphs and Functions,Functions,graphs-and-functions.functions.logarithmic-functions,Graph Explorer,investigation,cas|slider,cas-data,graph,family,lesson-preset,generated-template,needs-review,P0,applicable-missing,applicable-missing,applicable-missing,applicable-missing,available,not-applicable,applicable-missing,applicable-missing,Predict what will change. Drag or adjust one control. Observe the exact output. Explain the relationship.
144,/lessons/graphs-and-functions/144-trigonometric-functions,Trigonometric Functions,core,Graphs and Functions,Functions,graphs-and-functions.functions.trigonometric-functions,Graph Explorer,investigation,cas|slider,cas-data,graph,family,lesson-preset,generated-template,needs-review,P0,applicable-missing,applicable-missing,applicable-missing,applicable-missing,available,not-applicable,applicable-missing,applicable-missing,Predict what will change. Drag or adjust one control. Observe the exact output. Explain the relationship.
145,/lessons/graphs-and-functions/145-hyperbolic-functions,Hyperbolic Functions,core,Graphs and Functions,Functions,graphs-and-functions.functions.hyperbolic-functions,Graph Explorer,investigation,cas|slider,cas-data,graph,family,lesson-preset,generated-template,needs-review,P0,applicable-missing,applicable-missing,applicable-missing,applicable-missing,available,not-applicable,applicable-missing,applicable-missing,Predict what will change. Drag or adjust one control. Observe the exact output. Explain the relationship.
146,/lessons/graphs-and-functions/146-floor-function,Floor Function,core,Graphs and Functions,Functions,graphs-and-functions.functions.floor-function,Graph Explorer,investigation,cas|slider,cas-data,graph,family,lesson-preset,generated-template,needs-review,P0,applicable-missing,applicable-missing,applicable-missing,applicable-missing,available,not-applicable,applicable-missing,applicable-missing,Predict what will change. Drag or adjust one control. Observe the exact output. Explain the relationship.
147,/lessons/graphs-and-functions/147-ceiling-function,Ceiling Function,core,Graphs and Functions,Functions,graphs-and-functions.functions.ceiling-function,Graph Explorer,investigation,cas|slider,cas-data,graph,family,lesson-preset,generated-template,needs-review,P0,applicable-missing,applicable-missing,applicable-missing,applicable-missing,available,not-applicable,applicable-missing,applicable-missing,Predict what will change. Drag or adjust one control. Observe the exact output. Explain the relationship.
148,/lessons/graphs-and-functions/148-sign-function,Sign Function,core,Graphs and Functions,Functions,graphs-and-functions.functions.sign-function,Graph Explorer,investigation,cas|slider,cas-data,graph,family,lesson-preset,generated-template,needs-review,P0,applicable-missing,applicable-missing,applicable-missing,applicable-missing,available,not-applicable,applicable-missing,applicable-missing,Predict what will change. Drag or adjust one control. Observe the exact output. Explain the relationship.
149,/lessons/graphs-and-functions/149-piecewise-functions,Piecewise Functions,core,Graphs and Functions,Functions,graphs-and-functions.functions.piecewise-functions,Graph Explorer,investigation,cas|slider,cas-data,graph,family,lesson-preset,generated-template,needs-review,P0,applicable-missing,applicable-missing,applicable-missing,applicable-missing,available,not-applicable,applicable-missing,applicable-missing,Predict what will change. Drag or adjust one control. Observe the exact output. Explain the relationship.
150,/lessons/graphs-and-functions/150-composite-functions,Composite Functions,core,Graphs and Functions,Functions,graphs-and-functions.functions.composite-functions,Graph Explorer,investigation,cas|slider,cas-data,graph,family,lesson-preset,generated-template,needs-review,P0,applicable-missing,applicable-missing,applicable-missing,applicable-missing,available,not-applicable,applicable-missing,applicable-missing,Predict what will change. Drag or adjust one control. Observe the exact output. Explain the relationship.
151,/lessons/graphs-and-functions/151-inverse-functions,Inverse Functions,core,Graphs and Functions,Functions,graphs-and-functions.functions.inverse-functions,Graph Explorer,investigation,cas|slider,cas-data,graph,family,lesson-preset,generated-template,needs-review,P0,applicable-missing,applicable-missing,applicable-missing,applicable-missing,available,not-applicable,applicable-missing,applicable-missing,Predict what will change. Drag or adjust one control. Observe the exact output. Explain the relationship.
152,/lessons/graphs-and-functions/152-even-and-odd-functions,Even and Odd Functions,core,Graphs and Functions,Functions,graphs-and-functions.functions.even-and-odd-functions,Graph Explorer,investigation,cas|slider,cas-data,graph,family,lesson-preset,generated-template,needs-review,P0,applicable-missing,applicable-missing,applicable-missing,applicable-missing,available,not-applicable,applicable-missing,applicable-missing,Predict what will change. Drag or adjust one control. Observe the exact output. Explain the relationship.
153,/lessons/graphs-and-functions/153-increasing-and-decreasing,Increasing and Decreasing,core,Graphs and Functions,Functions,graphs-and-functions.functions.increasing-and-decreasing,Graph Explorer,investigation,cas|slider,cas-data,graph,family,lesson-preset,generated-template,needs-review,P0,applicable-missing,applicable-missing,applicable-missing,applicable-missing,available,not-applicable,applicable-missing,applicable-missing,Predict what will change. Drag or adjust one control. Observe the exact output. Explain the relationship.
154,/lessons/graphs-and-functions/154-periodic-functions,Periodic Functions,core,Graphs and Functions,Functions,graphs-and-functions.functions.periodic-functions,Graph Explorer,investigation,cas|slider,cas-data,graph,family,lesson-preset,generated-template,needs-review,P0,applicable-missing,applicable-missing,applicable-missing,applicable-missing,available,not-applicable,applicable-missing,applicable-missing,Predict what will change. Drag or adjust one control. Observe the exact output. Explain the relationship.
155,/lessons/graphs-and-functions/155-recursive-functions,Recursive Functions,core,Graphs and Functions,Functions,graphs-and-functions.functions.recursive-functions,Graph Explorer,investigation,cas|slider,cas-data,graph,family,lesson-preset,generated-template,needs-review,P0,applicable-missing,applicable-missing,applicable-missing,applicable-missing,available,not-applicable,applicable-missing,applicable-missing,Predict what will change. Drag or adjust one control. Observe the exact output. Explain the relationship.
156,/lessons/graphs-and-functions/156-vertical-translation,Vertical Translation,core,Graphs and Functions,Function Transformations,graphs-and-functions.function-transformations.vertical-translation,Predict–Test–Explain,assessment,graphing|slider,graph-2d,graph,family,lesson-preset,generated-template,needs-review,P0,applicable-missing,applicable-missing,applicable-missing,applicable-missing,applicable-missing,not-applicable,available,applicable-missing,Complete mixed items. Submit once ready. Review skill-level feedback. Open remediation links.
157,/lessons/graphs-and-functions/157-horizontal-translation,Horizontal Translation,core,Graphs and Functions,Function Transformations,graphs-and-functions.function-transformations.horizontal-translation,Predict–Test–Explain,assessment,graphing|slider,graph-2d,graph,family,lesson-preset,generated-template,needs-review,P0,applicable-missing,applicable-missing,applicable-missing,applicable-missing,applicable-missing,not-applicable,available,applicable-missing,Complete mixed items. Submit once ready. Review skill-level feedback. Open remediation links.
158,/lessons/graphs-and-functions/158-vertical-stretch-and-compression,Vertical Stretch and Compression,core,Graphs and Functions,Function Transformations,graphs-and-functions.function-transformations.vertical-stretch-and-compression,Predict–Test–Explain,assessment,graphing|slider,graph-2d,graph,family,lesson-preset,generated-template,needs-review,P0,applicable-missing,applicable-missing,applicable-missing,applicable-missing,applicable-missing,not-applicable,available,applicable-missing,Complete mixed items. Submit once ready. Review skill-level feedback. Open remediation links.
159,/lessons/graphs-and-functions/159-horizontal-stretch-and-compression,Horizontal Stretch and Compression,core,Graphs and Functions,Function Transformations,graphs-and-functions.function-transformations.horizontal-stretch-and-compression,Predict–Test–Explain,assessment,graphing|slider,graph-2d,graph,family,lesson-preset,generated-template,needs-review,P0,applicable-missing,applicable-missing,applicable-missing,applicable-missing,applicable-missing,not-applicable,available,applicable-missing,Complete mixed items. Submit once ready. Review skill-level feedback. Open remediation links.
160,/lessons/graphs-and-functions/160-reflection-in-x-axis,Reflection in x-Axis,core,Graphs and Functions,Function Transformations,graphs-and-functions.function-transformations.reflection-in-x-axis,Predict–Test–Explain,assessment,graphing|slider,graph-2d,graph,family,lesson-preset,generated-template,needs-review,P0,applicable-missing,applicable-missing,applicable-missing,applicable-missing,applicable-missing,not-applicable,available,applicable-missing,Complete mixed items. Submit once ready. Review skill-level feedback. Open remediation links.
161,/lessons/graphs-and-functions/161-reflection-in-y-axis,Reflection in y-Axis,core,Graphs and Functions,Function Transformations,graphs-and-functions.function-transformations.reflection-in-y-axis,Predict–Test–Explain,assessment,graphing|slider,graph-2d,graph,family,lesson-preset,generated-template,needs-review,P0,applicable-missing,applicable-missing,applicable-missing,applicable-missing,applicable-missing,not-applicable,available,applicable-missing,Complete mixed items. Submit once ready. Review skill-level feedback. Open remediation links.
162,/lessons/graphs-and-functions/162-combined-transformations,Combined Transformations,core,Graphs and Functions,Function Transformations,graphs-and-functions.function-transformations.combined-transformations,Predict–Test–Explain,assessment,graphing|slider,graph-2d,graph,family,lesson-preset,generated-template,needs-review,P0,applicable-missing,applicable-missing,applicable-missing,applicable-missing,applicable-missing,not-applicable,available,applicable-missing,Complete mixed items. Submit once ready. Review skill-level feedback. Open remediation links.
163,/lessons/graphs-and-functions/163-transformation-order,Transformation Order,core,Graphs and Functions,Function Transformations,graphs-and-functions.function-transformations.transformation-order,Predict–Test–Explain,assessment,graphing|slider,graph-2d,graph,family,lesson-preset,generated-template,needs-review,P0,applicable-missing,applicable-missing,applicable-missing,applicable-missing,applicable-missing,not-applicable,available,applicable-missing,Complete mixed items. Submit once ready. Review skill-level feedback. Open remediation links.
164,/lessons/graphs-and-functions/164-parameter-explorer,Parameter Explorer,core,Graphs and Functions,Function Transformations,graphs-and-functions.function-transformations.parameter-explorer,Predict–Test–Explain,assessment,graphing|slider,graph-2d,graph,family,lesson-preset,generated-template,needs-review,P0,applicable-missing,applicable-missing,applicable-missing,applicable-missing,applicable-missing,not-applicable,available,applicable-missing,Complete mixed items. Submit once ready. Review skill-level feedback. Open remediation links.
165,/lessons/graphs-and-functions/165-parent-function-library,Parent-Function Library,core,Graphs and Functions,Function Transformations,graphs-and-functions.function-transformations.parent-function-library,Predict–Test–Explain,assessment,graphing|slider,graph-2d,graph,family,lesson-preset,generated-template,needs-review,P0,applicable-missing,applicable-missing,applicable-missing,applicable-missing,applicable-missing,not-applicable,available,applicable-missing,Complete mixed items. Submit once ready. Review skill-level feedback. Open remediation links.
166,/lessons/graphs-and-functions/166-graph-matching,Graph Matching,core,Graphs and Functions,Function Transformations,graphs-and-functions.function-transformations.graph-matching,Predict–Test–Explain,assessment,graphing|slider|matching,graph-2d,graph,family,lesson-preset,generated-template,needs-review,P0,applicable-missing,applicable-missing,applicable-missing,applicable-missing,applicable-missing,not-applicable,available,applicable-missing,Complete mixed items. Submit once ready. Review skill-level feedback. Open remediation links.
167,/lessons/geometry/167-cartesian-plane,Cartesian Plane,core,Geometry,Coordinate Geometry,geometry.coordinate-geometry.cartesian-plane,Construction Lab,learn,construction|3d|slider,geometry-3d,geometry2d,family,lesson-preset,generated-template,needs-review,P0,available,applicable-missing,applicable-missing,applicable-missing,applicable-missing,not-applicable,applicable-missing,applicable-missing,Predict what will change. Drag or adjust one control. Observe the exact output. Explain the relationship.
168,/lessons/geometry/168-plotting-points,Plotting Points,core,Geometry,Coordinate Geometry,geometry.coordinate-geometry.plotting-points,Construction Lab,learn,construction|slider|drag-and-observe,geometry-2d,geometry2d,family,lesson-preset,generated-template,needs-review,P0,available,applicable-missing,applicable-missing,applicable-missing,applicable-missing,not-applicable,applicable-missing,applicable-missing,Predict what will change. Drag or adjust one control. Observe the exact output. Explain the relationship.
169,/lessons/geometry/169-distance-between-points,Distance Between Points,core,Geometry,Coordinate Geometry,geometry.coordinate-geometry.distance-between-points,Construction Lab,learn,construction|slider|drag-and-observe,geometry-2d,geometry2d,family,lesson-preset,generated-template,needs-review,P0,available,applicable-missing,applicable-missing,applicable-missing,applicable-missing,not-applicable,applicable-missing,applicable-missing,Predict what will change. Drag or adjust one control. Observe the exact output. Explain the relationship.
170,/lessons/geometry/170-midpoint,Midpoint,core,Geometry,Coordinate Geometry,geometry.coordinate-geometry.midpoint,Construction Lab,learn,construction|slider|drag-and-observe,geometry-2d,geometry2d,family,lesson-preset,generated-template,needs-review,P0,available,applicable-missing,applicable-missing,applicable-missing,applicable-missing,not-applicable,applicable-missing,applicable-missing,Predict what will change. Drag or adjust one control. Observe the exact output. Explain the relationship.
171,/lessons/geometry/171-section-formula,Section Formula,core,Geometry,Coordinate Geometry,geometry.coordinate-geometry.section-formula,Construction Lab,learn,construction|slider,geometry-2d,geometry2d,family,lesson-preset,generated-template,needs-review,P0,available,applicable-missing,applicable-missing,applicable-missing,applicable-missing,not-applicable,applicable-missing,applicable-missing,Predict what will change. Drag or adjust one control. Observe the exact output. Explain the relationship.
172,/lessons/geometry/172-gradient-slope,Gradient / Slope,core,Geometry,Coordinate Geometry,geometry.coordinate-geometry.gradient-slope,Construction Lab,learn,construction|slider,geometry-2d,geometry2d,family,lesson-preset,generated-template,needs-review,P0,available,applicable-missing,applicable-missing,applicable-missing,applicable-missing,not-applicable,applicable-missing,applicable-missing,Predict what will change. Drag or adjust one control. Observe the exact output. Explain the relationship.
173,/lessons/geometry/173-equation-of-a-line,Equation of a Line,core,Geometry,Coordinate Geometry,geometry.coordinate-geometry.equation-of-a-line,Construction Lab,learn,construction|slider,geometry-2d,geometry2d,family,lesson-preset,generated-template,needs-review,P0,available,applicable-missing,applicable-missing,applicable-missing,applicable-missing,not-applicable,applicable-missing,applicable-missing,Predict what will change. Drag or adjust one control. Observe the exact output. Explain the relationship.
174,/lessons/geometry/174-parallel-lines,Parallel Lines,core,Geometry,Coordinate Geometry,geometry.coordinate-geometry.parallel-lines,Construction Lab,learn,construction|slider,geometry-2d,geometry2d,family,lesson-preset,generated-template,needs-review,P0,available,applicable-missing,applicable-missing,applicable-missing,applicable-missing,not-applicable,applicable-missing,applicable-missing,Predict what will change. Drag or adjust one control. Observe the exact output. Explain the relationship.
175,/lessons/geometry/175-perpendicular-lines,Perpendicular Lines,core,Geometry,Coordinate Geometry,geometry.coordinate-geometry.perpendicular-lines,Construction Lab,learn,construction|slider,geometry-2d,geometry2d,family,lesson-preset,generated-template,needs-review,P0,available,applicable-missing,applicable-missing,applicable-missing,applicable-missing,not-applicable,applicable-missing,applicable-missing,Predict what will change. Drag or adjust one control. Observe the exact output. Explain the relationship.
176,/lessons/geometry/176-angle-between-lines,Angle Between Lines,core,Geometry,Coordinate Geometry,geometry.coordinate-geometry.angle-between-lines,Construction Lab,learn,construction|slider,geometry-2d,geometry2d,family,lesson-preset,generated-template,needs-review,P0,available,applicable-missing,applicable-missing,applicable-missing,applicable-missing,not-applicable,applicable-missing,applicable-missing,Predict what will change. Drag or adjust one control. Observe the exact output. Explain the relationship.
177,/lessons/geometry/177-point-to-line-distance,Point-to-Line Distance,core,Geometry,Coordinate Geometry,geometry.coordinate-geometry.point-to-line-distance,Construction Lab,learn,construction|slider|drag-and-observe,geometry-2d,geometry2d,family,lesson-preset,generated-template,needs-review,P0,available,applicable-missing,applicable-missing,applicable-missing,applicable-missing,not-applicable,applicable-missing,applicable-missing,Predict what will change. Drag or adjust one control. Observe the exact output. Explain the relationship.
178,/lessons/geometry/178-coordinate-loci,Coordinate Loci,core,Geometry,Coordinate Geometry,geometry.coordinate-geometry.coordinate-loci,Construction Lab,learn,construction|slider,geometry-2d,geometry2d,family,lesson-preset,generated-template,needs-review,P0,available,applicable-missing,applicable-missing,applicable-missing,applicable-missing,not-applicable,applicable-missing,applicable-missing,Predict what will change. Drag or adjust one control. Observe the exact output. Explain the relationship.
179,/lessons/geometry/179-coordinate-transformations,Coordinate Transformations,core,Geometry,Coordinate Geometry,geometry.coordinate-geometry.coordinate-transformations,Construction Lab,explore,construction|slider,geometry-2d,geometry2d,family,lesson-preset,generated-template,needs-review,P0,applicable-missing,available,applicable-missing,applicable-missing,applicable-missing,not-applicable,applicable-missing,applicable-missing,Predict what will change. Drag or adjust one control. Observe the exact output. Explain the relationship.
180,/lessons/geometry/180-polar-coordinates,Polar Coordinates,core,Geometry,Coordinate Geometry,geometry.coordinate-geometry.polar-coordinates,Construction Lab,learn,construction|slider,geometry-2d,geometry2d,family,lesson-preset,generated-template,needs-review,P0,available,applicable-missing,applicable-missing,applicable-missing,applicable-missing,not-applicable,applicable-missing,applicable-missing,Predict what will change. Drag or adjust one control. Observe the exact output. Explain the relationship.
181,/lessons/geometry/181-parametric-coordinates,Parametric Coordinates,core,Geometry,Coordinate Geometry,geometry.coordinate-geometry.parametric-coordinates,Construction Lab,learn,construction|slider,geometry-2d,geometry2d,family,lesson-preset,generated-template,needs-review,P0,available,applicable-missing,applicable-missing,applicable-missing,applicable-missing,not-applicable,applicable-missing,applicable-missing,Predict what will change. Drag or adjust one control. Observe the exact output. Explain the relationship.
182,/lessons/geometry/182-barycentric-coordinates,Barycentric Coordinates,core,Geometry,Coordinate Geometry,geometry.coordinate-geometry.barycentric-coordinates,Construction Lab,learn,construction|slider,geometry-2d,geometry2d,family,lesson-preset,generated-template,needs-review,P0,available,applicable-missing,applicable-missing,applicable-missing,applicable-missing,not-applicable,applicable-missing,applicable-missing,Predict what will change. Drag or adjust one control. Observe the exact output. Explain the relationship.
183,/lessons/geometry/183-vector-introduction,Vector Introduction,core,Geometry,Vectors,geometry.vectors.vector-introduction,Applied Lab,learn,construction|3d|slider,geometry-3d,vector,family,lesson-preset,generated-template,needs-review,P0,available,applicable-missing,applicable-missing,applicable-missing,applicable-missing,not-applicable,applicable-missing,applicable-missing,Predict what will change. Drag or adjust one control. Observe the exact output. Explain the relationship.
184,/lessons/geometry/184-component-form,Component Form,core,Geometry,Vectors,geometry.vectors.component-form,Applied Lab,learn,construction|3d|slider,geometry-3d,vector,family,lesson-preset,generated-template,needs-review,P0,available,applicable-missing,applicable-missing,applicable-missing,applicable-missing,not-applicable,applicable-missing,applicable-missing,Predict what will change. Drag or adjust one control. Observe the exact output. Explain the relationship.
185,/lessons/geometry/185-position-vectors,Position Vectors,core,Geometry,Vectors,geometry.vectors.position-vectors,Applied Lab,learn,construction|3d|slider,geometry-3d,vector,family,lesson-preset,generated-template,needs-review,P0,available,applicable-missing,applicable-missing,applicable-missing,applicable-missing,not-applicable,applicable-missing,applicable-missing,Predict what will change. Drag or adjust one control. Observe the exact output. Explain the relationship.
186,/lessons/geometry/186-vector-addition,Vector Addition,core,Geometry,Vectors,geometry.vectors.vector-addition,Applied Lab,learn,construction|3d|slider,geometry-3d,vector,family,lesson-preset,generated-template,needs-review,P0,available,applicable-missing,applicable-missing,applicable-missing,applicable-missing,not-applicable,applicable-missing,applicable-missing,Predict what will change. Drag or adjust one control. Observe the exact output. Explain the relationship.
187,/lessons/geometry/187-vector-subtraction,Vector Subtraction,core,Geometry,Vectors,geometry.vectors.vector-subtraction,Applied Lab,learn,construction|3d|slider,geometry-3d,vector,family,lesson-preset,generated-template,needs-review,P0,available,applicable-missing,applicable-missing,applicable-missing,applicable-missing,not-applicable,applicable-missing,applicable-missing,Predict what will change. Drag or adjust one control. Observe the exact output. Explain the relationship.
188,/lessons/geometry/188-scalar-multiplication,Scalar Multiplication,core,Geometry,Vectors,geometry.vectors.scalar-multiplication,Applied Lab,learn,construction|3d|slider,geometry-3d,vector,family,lesson-preset,generated-template,needs-review,P0,available,applicable-missing,applicable-missing,applicable-missing,applicable-missing,not-applicable,applicable-missing,applicable-missing,Predict what will change. Drag or adjust one control. Observe the exact output. Explain the relationship.
189,/lessons/geometry/189-magnitude-and-unit-vectors,Magnitude and Unit Vectors,core,Geometry,Vectors,geometry.vectors.magnitude-and-unit-vectors,Applied Lab,learn,construction|3d|slider,geometry-3d,vector,family,lesson-preset,generated-template,needs-review,P0,available,applicable-missing,applicable-missing,applicable-missing,applicable-missing,not-applicable,applicable-missing,applicable-missing,Predict what will change. Drag or adjust one control. Observe the exact output. Explain the relationship.
190,/lessons/geometry/190-dot-product,Dot Product,core,Geometry,Vectors,geometry.vectors.dot-product,Applied Lab,learn,construction|3d|slider,geometry-3d,vector,family,lesson-preset,generated-template,needs-review,P0,available,applicable-missing,applicable-missing,applicable-missing,applicable-missing,not-applicable,applicable-missing,applicable-missing,Predict what will change. Drag or adjust one control. Observe the exact output. Explain the relationship.
191,/lessons/geometry/191-cross-product,Cross Product,core,Geometry,Vectors,geometry.vectors.cross-product,Applied Lab,learn,construction|3d|slider,geometry-3d,vector,family,lesson-preset,generated-template,needs-review,P0,available,applicable-missing,applicable-missing,applicable-missing,applicable-missing,not-applicable,applicable-missing,applicable-missing,Predict what will change. Drag or adjust one control. Observe the exact output. Explain the relationship.
192,/lessons/geometry/192-vector-projection,Vector Projection,core,Geometry,Vectors,geometry.vectors.vector-projection,Applied Lab,learn,construction|3d|slider,geometry-3d,vector,family,lesson-preset,generated-template,needs-review,P0,available,applicable-missing,applicable-missing,applicable-missing,applicable-missing,not-applicable,applicable-missing,applicable-missing,Predict what will change. Drag or adjust one control. Observe the exact output. Explain the relationship.
193,/lessons/geometry/193-linear-combinations,Linear Combinations,core,Geometry,Vectors,geometry.vectors.linear-combinations,Applied Lab,learn,construction|3d|slider,geometry-3d,vector,family,lesson-preset,generated-template,needs-review,P0,available,applicable-missing,applicable-missing,applicable-missing,applicable-missing,not-applicable,applicable-missing,applicable-missing,Predict what will change. Drag or adjust one control. Observe the exact output. Explain the relationship.
194,/lessons/geometry/194-vector-equation-of-a-line,Vector Equation of a Line,core,Geometry,Vectors,geometry.vectors.vector-equation-of-a-line,Applied Lab,learn,construction|3d|slider,geometry-3d,vector,family,lesson-preset,generated-template,needs-review,P0,available,applicable-missing,applicable-missing,applicable-missing,applicable-missing,not-applicable,applicable-missing,applicable-missing,Predict what will change. Drag or adjust one control. Observe the exact output. Explain the relationship.
195,/lessons/geometry/195-vector-equation-of-a-plane,Vector Equation of a Plane,core,Geometry,Vectors,geometry.vectors.vector-equation-of-a-plane,Applied Lab,learn,construction|3d|slider,geometry-3d,vector,family,lesson-preset,generated-template,needs-review,P0,available,applicable-missing,applicable-missing,applicable-missing,applicable-missing,not-applicable,applicable-missing,applicable-missing,Predict what will change. Drag or adjust one control. Observe the exact output. Explain the relationship.
196,/lessons/geometry/196-relative-motion,Relative Motion,core,Geometry,Vectors,geometry.vectors.relative-motion,Applied Lab,learn,construction|3d|slider,geometry-3d,vector,family,lesson-preset,generated-template,needs-review,P0,available,applicable-missing,applicable-missing,applicable-missing,applicable-missing,not-applicable,applicable-missing,applicable-missing,Predict what will change. Drag or adjust one control. Observe the exact output. Explain the relationship.
197,/lessons/geometry/197-force-vectors,Force Vectors,core,Geometry,Vectors,geometry.vectors.force-vectors,Applied Lab,learn,construction|3d|slider,geometry-3d,vector,family,lesson-preset,generated-template,needs-review,P0,available,applicable-missing,applicable-missing,applicable-missing,applicable-missing,not-applicable,applicable-missing,applicable-missing,Predict what will change. Drag or adjust one control. Observe the exact output. Explain the relationship.
198,/lessons/geometry/198-free-point,Free Point,core,Geometry,Dynamic Geometry Constructions,geometry.dynamic-geometry-constructions.free-point,Construction Studio,learn,construction|slider|drag-and-observe,geometry-2d,geometry2d,family,lesson-preset,generated-template,needs-review,P0,available,applicable-missing,applicable-missing,applicable-missing,applicable-missing,not-applicable,applicable-missing,applicable-missing,Predict what will change. Drag or adjust one control. Observe the exact output. Explain the relationship.
199,/lessons/geometry/199-point-on-object,Point on Object,core,Geometry,Dynamic Geometry Constructions,geometry.dynamic-geometry-constructions.point-on-object,Construction Studio,learn,construction|slider|drag-and-observe,geometry-2d,geometry2d,family,lesson-preset,generated-template,needs-review,P0,available,applicable-missing,applicable-missing,applicable-missing,applicable-missing,not-applicable,applicable-missing,applicable-missing,Predict what will change. Drag or adjust one control. Observe the exact output. Explain the relationship.
200,/lessons/geometry/200-intersection-point,Intersection Point,core,Geometry,Dynamic Geometry Constructions,geometry.dynamic-geometry-constructions.intersection-point,Construction Studio,learn,construction|slider|drag-and-observe,geometry-2d,geometry2d,family,lesson-preset,generated-template,needs-review,P0,available,applicable-missing,applicable-missing,applicable-missing,applicable-missing,not-applicable,applicable-missing,applicable-missing,Predict what will change. Drag or adjust one control. Observe the exact output. Explain the relationship.
201,/lessons/geometry/201-midpoint-or-centre,Midpoint or Centre,core,Geometry,Dynamic Geometry Constructions,geometry.dynamic-geometry-constructions.midpoint-or-centre,Construction Studio,learn,construction|slider|drag-and-observe,geometry-2d,geometry2d,family,lesson-preset,generated-template,needs-review,P0,available,applicable-missing,applicable-missing,applicable-missing,applicable-missing,not-applicable,applicable-missing,applicable-missing,Predict what will change. Drag or adjust one control. Observe the exact output. Explain the relationship.
202,/lessons/geometry/202-attach-detach-point,Attach / Detach Point,core,Geometry,Dynamic Geometry Constructions,geometry.dynamic-geometry-constructions.attach-detach-point,Construction Studio,learn,construction|slider|drag-and-observe,geometry-2d,geometry2d,family,lesson-preset,generated-template,needs-review,P0,available,applicable-missing,applicable-missing,applicable-missing,applicable-missing,not-applicable,applicable-missing,applicable-missing,Predict what will change. Drag or adjust one control. Observe the exact output. Explain the relationship.
203,/lessons/geometry/203-line-through-two-points,Line Through Two Points,core,Geometry,Dynamic Geometry Constructions,geometry.dynamic-geometry-constructions.line-through-two-points,Construction Studio,learn,construction|slider|drag-and-observe,geometry-2d,geometry2d,family,lesson-preset,generated-template,needs-review,P0,available,applicable-missing,applicable-missing,applicable-missing,applicable-missing,not-applicable,applicable-missing,applicable-missing,Predict what will change. Drag or adjust one control. Observe the exact output. Explain the relationship.
204,/lessons/geometry/204-segment,Segment,core,Geometry,Dynamic Geometry Constructions,geometry.dynamic-geometry-constructions.segment,Construction Studio,learn,construction|slider|drag-and-observe,geometry-2d,geometry2d,family,lesson-preset,generated-template,needs-review,P0,available,applicable-missing,applicable-missing,applicable-missing,applicable-missing,not-applicable,applicable-missing,applicable-missing,Predict what will change. Drag or adjust one control. Observe the exact output. Explain the relationship.
205,/lessons/geometry/205-segment-with-given-length,Segment with Given Length,core,Geometry,Dynamic Geometry Constructions,geometry.dynamic-geometry-constructions.segment-with-given-length,Construction Studio,learn,construction|slider|drag-and-observe,geometry-2d,geometry2d,family,lesson-preset,generated-template,needs-review,P0,available,applicable-missing,applicable-missing,applicable-missing,applicable-missing,not-applicable,applicable-missing,applicable-missing,Predict what will change. Drag or adjust one control. Observe the exact output. Explain the relationship.
206,/lessons/geometry/206-ray,Ray,core,Geometry,Dynamic Geometry Constructions,geometry.dynamic-geometry-constructions.ray,Construction Studio,learn,construction|slider|drag-and-observe,geometry-2d,geometry2d,family,lesson-preset,generated-template,needs-review,P0,available,applicable-missing,applicable-missing,applicable-missing,applicable-missing,not-applicable,applicable-missing,applicable-missing,Predict what will change. Drag or adjust one control. Observe the exact output. Explain the relationship.
207,/lessons/geometry/207-polyline,Polyline,core,Geometry,Dynamic Geometry Constructions,geometry.dynamic-geometry-constructions.polyline,Construction Studio,learn,construction|slider|drag-and-observe,geometry-2d,geometry2d,family,lesson-preset,generated-template,needs-review,P0,available,applicable-missing,applicable-missing,applicable-missing,applicable-missing,not-applicable,applicable-missing,applicable-missing,Predict what will change. Drag or adjust one control. Observe the exact output. Explain the relationship.
208,/lessons/geometry/208-perpendicular-line,Perpendicular Line,core,Geometry,Dynamic Geometry Constructions,geometry.dynamic-geometry-constructions.perpendicular-line,Construction Studio,learn,construction|slider|drag-and-observe,geometry-2d,geometry2d,family,lesson-preset,generated-template,needs-review,P0,available,applicable-missing,applicable-missing,applicable-missing,applicable-missing,not-applicable,applicable-missing,applicable-missing,Predict what will change. Drag or adjust one control. Observe the exact output. Explain the relationship.
209,/lessons/geometry/209-parallel-line,Parallel Line,core,Geometry,Dynamic Geometry Constructions,geometry.dynamic-geometry-constructions.parallel-line,Construction Studio,learn,construction|slider|drag-and-observe,geometry-2d,geometry2d,family,lesson-preset,generated-template,needs-review,P0,available,applicable-missing,applicable-missing,applicable-missing,applicable-missing,not-applicable,applicable-missing,applicable-missing,Predict what will change. Drag or adjust one control. Observe the exact output. Explain the relationship.
210,/lessons/geometry/210-perpendicular-bisector,Perpendicular Bisector,core,Geometry,Dynamic Geometry Constructions,geometry.dynamic-geometry-constructions.perpendicular-bisector,Construction Studio,learn,construction|slider|drag-and-observe,geometry-2d,geometry2d,family,lesson-preset,generated-template,needs-review,P0,available,applicable-missing,applicable-missing,applicable-missing,applicable-missing,not-applicable,applicable-missing,applicable-missing,Predict what will change. Drag or adjust one control. Observe the exact output. Explain the relationship.
211,/lessons/geometry/211-angle-bisector,Angle Bisector,core,Geometry,Dynamic Geometry Constructions,geometry.dynamic-geometry-constructions.angle-bisector,Construction Studio,learn,construction|slider|drag-and-observe,geometry-2d,geometry2d,family,lesson-preset,generated-template,needs-review,P0,available,applicable-missing,applicable-missing,applicable-missing,applicable-missing,not-applicable,applicable-missing,applicable-missing,Predict what will change. Drag or adjust one control. Observe the exact output. Explain the relationship.
212,/lessons/geometry/212-tangent,Tangent,core,Geometry,Dynamic Geometry Constructions,geometry.dynamic-geometry-constructions.tangent,Construction Studio,learn,construction|slider|drag-and-observe,geometry-2d,geometry2d,family,lesson-preset,generated-template,needs-review,P0,available,applicable-missing,applicable-missing,applicable-missing,applicable-missing,applicable-missing,applicable-missing,applicable-missing,Predict what will change. Drag or adjust one control. Observe the exact output. Explain the relationship.
213,/lessons/geometry/213-best-fit-line,Best-Fit Line,core,Geometry,Dynamic Geometry Constructions,geometry.dynamic-geometry-constructions.best-fit-line,Construction Studio,learn,construction|slider|drag-and-observe,geometry-2d,geometry2d,family,lesson-preset,generated-template,needs-review,P0,available,applicable-missing,applicable-missing,applicable-missing,applicable-missing,not-applicable,applicable-missing,applicable-missing,Predict what will change. Drag or adjust one control. Observe the exact output. Explain the relationship.
214,/lessons/geometry/214-triangle-constructor,Triangle Constructor,core,Geometry,Dynamic Geometry Constructions,geometry.dynamic-geometry-constructions.triangle-constructor,Construction Studio,learn,construction|slider|drag-and-observe,geometry-2d,geometry2d,family,lesson-preset,generated-template,needs-review,P0,available,applicable-missing,applicable-missing,applicable-missing,applicable-missing,not-applicable,applicable-missing,applicable-missing,Predict what will change. Drag or adjust one control. Observe the exact output. Explain the relationship.
215,/lessons/geometry/215-regular-polygon,Regular Polygon,core,Geometry,Dynamic Geometry Constructions,geometry.dynamic-geometry-constructions.regular-polygon,Construction Studio,learn,construction|slider|drag-and-observe,geometry-2d,geometry2d,family,lesson-preset,generated-template,needs-review,P0,available,applicable-missing,applicable-missing,applicable-missing,applicable-missing,not-applicable,applicable-missing,applicable-missing,Predict what will change. Drag or adjust one control. Observe the exact output. Explain the relationship.
216,/lessons/geometry/216-rigid-polygon,Rigid Polygon,core,Geometry,Dynamic Geometry Constructions,geometry.dynamic-geometry-constructions.rigid-polygon,Construction Studio,learn,construction|slider|drag-and-observe,geometry-2d,geometry2d,family,lesson-preset,generated-template,needs-review,P0,available,applicable-missing,applicable-missing,applicable-missing,applicable-missing,not-applicable,applicable-missing,applicable-missing,Predict what will change. Drag or adjust one control. Observe the exact output. Explain the relationship.
217,/lessons/geometry/217-general-polygon,General Polygon,core,Geometry,Dynamic Geometry Constructions,geometry.dynamic-geometry-constructions.general-polygon,Construction Studio,learn,construction|slider|drag-and-observe,geometry-2d,geometry2d,family,lesson-preset,generated-template,needs-review,P0,available,applicable-missing,applicable-missing,applicable-missing,applicable-missing,not-applicable,applicable-missing,applicable-missing,Predict what will change. Drag or adjust one control. Observe the exact output. Explain the relationship.
218,/lessons/geometry/218-circle-centre-and-point,Circle: Centre and Point,core,Geometry,Dynamic Geometry Constructions,geometry.dynamic-geometry-constructions.circle-centre-and-point,Construction Studio,learn,construction|slider|drag-and-observe,geometry-2d,geometry2d,family,lesson-preset,generated-template,needs-review,P0,available,applicable-missing,applicable-missing,applicable-missing,applicable-missing,applicable-missing,applicable-missing,applicable-missing,Predict what will change. Drag or adjust one control. Observe the exact output. Explain the relationship.
219,/lessons/geometry/219-circle-centre-and-radius,Circle: Centre and Radius,core,Geometry,Dynamic Geometry Constructions,geometry.dynamic-geometry-constructions.circle-centre-and-radius,Construction Studio,learn,construction|slider|drag-and-observe,geometry-2d,geometry2d,family,lesson-preset,generated-template,needs-review,P0,available,applicable-missing,applicable-missing,applicable-missing,applicable-missing,applicable-missing,applicable-missing,applicable-missing,Predict what will change. Drag or adjust one control. Observe the exact output. Explain the relationship.
220,/lessons/geometry/220-circle-through-three-points,Circle Through Three Points,core,Geometry,Dynamic Geometry Constructions,geometry.dynamic-geometry-constructions.circle-through-three-points,Construction Studio,learn,construction|slider|drag-and-observe,geometry-2d,geometry2d,family,lesson-preset,generated-template,needs-review,P0,available,applicable-missing,applicable-missing,applicable-missing,applicable-missing,applicable-missing,applicable-missing,applicable-missing,Predict what will change. Drag or adjust one control. Observe the exact output. Explain the relationship.
221,/lessons/geometry/221-compass,Compass,core,Geometry,Dynamic Geometry Constructions,geometry.dynamic-geometry-constructions.compass,Construction Studio,learn,construction|slider|drag-and-observe,geometry-2d,geometry2d,family,lesson-preset,generated-template,needs-review,P0,available,applicable-missing,applicable-missing,applicable-missing,applicable-missing,not-applicable,applicable-missing,applicable-missing,Predict what will change. Drag or adjust one control. Observe the exact output. Explain the relationship.
222,/lessons/geometry/222-semicircle,Semicircle,core,Geometry,Dynamic Geometry Constructions,geometry.dynamic-geometry-constructions.semicircle,Construction Studio,learn,construction|slider|drag-and-observe,geometry-2d,geometry2d,family,lesson-preset,generated-template,needs-review,P0,available,applicable-missing,applicable-missing,applicable-missing,applicable-missing,applicable-missing,applicable-missing,applicable-missing,Predict what will change. Drag or adjust one control. Observe the exact output. Explain the relationship.
223,/lessons/geometry/223-circular-arc,Circular Arc,core,Geometry,Dynamic Geometry Constructions,geometry.dynamic-geometry-constructions.circular-arc,Construction Studio,learn,construction|slider|drag-and-observe,geometry-2d,geometry2d,family,lesson-preset,generated-template,needs-review,P0,available,applicable-missing,applicable-missing,applicable-missing,applicable-missing,not-applicable,applicable-missing,applicable-missing,Predict what will change. Drag or adjust one control. Observe the exact output. Explain the relationship.
224,/lessons/geometry/224-circumcircular-arc,Circumcircular Arc,core,Geometry,Dynamic Geometry Constructions,geometry.dynamic-geometry-constructions.circumcircular-arc,Construction Studio,learn,construction|slider|drag-and-observe,geometry-2d,geometry2d,family,lesson-preset,generated-template,needs-review,P0,available,applicable-missing,applicable-missing,applicable-missing,applicable-missing,not-applicable,applicable-missing,applicable-missing,Predict what will change. Drag or adjust one control. Observe the exact output. Explain the relationship.
225,/lessons/geometry/225-circular-sector,Circular Sector,core,Geometry,Dynamic Geometry Constructions,geometry.dynamic-geometry-constructions.circular-sector,Construction Studio,learn,construction|slider|drag-and-observe,geometry-2d,geometry2d,family,lesson-preset,generated-template,needs-review,P0,available,applicable-missing,applicable-missing,applicable-missing,applicable-missing,not-applicable,applicable-missing,applicable-missing,Predict what will change. Drag or adjust one control. Observe the exact output. Explain the relationship.
226,/lessons/geometry/226-conic-through-five-points,Conic Through Five Points,core,Geometry,Dynamic Geometry Constructions,geometry.dynamic-geometry-constructions.conic-through-five-points,Construction Studio,learn,construction|slider|drag-and-observe,geometry-2d,geometry2d,family,lesson-preset,generated-template,needs-review,P0,available,applicable-missing,applicable-missing,applicable-missing,applicable-missing,not-applicable,applicable-missing,applicable-missing,Predict what will change. Drag or adjust one control. Observe the exact output. Explain the relationship.
227,/lessons/geometry/227-ellipse,Ellipse,core,Geometry,Dynamic Geometry Constructions,geometry.dynamic-geometry-constructions.ellipse,Construction Studio,learn,construction|slider|drag-and-observe,geometry-2d,geometry2d,family,lesson-preset,generated-template,needs-review,P0,available,applicable-missing,applicable-missing,applicable-missing,applicable-missing,not-applicable,applicable-missing,applicable-missing,Predict what will change. Drag or adjust one control. Observe the exact output. Explain the relationship.
228,/lessons/geometry/228-hyperbola,Hyperbola,core,Geometry,Dynamic Geometry Constructions,geometry.dynamic-geometry-constructions.hyperbola,Construction Studio,learn,construction|slider|drag-and-observe,geometry-2d,geometry2d,family,lesson-preset,generated-template,needs-review,P0,available,applicable-missing,applicable-missing,applicable-missing,applicable-missing,not-applicable,applicable-missing,applicable-missing,Predict what will change. Drag or adjust one control. Observe the exact output. Explain the relationship.
229,/lessons/geometry/229-parabola,Parabola,core,Geometry,Dynamic Geometry Constructions,geometry.dynamic-geometry-constructions.parabola,Construction Studio,learn,construction|slider|drag-and-observe,geometry-2d,geometry2d,family,lesson-preset,generated-template,needs-review,P0,available,applicable-missing,applicable-missing,applicable-missing,applicable-missing,not-applicable,applicable-missing,applicable-missing,Predict what will change. Drag or adjust one control. Observe the exact output. Explain the relationship.
230,/lessons/geometry/230-distance-length,Distance / Length,core,Geometry,Dynamic Geometry Constructions,geometry.dynamic-geometry-constructions.distance-length,Construction Studio,learn,construction|slider|drag-and-observe,geometry-2d,geometry2d,family,lesson-preset,generated-template,needs-review,P0,available,applicable-missing,applicable-missing,applicable-missing,applicable-missing,not-applicable,applicable-missing,applicable-missing,Predict what will change. Drag or adjust one control. Observe the exact output. Explain the relationship.
231,/lessons/geometry/231-area,Area,core,Geometry,Dynamic Geometry Constructions,geometry.dynamic-geometry-constructions.area,Construction Studio,learn,construction|slider|drag-and-observe,geometry-2d,geometry2d,family,lesson-preset,generated-template,needs-review,P0,available,applicable-missing,applicable-missing,applicable-missing,applicable-missing,not-applicable,applicable-missing,applicable-missing,Predict what will change. Drag or adjust one control. Observe the exact output. Explain the relationship.
232,/lessons/geometry/232-angle,Angle,core,Geometry,Dynamic Geometry Constructions,geometry.dynamic-geometry-constructions.angle,Construction Studio,learn,construction|slider|drag-and-observe,geometry-2d,geometry2d,family,lesson-preset,generated-template,needs-review,P0,available,applicable-missing,applicable-missing,applicable-missing,applicable-missing,not-applicable,applicable-missing,applicable-missing,Predict what will change. Drag or adjust one control. Observe the exact output. Explain the relationship.
233,/lessons/geometry/233-fixed-angle,Fixed Angle,core,Geometry,Dynamic Geometry Constructions,geometry.dynamic-geometry-constructions.fixed-angle,Construction Studio,learn,construction|slider|drag-and-observe,geometry-2d,geometry2d,family,lesson-preset,generated-template,needs-review,P0,available,applicable-missing,applicable-missing,applicable-missing,applicable-missing,not-applicable,applicable-missing,applicable-missing,Predict what will change. Drag or adjust one control. Observe the exact output. Explain the relationship.
234,/lessons/geometry/234-relation-checker,Relation Checker,core,Geometry,Dynamic Geometry Constructions,geometry.dynamic-geometry-constructions.relation-checker,Construction Studio,learn,construction|slider|drag-and-observe,geometry-2d,geometry2d,family,lesson-preset,generated-template,needs-review,P0,available,applicable-missing,applicable-missing,applicable-missing,applicable-missing,not-applicable,applicable-missing,applicable-missing,Predict what will change. Drag or adjust one control. Observe the exact output. Explain the relationship.
235,/lessons/geometry/235-construction-steps,Construction Steps,core,Geometry,Dynamic Geometry Constructions,geometry.dynamic-geometry-constructions.construction-steps,Construction Studio,learn,construction|slider|drag-and-observe,geometry-2d,geometry2d,family,lesson-preset,generated-template,needs-review,P0,available,applicable-missing,applicable-missing,applicable-missing,applicable-missing,not-applicable,applicable-missing,applicable-missing,Predict what will change. Drag or adjust one control. Observe the exact output. Explain the relationship.
236,/lessons/geometry/236-translation-by-vector,Translation by Vector,core,Geometry,Transformations and Loci,geometry.transformations-and-loci.translation-by-vector,Investigation Lab,investigation,construction|slider,geometry-2d,geometry2d,family,lesson-preset,generated-template,needs-review,P0,applicable-missing,applicable-missing,applicable-missing,applicable-missing,available,not-applicable,applicable-missing,applicable-missing,Predict what will change. Drag or adjust one control. Observe the exact output. Explain the relationship.
237,/lessons/geometry/237-reflection-in-line,Reflection in Line,core,Geometry,Transformations and Loci,geometry.transformations-and-loci.reflection-in-line,Investigation Lab,investigation,construction|slider,geometry-2d,geometry2d,family,lesson-preset,generated-template,needs-review,P0,applicable-missing,applicable-missing,applicable-missing,applicable-missing,available,not-applicable,applicable-missing,applicable-missing,Predict what will change. Drag or adjust one control. Observe the exact output. Explain the relationship.
238,/lessons/geometry/238-reflection-in-point,Reflection in Point,core,Geometry,Transformations and Loci,geometry.transformations-and-loci.reflection-in-point,Investigation Lab,investigation,construction|slider|drag-and-observe,geometry-2d,geometry2d,family,lesson-preset,generated-template,needs-review,P0,applicable-missing,applicable-missing,applicable-missing,applicable-missing,available,not-applicable,applicable-missing,applicable-missing,Predict what will change. Drag or adjust one control. Observe the exact output. Explain the relationship.
239,/lessons/geometry/239-reflection-in-circle,Reflection in Circle,core,Geometry,Transformations and Loci,geometry.transformations-and-loci.reflection-in-circle,Investigation Lab,investigation,construction|slider,geometry-2d,geometry2d,family,lesson-preset,generated-template,needs-review,P0,applicable-missing,applicable-missing,applicable-missing,applicable-missing,available,applicable-missing,applicable-missing,applicable-missing,Predict what will change. Drag or adjust one control. Observe the exact output. Explain the relationship.
240,/lessons/geometry/240-rotation-around-point,Rotation Around Point,core,Geometry,Transformations and Loci,geometry.transformations-and-loci.rotation-around-point,Investigation Lab,investigation,construction|slider|drag-and-observe,geometry-2d,geometry2d,family,lesson-preset,generated-template,needs-review,P0,applicable-missing,applicable-missing,applicable-missing,applicable-missing,available,not-applicable,applicable-missing,applicable-missing,Predict what will change. Drag or adjust one control. Observe the exact output. Explain the relationship.
241,/lessons/geometry/241-dilation-from-point,Dilation from Point,core,Geometry,Transformations and Loci,geometry.transformations-and-loci.dilation-from-point,Investigation Lab,investigation,construction|slider|drag-and-observe,geometry-2d,geometry2d,family,lesson-preset,generated-template,needs-review,P0,applicable-missing,applicable-missing,applicable-missing,applicable-missing,available,not-applicable,applicable-missing,applicable-missing,Predict what will change. Drag or adjust one control. Observe the exact output. Explain the relationship.
242,/lessons/geometry/242-matrix-transformation,Matrix Transformation,core,Geometry,Transformations and Loci,geometry.transformations-and-loci.matrix-transformation,Investigation Lab,investigation,construction|slider,geometry-2d,geometry2d,family,lesson-preset,generated-template,needs-review,P0,applicable-missing,applicable-missing,applicable-missing,applicable-missing,available,not-applicable,applicable-missing,applicable-missing,Predict what will change. Drag or adjust one control. Observe the exact output. Explain the relationship.
243,/lessons/geometry/243-composite-transformations,Composite Transformations,core,Geometry,Transformations and Loci,geometry.transformations-and-loci.composite-transformations,Investigation Lab,investigation,construction|slider,geometry-2d,geometry2d,family,lesson-preset,generated-template,needs-review,P0,applicable-missing,applicable-missing,applicable-missing,applicable-missing,available,not-applicable,applicable-missing,applicable-missing,Predict what will change. Drag or adjust one control. Observe the exact output. Explain the relationship.
244,/lessons/geometry/244-transformation-mapping,Transformation Mapping,core,Geometry,Transformations and Loci,geometry.transformations-and-loci.transformation-mapping,Investigation Lab,investigation,construction|slider,geometry-2d,geometry2d,family,lesson-preset,generated-template,needs-review,P0,applicable-missing,applicable-missing,applicable-missing,applicable-missing,available,not-applicable,applicable-missing,applicable-missing,Predict what will change. Drag or adjust one control. Observe the exact output. Explain the relationship.
245,/lessons/geometry/245-invariants,Invariants,core,Geometry,Transformations and Loci,geometry.transformations-and-loci.invariants,Investigation Lab,investigation,construction|slider,geometry-2d,geometry2d,family,lesson-preset,generated-template,needs-review,P0,applicable-missing,applicable-missing,applicable-missing,applicable-missing,available,not-applicable,applicable-missing,applicable-missing,Predict what will change. Drag or adjust one control. Observe the exact output. Explain the relationship.
246,/lessons/geometry/246-symmetry-explorer,Symmetry Explorer,core,Geometry,Transformations and Loci,geometry.transformations-and-loci.symmetry-explorer,Investigation Lab,investigation,construction|slider,geometry-2d,geometry2d,family,lesson-preset,generated-template,needs-review,P0,applicable-missing,applicable-missing,applicable-missing,applicable-missing,available,not-applicable,applicable-missing,applicable-missing,Predict what will change. Drag or adjust one control. Observe the exact output. Explain the relationship.
247,/lessons/geometry/247-locus-generator,Locus Generator,core,Geometry,Transformations and Loci,geometry.transformations-and-loci.locus-generator,Investigation Lab,investigation,construction|slider,geometry-2d,geometry2d,family,lesson-preset,generated-template,needs-review,P0,applicable-missing,applicable-missing,applicable-missing,applicable-missing,available,not-applicable,applicable-missing,applicable-missing,Predict what will change. Drag or adjust one control. Observe the exact output. Explain the relationship.
248,/lessons/geometry/248-equidistant-loci,Equidistant Loci,core,Geometry,Transformations and Loci,geometry.transformations-and-loci.equidistant-loci,Investigation Lab,investigation,construction|slider,geometry-2d,geometry2d,family,lesson-preset,generated-template,needs-review,P0,applicable-missing,applicable-missing,applicable-missing,applicable-missing,available,not-applicable,applicable-missing,applicable-missing,Predict what will change. Drag or adjust one control. Observe the exact output. Explain the relationship.
249,/lessons/geometry/249-moving-linkage-loci,Moving-Linkage Loci,core,Geometry,Transformations and Loci,geometry.transformations-and-loci.moving-linkage-loci,Investigation Lab,investigation,construction|slider,geometry-2d,geometry2d,family,lesson-preset,generated-template,needs-review,P0,applicable-missing,applicable-missing,applicable-missing,applicable-missing,available,not-applicable,applicable-missing,applicable-missing,Predict what will change. Drag or adjust one control. Observe the exact output. Explain the relationship.
250,/lessons/geometry/250-envelope-of-lines,Envelope of Lines,core,Geometry,Transformations and Loci,geometry.transformations-and-loci.envelope-of-lines,Investigation Lab,investigation,construction|slider,geometry-2d,geometry2d,family,lesson-preset,generated-template,needs-review,P0,applicable-missing,applicable-missing,applicable-missing,applicable-missing,available,not-applicable,applicable-missing,applicable-missing,Predict what will change. Drag or adjust one control. Observe the exact output. Explain the relationship.
251,/lessons/geometry/251-dynamic-trace,Dynamic Trace,core,Geometry,Transformations and Loci,geometry.transformations-and-loci.dynamic-trace,Investigation Lab,investigation,construction|slider,geometry-2d,geometry2d,family,lesson-preset,generated-template,needs-review,P0,applicable-missing,applicable-missing,applicable-missing,applicable-missing,available,not-applicable,applicable-missing,applicable-missing,Predict what will change. Drag or adjust one control. Observe the exact output. Explain the relationship.
252,/lessons/geometry/252-conjecture-testing,Conjecture Testing,core,Geometry,Transformations and Loci,geometry.transformations-and-loci.conjecture-testing,Investigation Lab,assessment,construction|slider,geometry-2d,geometry2d,family,lesson-preset,generated-template,needs-review,P0,applicable-missing,applicable-missing,applicable-missing,applicable-missing,applicable-missing,not-applicable,available,applicable-missing,Complete mixed items. Submit once ready. Review skill-level feedback. Open remediation links.
253,/lessons/geometry/253-exact-proof,Exact Proof,core,Geometry,Transformations and Loci,geometry.transformations-and-loci.exact-proof,Investigation Lab,visual-proof,construction|slider|open-response,geometry-2d,geometry2d,family,theorem-specific,family-specific,needs-review,P0,applicable-missing,applicable-missing,applicable-missing,applicable-missing,applicable-missing,available,applicable-missing,applicable-missing,State the theorem and identify given/fixed objects. Predict the invariant before manipulating the diagram. Manipulate the construction and record measurements. Bridge the visual invariant to the formal proof.
254,/lessons/geometry/254-collinearity-test,Collinearity Test,core,Geometry,Transformations and Loci,geometry.transformations-and-loci.collinearity-test,Investigation Lab,assessment,construction|slider,geometry-2d,geometry2d,family,lesson-preset,generated-template,needs-review,P0,applicable-missing,applicable-missing,applicable-missing,applicable-missing,applicable-missing,not-applicable,available,applicable-missing,Complete mixed items. Submit once ready. Review skill-level feedback. Open remediation links.
255,/lessons/geometry/255-concurrency-test,Concurrency Test,core,Geometry,Transformations and Loci,geometry.transformations-and-loci.concurrency-test,Investigation Lab,assessment,construction|slider,geometry-2d,geometry2d,family,lesson-preset,generated-template,needs-review,P0,applicable-missing,applicable-missing,applicable-missing,applicable-missing,applicable-missing,not-applicable,available,applicable-missing,Complete mixed items. Submit once ready. Review skill-level feedback. Open remediation links.
256,/lessons/geometry/256-concyclicity-test,Concyclicity Test,core,Geometry,Transformations and Loci,geometry.transformations-and-loci.concyclicity-test,Investigation Lab,assessment,construction|slider,geometry-2d,geometry2d,family,lesson-preset,generated-template,needs-review,P0,applicable-missing,applicable-missing,applicable-missing,applicable-missing,applicable-missing,not-applicable,available,applicable-missing,Complete mixed items. Submit once ready. Review skill-level feedback. Open remediation links.
257,/lessons/trigonometry/257-angle-measurement,Angle Measurement,core,Trigonometry,Trigonometry,trigonometry.trigonometry.angle-measurement,Visual Lab,explore,construction|slider,geometry-2d,trigonometry,family,lesson-preset,generated-template,needs-review,P0,applicable-missing,available,applicable-missing,applicable-missing,applicable-missing,not-applicable,applicable-missing,applicable-missing,Predict what will change. Drag or adjust one control. Observe the exact output. Explain the relationship.
258,/lessons/trigonometry/258-unit-circle,Unit Circle,core,Trigonometry,Trigonometry,trigonometry.trigonometry.unit-circle,Visual Lab,explore,construction|slider,geometry-2d,trigonometry,family,lesson-preset,generated-template,needs-review,P0,applicable-missing,available,applicable-missing,applicable-missing,applicable-missing,applicable-missing,applicable-missing,applicable-missing,Predict what will change. Drag or adjust one control. Observe the exact output. Explain the relationship.
259,/lessons/trigonometry/259-right-triangle-ratios,Right-Triangle Ratios,core,Trigonometry,Trigonometry,trigonometry.trigonometry.right-triangle-ratios,Visual Lab,explore,construction|slider,geometry-2d,trigonometry,family,lesson-preset,generated-template,needs-review,P0,applicable-missing,available,applicable-missing,applicable-missing,applicable-missing,not-applicable,applicable-missing,applicable-missing,Predict what will change. Drag or adjust one control. Observe the exact output. Explain the relationship.
260,/lessons/trigonometry/260-exact-trig-values,Exact Trig Values,core,Trigonometry,Trigonometry,trigonometry.trigonometry.exact-trig-values,Visual Lab,explore,graphing|slider,graph-2d,trigonometry,family,lesson-preset,generated-template,needs-review,P0,applicable-missing,available,applicable-missing,applicable-missing,applicable-missing,not-applicable,applicable-missing,applicable-missing,Predict what will change. Drag or adjust one control. Observe the exact output. Explain the relationship.
261,/lessons/trigonometry/261-sine-graph,Sine Graph,core,Trigonometry,Trigonometry,trigonometry.trigonometry.sine-graph,Visual Lab,explore,graphing|slider,graph-2d,trigonometry,family,lesson-preset,generated-template,needs-review,P0,applicable-missing,available,applicable-missing,applicable-missing,applicable-missing,not-applicable,applicable-missing,applicable-missing,Predict what will change. Drag or adjust one control. Observe the exact output. Explain the relationship.
262,/lessons/trigonometry/262-cosine-graph,Cosine Graph,core,Trigonometry,Trigonometry,trigonometry.trigonometry.cosine-graph,Visual Lab,explore,graphing|slider,graph-2d,trigonometry,family,lesson-preset,generated-template,needs-review,P0,applicable-missing,available,applicable-missing,applicable-missing,applicable-missing,not-applicable,applicable-missing,applicable-missing,Predict what will change. Drag or adjust one control. Observe the exact output. Explain the relationship.
263,/lessons/trigonometry/263-tangent-graph,Tangent Graph,core,Trigonometry,Trigonometry,trigonometry.trigonometry.tangent-graph,Visual Lab,explore,construction|slider,geometry-2d,trigonometry,family,lesson-preset,generated-template,needs-review,P0,applicable-missing,available,applicable-missing,applicable-missing,applicable-missing,applicable-missing,applicable-missing,applicable-missing,Predict what will change. Drag or adjust one control. Observe the exact output. Explain the relationship.
264,/lessons/trigonometry/264-reciprocal-trig-functions,Reciprocal Trig Functions,core,Trigonometry,Trigonometry,trigonometry.trigonometry.reciprocal-trig-functions,Visual Lab,explore,graphing|slider,graph-2d,trigonometry,family,lesson-preset,generated-template,needs-review,P0,applicable-missing,available,applicable-missing,applicable-missing,applicable-missing,not-applicable,applicable-missing,applicable-missing,Predict what will change. Drag or adjust one control. Observe the exact output. Explain the relationship.
265,/lessons/trigonometry/265-inverse-trig-functions,Inverse Trig Functions,core,Trigonometry,Trigonometry,trigonometry.trigonometry.inverse-trig-functions,Visual Lab,explore,graphing|slider,graph-2d,trigonometry,family,lesson-preset,generated-template,needs-review,P0,applicable-missing,available,applicable-missing,applicable-missing,applicable-missing,not-applicable,applicable-missing,applicable-missing,Predict what will change. Drag or adjust one control. Observe the exact output. Explain the relationship.
266,/lessons/trigonometry/266-trig-identities,Trig Identities,core,Trigonometry,Trigonometry,trigonometry.trigonometry.trig-identities,Visual Lab,explore,graphing|slider,graph-2d,trigonometry,family,lesson-preset,generated-template,needs-review,P0,applicable-missing,available,applicable-missing,applicable-missing,applicable-missing,not-applicable,applicable-missing,applicable-missing,Predict what will change. Drag or adjust one control. Observe the exact output. Explain the relationship.
267,/lessons/trigonometry/267-compound-angle-formulae,Compound-Angle Formulae,core,Trigonometry,Trigonometry,trigonometry.trigonometry.compound-angle-formulae,Visual Lab,explore,construction|slider,geometry-2d,trigonometry,family,lesson-preset,generated-template,needs-review,P0,applicable-missing,available,applicable-missing,applicable-missing,applicable-missing,not-applicable,applicable-missing,applicable-missing,Predict what will change. Drag or adjust one control. Observe the exact output. Explain the relationship.
268,/lessons/trigonometry/268-double-and-half-angle-formulae,Double- and Half-Angle Formulae,core,Trigonometry,Trigonometry,trigonometry.trigonometry.double-and-half-angle-formulae,Visual Lab,explore,construction|slider,geometry-2d,trigonometry,family,lesson-preset,generated-template,needs-review,P0,applicable-missing,available,applicable-missing,applicable-missing,applicable-missing,not-applicable,applicable-missing,applicable-missing,Predict what will change. Drag or adjust one control. Observe the exact output. Explain the relationship.
269,/lessons/trigonometry/269-trig-equations,Trig Equations,core,Trigonometry,Trigonometry,trigonometry.trigonometry.trig-equations,Visual Lab,explore,cas|slider,cas-data,trigonometry,family,lesson-preset,generated-template,needs-review,P0,applicable-missing,available,applicable-missing,applicable-missing,applicable-missing,not-applicable,applicable-missing,applicable-missing,Predict what will change. Drag or adjust one control. Observe the exact output. Explain the relationship.
270,/lessons/trigonometry/270-sine-rule,Sine Rule,core,Trigonometry,Trigonometry,trigonometry.trigonometry.sine-rule,Visual Lab,explore,graphing|slider,graph-2d,trigonometry,family,lesson-preset,generated-template,needs-review,P0,applicable-missing,available,applicable-missing,applicable-missing,applicable-missing,not-applicable,applicable-missing,applicable-missing,Predict what will change. Drag or adjust one control. Observe the exact output. Explain the relationship.
271,/lessons/trigonometry/271-cosine-rule,Cosine Rule,core,Trigonometry,Trigonometry,trigonometry.trigonometry.cosine-rule,Visual Lab,explore,graphing|slider,graph-2d,trigonometry,family,lesson-preset,generated-template,needs-review,P0,applicable-missing,available,applicable-missing,applicable-missing,applicable-missing,not-applicable,applicable-missing,applicable-missing,Predict what will change. Drag or adjust one control. Observe the exact output. Explain the relationship.
272,/lessons/trigonometry/272-triangle-area-formula,Triangle Area Formula,core,Trigonometry,Trigonometry,trigonometry.trigonometry.triangle-area-formula,Visual Lab,explore,construction|slider,geometry-2d,trigonometry,family,lesson-preset,generated-template,needs-review,P0,applicable-missing,available,applicable-missing,applicable-missing,applicable-missing,not-applicable,applicable-missing,applicable-missing,Predict what will change. Drag or adjust one control. Observe the exact output. Explain the relationship.
273,/lessons/trigonometry/273-bearings,Bearings,core,Trigonometry,Trigonometry,trigonometry.trigonometry.bearings,Visual Lab,explore,graphing|slider,graph-2d,trigonometry,family,lesson-preset,generated-template,needs-review,P0,applicable-missing,available,applicable-missing,applicable-missing,applicable-missing,not-applicable,applicable-missing,applicable-missing,Predict what will change. Drag or adjust one control. Observe the exact output. Explain the relationship.
274,/lessons/trigonometry/274-elevation-and-depression,Elevation and Depression,core,Trigonometry,Trigonometry,trigonometry.trigonometry.elevation-and-depression,Visual Lab,explore,graphing|slider,graph-2d,trigonometry,family,lesson-preset,generated-template,needs-review,P0,applicable-missing,available,applicable-missing,applicable-missing,applicable-missing,not-applicable,applicable-missing,applicable-missing,Predict what will change. Drag or adjust one control. Observe the exact output. Explain the relationship.
275,/lessons/trigonometry/275-harmonic-motion,Harmonic Motion,core,Trigonometry,Trigonometry,trigonometry.trigonometry.harmonic-motion,Visual Lab,explore,graphing|slider,graph-2d,trigonometry,family,lesson-preset,generated-template,needs-review,P0,applicable-missing,available,applicable-missing,applicable-missing,applicable-missing,not-applicable,applicable-missing,applicable-missing,Predict what will change. Drag or adjust one control. Observe the exact output. Explain the relationship.
276,/lessons/trigonometry/276-polar-trigonometry,Polar Trigonometry,core,Trigonometry,Trigonometry,trigonometry.trigonometry.polar-trigonometry,Visual Lab,explore,graphing|slider,graph-2d,trigonometry,family,lesson-preset,generated-template,needs-review,P0,applicable-missing,available,applicable-missing,applicable-missing,applicable-missing,not-applicable,applicable-missing,applicable-missing,Predict what will change. Drag or adjust one control. Observe the exact output. Explain the relationship.
428,/lessons/symbolic-mathematics/428-symbolic-evaluation,Symbolic Evaluation,core,Symbolic Mathematics,CAS Workspace,symbolic-mathematics.cas-workspace.symbolic-evaluation,CAS Lab,learn,construction|3d|animation,geometry-3d,cas,family,lesson-preset,generated-template,needs-review,P0,available,applicable-missing,applicable-missing,applicable-missing,applicable-missing,not-applicable,applicable-missing,applicable-missing,Read the core idea for Symbolic Evaluation. Inspect the visual or symbolic model. Answer the quick check. Choose the next resource.
429,/lessons/symbolic-mathematics/429-simplify,Simplify,core,Symbolic Mathematics,CAS Workspace,symbolic-mathematics.cas-workspace.simplify,CAS Lab,learn,construction|3d|animation,geometry-3d,cas,family,lesson-preset,generated-template,needs-review,P0,available,applicable-missing,applicable-missing,applicable-missing,applicable-missing,not-applicable,applicable-missing,applicable-missing,Read the core idea for Simplify. Inspect the visual or symbolic model. Answer the quick check. Choose the next resource.
430,/lessons/symbolic-mathematics/430-expand,Expand,core,Symbolic Mathematics,CAS Workspace,symbolic-mathematics.cas-workspace.expand,CAS Lab,learn,construction|3d|animation,geometry-3d,cas,family,lesson-preset,generated-template,needs-review,P0,available,applicable-missing,applicable-missing,applicable-missing,applicable-missing,not-applicable,applicable-missing,applicable-missing,Read the core idea for Expand. Inspect the visual or symbolic model. Answer the quick check. Choose the next resource.
431,/lessons/symbolic-mathematics/431-factor,Factor,core,Symbolic Mathematics,CAS Workspace,symbolic-mathematics.cas-workspace.factor,CAS Lab,learn,construction|3d|animation,geometry-3d,cas,family,lesson-preset,generated-template,needs-review,P0,available,applicable-missing,applicable-missing,applicable-missing,applicable-missing,not-applicable,applicable-missing,applicable-missing,Read the core idea for Factor. Inspect the visual or symbolic model. Answer the quick check. Choose the next resource.
432,/lessons/symbolic-mathematics/432-substitute,Substitute,core,Symbolic Mathematics,CAS Workspace,symbolic-mathematics.cas-workspace.substitute,CAS Lab,learn,construction|3d|animation,geometry-3d,cas,family,lesson-preset,generated-template,needs-review,P0,available,applicable-missing,applicable-missing,applicable-missing,applicable-missing,not-applicable,applicable-missing,applicable-missing,Read the core idea for Substitute. Inspect the visual or symbolic model. Answer the quick check. Choose the next resource.
433,/lessons/symbolic-mathematics/433-solve,Solve,core,Symbolic Mathematics,CAS Workspace,symbolic-mathematics.cas-workspace.solve,CAS Lab,learn,construction|3d|animation,geometry-3d,cas,family,lesson-preset,generated-template,needs-review,P0,available,applicable-missing,applicable-missing,applicable-missing,applicable-missing,not-applicable,applicable-missing,applicable-missing,Read the core idea for Solve. Inspect the visual or symbolic model. Answer the quick check. Choose the next resource.
434,/lessons/symbolic-mathematics/434-numerical-solve,Numerical Solve,core,Symbolic Mathematics,CAS Workspace,symbolic-mathematics.cas-workspace.numerical-solve,CAS Lab,learn,construction|3d|animation,geometry-3d,cas,family,lesson-preset,generated-template,needs-review,P0,available,applicable-missing,applicable-missing,applicable-missing,applicable-missing,not-applicable,applicable-missing,applicable-missing,Read the core idea for Numerical Solve. Inspect the visual or symbolic model. Answer the quick check. Choose the next resource.
435,/lessons/symbolic-mathematics/435-solve-systems,Solve Systems,core,Symbolic Mathematics,CAS Workspace,symbolic-mathematics.cas-workspace.solve-systems,CAS Lab,learn,construction|3d|animation,geometry-3d,cas,family,lesson-preset,generated-template,needs-review,P0,available,applicable-missing,applicable-missing,applicable-missing,applicable-missing,not-applicable,applicable-missing,applicable-missing,Read the core idea for Solve Systems. Inspect the visual or symbolic model. Answer the quick check. Choose the next resource.
436,/lessons/symbolic-mathematics/436-eliminate-variables,Eliminate Variables,core,Symbolic Mathematics,CAS Workspace,symbolic-mathematics.cas-workspace.eliminate-variables,CAS Lab,learn,construction|3d|animation,geometry-3d,cas,family,lesson-preset,generated-template,needs-review,P0,available,applicable-missing,applicable-missing,applicable-missing,applicable-missing,not-applicable,applicable-missing,applicable-missing,Read the core idea for Eliminate Variables. Inspect the visual or symbolic model. Answer the quick check. Choose the next resource.
437,/lessons/symbolic-mathematics/437-partial-fractions,Partial Fractions,core,Symbolic Mathematics,CAS Workspace,symbolic-mathematics.cas-workspace.partial-fractions,CAS Lab,learn,graphing|3d|animation,graph-3d,cas,family,lesson-preset,generated-template,needs-review,P0,available,applicable-missing,applicable-missing,applicable-missing,applicable-missing,not-applicable,applicable-missing,applicable-missing,Read the core idea for Partial Fractions. Inspect the visual or symbolic model. Answer the quick check. Choose the next resource.
438,/lessons/symbolic-mathematics/438-polynomial-division,Polynomial Division,core,Symbolic Mathematics,CAS Workspace,symbolic-mathematics.cas-workspace.polynomial-division,CAS Lab,learn,construction|3d|animation,geometry-3d,cas,family,lesson-preset,generated-template,needs-review,P0,available,applicable-missing,applicable-missing,applicable-missing,applicable-missing,not-applicable,applicable-missing,applicable-missing,Read the core idea for Polynomial Division. Inspect the visual or symbolic model. Answer the quick check. Choose the next resource.
439,/lessons/symbolic-mathematics/439-derivatives,Derivatives,core,Symbolic Mathematics,CAS Workspace,symbolic-mathematics.cas-workspace.derivatives,CAS Lab,learn,construction|3d|animation,geometry-3d,cas,family,lesson-preset,generated-template,needs-review,P0,available,applicable-missing,applicable-missing,applicable-missing,applicable-missing,not-applicable,applicable-missing,applicable-missing,Read the core idea for Derivatives. Inspect the visual or symbolic model. Answer the quick check. Choose the next resource.
440,/lessons/symbolic-mathematics/440-integrals,Integrals,core,Symbolic Mathematics,CAS Workspace,symbolic-mathematics.cas-workspace.integrals,CAS Lab,learn,construction|3d|animation,geometry-3d,cas,family,lesson-preset,generated-template,needs-review,P0,available,applicable-missing,applicable-missing,applicable-missing,applicable-missing,not-applicable,applicable-missing,applicable-missing,Read the core idea for Integrals. Inspect the visual or symbolic model. Answer the quick check. Choose the next resource.
441,/lessons/symbolic-mathematics/441-limits,Limits,core,Symbolic Mathematics,CAS Workspace,symbolic-mathematics.cas-workspace.limits,CAS Lab,learn,construction|3d|animation,geometry-3d,cas,family,lesson-preset,generated-template,needs-review,P0,available,applicable-missing,applicable-missing,applicable-missing,applicable-missing,not-applicable,applicable-missing,applicable-missing,Read the core idea for Limits. Inspect the visual or symbolic model. Answer the quick check. Choose the next resource.
442,/lessons/symbolic-mathematics/442-series-expansions,Series Expansions,core,Symbolic Mathematics,CAS Workspace,symbolic-mathematics.cas-workspace.series-expansions,CAS Lab,learn,construction|3d|animation,geometry-3d,cas,family,lesson-preset,generated-template,needs-review,P0,available,applicable-missing,applicable-missing,applicable-missing,applicable-missing,not-applicable,applicable-missing,applicable-missing,Read the core idea for Series Expansions. Inspect the visual or symbolic model. Answer the quick check. Choose the next resource.
443,/lessons/symbolic-mathematics/443-differential-equations,Differential Equations,core,Symbolic Mathematics,CAS Workspace,symbolic-mathematics.cas-workspace.differential-equations,CAS Lab,learn,construction|3d|slider,geometry-3d,cas,lesson,lesson-preset,lesson-specific,needs-review,P0,available,applicable-missing,applicable-missing,applicable-missing,applicable-missing,not-applicable,applicable-missing,applicable-missing,Predict what will change. Drag or adjust one control. Observe the exact output. Explain the relationship.
444,/lessons/symbolic-mathematics/444-matrix-operations,Matrix Operations,core,Symbolic Mathematics,CAS Workspace,symbolic-mathematics.cas-workspace.matrix-operations,CAS Lab,learn,construction|3d|animation,geometry-3d,cas,family,lesson-preset,generated-template,needs-review,P0,available,applicable-missing,applicable-missing,applicable-missing,applicable-missing,not-applicable,applicable-missing,applicable-missing,Read the core idea for Matrix Operations. Inspect the visual or symbolic model. Answer the quick check. Choose the next resource.
445,/lessons/symbolic-mathematics/445-complex-calculations,Complex Calculations,core,Symbolic Mathematics,CAS Workspace,symbolic-mathematics.cas-workspace.complex-calculations,CAS Lab,learn,construction|3d|animation,geometry-3d,cas,family,lesson-preset,generated-template,needs-review,P0,available,applicable-missing,applicable-missing,applicable-missing,applicable-missing,not-applicable,applicable-missing,applicable-missing,Read the core idea for Complex Calculations. Inspect the visual or symbolic model. Answer the quick check. Choose the next resource.
446,/lessons/symbolic-mathematics/446-assumptions,Assumptions,core,Symbolic Mathematics,CAS Workspace,symbolic-mathematics.cas-workspace.assumptions,CAS Lab,learn,construction|3d|animation,geometry-3d,cas,family,lesson-preset,generated-template,needs-review,P0,available,applicable-missing,applicable-missing,applicable-missing,applicable-missing,not-applicable,applicable-missing,applicable-missing,Read the core idea for Assumptions. Inspect the visual or symbolic model. Answer the quick check. Choose the next resource.
447,/lessons/symbolic-mathematics/447-exact-numeric-toggle,Exact / Numeric Toggle,core,Symbolic Mathematics,CAS Workspace,symbolic-mathematics.cas-workspace.exact-numeric-toggle,CAS Lab,learn,construction|3d|animation,geometry-3d,cas,family,lesson-preset,generated-template,needs-review,P0,available,applicable-missing,applicable-missing,applicable-missing,applicable-missing,not-applicable,applicable-missing,applicable-missing,Read the core idea for Exact / Numeric Toggle. Inspect the visual or symbolic model. Answer the quick check. Choose the next resource.
448,/lessons/symbolic-mathematics/448-step-by-step-algebra,Step-by-Step Algebra,core,Symbolic Mathematics,CAS Workspace,symbolic-mathematics.cas-workspace.step-by-step-algebra,CAS Lab,learn,construction|3d|animation,geometry-3d,cas,family,lesson-preset,generated-template,needs-review,P0,available,applicable-missing,applicable-missing,applicable-missing,applicable-missing,not-applicable,applicable-missing,applicable-missing,Read the core idea for Step-by-Step Algebra. Inspect the visual or symbolic model. Answer the quick check. Choose the next resource.
449,/lessons/symbolic-mathematics/449-cas-to-graph-link,CAS-to-Graph Link,core,Symbolic Mathematics,CAS Workspace,symbolic-mathematics.cas-workspace.cas-to-graph-link,CAS Lab,learn,construction|3d|animation,geometry-3d,cas,family,lesson-preset,generated-template,needs-review,P0,available,applicable-missing,applicable-missing,applicable-missing,applicable-missing,not-applicable,applicable-missing,applicable-missing,Read the core idea for CAS-to-Graph Link. Inspect the visual or symbolic model. Answer the quick check. Choose the next resource.
277,/lessons/calculus/277-informal-limits,Informal Limits,core,Calculus,Limits and Differential Calculus,calculus.limits-and-differential-calculus.informal-limits,Calculus Lab,learn,cas|slider,cas-data,calculus,family,lesson-preset,generated-template,needs-review,P0,available,applicable-missing,applicable-missing,applicable-missing,applicable-missing,not-applicable,applicable-missing,applicable-missing,Predict what will change. Drag or adjust one control. Observe the exact output. Explain the relationship.
278,/lessons/calculus/278-one-sided-limits,One-Sided Limits,core,Calculus,Limits and Differential Calculus,calculus.limits-and-differential-calculus.one-sided-limits,Calculus Lab,learn,cas|slider,cas-data,calculus,family,lesson-preset,generated-template,needs-review,P0,available,applicable-missing,applicable-missing,applicable-missing,applicable-missing,not-applicable,applicable-missing,applicable-missing,Predict what will change. Drag or adjust one control. Observe the exact output. Explain the relationship.
279,/lessons/calculus/279-infinite-limits,Infinite Limits,core,Calculus,Limits and Differential Calculus,calculus.limits-and-differential-calculus.infinite-limits,Calculus Lab,learn,cas|slider,cas-data,calculus,family,lesson-preset,generated-template,needs-review,P0,available,applicable-missing,applicable-missing,applicable-missing,applicable-missing,not-applicable,applicable-missing,applicable-missing,Predict what will change. Drag or adjust one control. Observe the exact output. Explain the relationship.
280,/lessons/calculus/280-limits-at-infinity,Limits at Infinity,core,Calculus,Limits and Differential Calculus,calculus.limits-and-differential-calculus.limits-at-infinity,Calculus Lab,learn,cas|slider,cas-data,calculus,family,lesson-preset,generated-template,needs-review,P0,available,applicable-missing,applicable-missing,applicable-missing,applicable-missing,not-applicable,applicable-missing,applicable-missing,Predict what will change. Drag or adjust one control. Observe the exact output. Explain the relationship.
281,/lessons/calculus/281-continuity-at-a-point,Continuity at a Point,core,Calculus,Limits and Differential Calculus,calculus.limits-and-differential-calculus.continuity-at-a-point,Calculus Lab,learn,cas|slider|drag-and-observe,cas-data,calculus,family,lesson-preset,generated-template,needs-review,P0,available,applicable-missing,applicable-missing,applicable-missing,applicable-missing,not-applicable,applicable-missing,applicable-missing,Predict what will change. Drag or adjust one control. Observe the exact output. Explain the relationship.
282,/lessons/calculus/282-types-of-discontinuity,Types of Discontinuity,core,Calculus,Limits and Differential Calculus,calculus.limits-and-differential-calculus.types-of-discontinuity,Calculus Lab,learn,cas|slider,cas-data,calculus,family,lesson-preset,generated-template,needs-review,P0,available,applicable-missing,applicable-missing,applicable-missing,applicable-missing,not-applicable,applicable-missing,applicable-missing,Predict what will change. Drag or adjust one control. Observe the exact output. Explain the relationship.
283,/lessons/calculus/283-epsilondelta-visualiser,Epsilon–Delta Visualiser,core,Calculus,Limits and Differential Calculus,calculus.limits-and-differential-calculus.epsilon-delta-visualiser,Calculus Lab,explore,cas|slider,cas-data,calculus,family,lesson-preset,generated-template,needs-review,P0,applicable-missing,available,applicable-missing,applicable-missing,applicable-missing,not-applicable,applicable-missing,applicable-missing,Predict what will change. Drag or adjust one control. Observe the exact output. Explain the relationship.
284,/lessons/calculus/284-average-rate-of-change,Average Rate of Change,core,Calculus,Limits and Differential Calculus,calculus.limits-and-differential-calculus.average-rate-of-change,Calculus Lab,learn,cas|slider,cas-data,calculus,family,lesson-preset,generated-template,needs-review,P0,available,applicable-missing,applicable-missing,applicable-missing,applicable-missing,not-applicable,applicable-missing,applicable-missing,Predict what will change. Drag or adjust one control. Observe the exact output. Explain the relationship.
285,/lessons/calculus/285-instantaneous-rate-of-change,Instantaneous Rate of Change,core,Calculus,Limits and Differential Calculus,calculus.limits-and-differential-calculus.instantaneous-rate-of-change,Calculus Lab,learn,cas|slider,cas-data,calculus,family,lesson-preset,generated-template,needs-review,P0,available,applicable-missing,applicable-missing,applicable-missing,applicable-missing,not-applicable,applicable-missing,applicable-missing,Predict what will change. Drag or adjust one control. Observe the exact output. Explain the relationship.
286,/lessons/calculus/286-derivative-from-first-principles,Derivative from First Principles,core,Calculus,Limits and Differential Calculus,calculus.limits-and-differential-calculus.derivative-from-first-principles,Calculus Lab,learn,cas|slider,cas-data,calculus,family,lesson-preset,generated-template,needs-review,P0,available,applicable-missing,applicable-missing,applicable-missing,applicable-missing,not-applicable,applicable-missing,applicable-missing,Predict what will change. Drag or adjust one control. Observe the exact output. Explain the relationship.
287,/lessons/calculus/287-tangent-line,Tangent Line,core,Calculus,Limits and Differential Calculus,calculus.limits-and-differential-calculus.tangent-line,Calculus Lab,learn,construction|slider,geometry-2d,calculus,family,lesson-preset,generated-template,needs-review,P0,available,applicable-missing,applicable-missing,applicable-missing,applicable-missing,applicable-missing,applicable-missing,applicable-missing,Predict what will change. Drag or adjust one control. Observe the exact output. Explain the relationship.
288,/lessons/calculus/288-normal-line,Normal Line,core,Calculus,Limits and Differential Calculus,calculus.limits-and-differential-calculus.normal-line,Calculus Lab,learn,cas|slider,cas-data,calculus,family,lesson-preset,generated-template,needs-review,P0,available,applicable-missing,applicable-missing,applicable-missing,applicable-missing,not-applicable,applicable-missing,applicable-missing,Predict what will change. Drag or adjust one control. Observe the exact output. Explain the relationship.
289,/lessons/calculus/289-derivative-graph,Derivative Graph,core,Calculus,Limits and Differential Calculus,calculus.limits-and-differential-calculus.derivative-graph,Calculus Lab,learn,cas|slider,cas-data,calculus,family,lesson-preset,generated-template,needs-review,P0,available,applicable-missing,applicable-missing,applicable-missing,applicable-missing,not-applicable,applicable-missing,applicable-missing,Predict what will change. Drag or adjust one control. Observe the exact output. Explain the relationship.
290,/lessons/calculus/290-higher-derivatives,Higher Derivatives,core,Calculus,Limits and Differential Calculus,calculus.limits-and-differential-calculus.higher-derivatives,Calculus Lab,learn,cas|slider,cas-data,calculus,family,lesson-preset,generated-template,needs-review,P0,available,applicable-missing,applicable-missing,applicable-missing,applicable-missing,not-applicable,applicable-missing,applicable-missing,Predict what will change. Drag or adjust one control. Observe the exact output. Explain the relationship.
291,/lessons/calculus/291-product-rule,Product Rule,core,Calculus,Limits and Differential Calculus,calculus.limits-and-differential-calculus.product-rule,Calculus Lab,learn,cas|slider,cas-data,calculus,family,lesson-preset,generated-template,needs-review,P0,available,applicable-missing,applicable-missing,applicable-missing,applicable-missing,not-applicable,applicable-missing,applicable-missing,Predict what will change. Drag or adjust one control. Observe the exact output. Explain the relationship.
292,/lessons/calculus/292-quotient-rule,Quotient Rule,core,Calculus,Limits and Differential Calculus,calculus.limits-and-differential-calculus.quotient-rule,Calculus Lab,learn,cas|slider,cas-data,calculus,family,lesson-preset,generated-template,needs-review,P0,available,applicable-missing,applicable-missing,applicable-missing,applicable-missing,not-applicable,applicable-missing,applicable-missing,Predict what will change. Drag or adjust one control. Observe the exact output. Explain the relationship.
293,/lessons/calculus/293-chain-rule,Chain Rule,core,Calculus,Limits and Differential Calculus,calculus.limits-and-differential-calculus.chain-rule,Calculus Lab,learn,cas|slider,cas-data,calculus,family,lesson-preset,generated-template,needs-review,P0,available,applicable-missing,applicable-missing,applicable-missing,applicable-missing,not-applicable,applicable-missing,applicable-missing,Predict what will change. Drag or adjust one control. Observe the exact output. Explain the relationship.
294,/lessons/calculus/294-implicit-differentiation,Implicit Differentiation,core,Calculus,Limits and Differential Calculus,calculus.limits-and-differential-calculus.implicit-differentiation,Calculus Lab,learn,cas|slider,cas-data,calculus,family,lesson-preset,generated-template,needs-review,P0,available,applicable-missing,applicable-missing,applicable-missing,applicable-missing,not-applicable,applicable-missing,applicable-missing,Predict what will change. Drag or adjust one control. Observe the exact output. Explain the relationship.
295,/lessons/calculus/295-parametric-differentiation,Parametric Differentiation,core,Calculus,Limits and Differential Calculus,calculus.limits-and-differential-calculus.parametric-differentiation,Calculus Lab,learn,cas|slider,cas-data,calculus,family,lesson-preset,generated-template,needs-review,P0,available,applicable-missing,applicable-missing,applicable-missing,applicable-missing,not-applicable,applicable-missing,applicable-missing,Predict what will change. Drag or adjust one control. Observe the exact output. Explain the relationship.
296,/lessons/calculus/296-critical-points,Critical Points,core,Calculus,Limits and Differential Calculus,calculus.limits-and-differential-calculus.critical-points,Calculus Lab,learn,cas|slider|drag-and-observe,cas-data,calculus,family,lesson-preset,generated-template,needs-review,P0,available,applicable-missing,applicable-missing,applicable-missing,applicable-missing,not-applicable,applicable-missing,applicable-missing,Predict what will change. Drag or adjust one control. Observe the exact output. Explain the relationship.
297,/lessons/calculus/297-increasing-decreasing,Increasing / Decreasing,core,Calculus,Limits and Differential Calculus,calculus.limits-and-differential-calculus.increasing-decreasing,Calculus Lab,learn,cas|slider,cas-data,calculus,family,lesson-preset,generated-template,needs-review,P0,available,applicable-missing,applicable-missing,applicable-missing,applicable-missing,not-applicable,applicable-missing,applicable-missing,Predict what will change. Drag or adjust one control. Observe the exact output. Explain the relationship.
298,/lessons/calculus/298-local-and-global-extrema,Local and Global Extrema,core,Calculus,Limits and Differential Calculus,calculus.limits-and-differential-calculus.local-and-global-extrema,Calculus Lab,learn,cas|slider,cas-data,calculus,family,lesson-preset,generated-template,needs-review,P0,available,applicable-missing,applicable-missing,applicable-missing,applicable-missing,not-applicable,applicable-missing,applicable-missing,Predict what will change. Drag or adjust one control. Observe the exact output. Explain the relationship.
299,/lessons/calculus/299-concavity,Concavity,core,Calculus,Limits and Differential Calculus,calculus.limits-and-differential-calculus.concavity,Calculus Lab,learn,cas|slider,cas-data,calculus,family,lesson-preset,generated-template,needs-review,P0,available,applicable-missing,applicable-missing,applicable-missing,applicable-missing,not-applicable,applicable-missing,applicable-missing,Predict what will change. Drag or adjust one control. Observe the exact output. Explain the relationship.
300,/lessons/calculus/300-inflection-points,Inflection Points,core,Calculus,Limits and Differential Calculus,calculus.limits-and-differential-calculus.inflection-points,Calculus Lab,learn,cas|slider|drag-and-observe,cas-data,calculus,family,lesson-preset,generated-template,needs-review,P0,available,applicable-missing,applicable-missing,applicable-missing,applicable-missing,not-applicable,applicable-missing,applicable-missing,Predict what will change. Drag or adjust one control. Observe the exact output. Explain the relationship.
301,/lessons/calculus/301-optimisation,Optimisation,core,Calculus,Limits and Differential Calculus,calculus.limits-and-differential-calculus.optimisation,Calculus Lab,learn,cas|slider,cas-data,calculus,family,lesson-preset,generated-template,needs-review,P0,available,applicable-missing,applicable-missing,applicable-missing,applicable-missing,not-applicable,applicable-missing,applicable-missing,Predict what will change. Drag or adjust one control. Observe the exact output. Explain the relationship.
302,/lessons/calculus/302-related-rates,Related Rates,core,Calculus,Limits and Differential Calculus,calculus.limits-and-differential-calculus.related-rates,Calculus Lab,learn,cas|slider,cas-data,calculus,family,lesson-preset,generated-template,needs-review,P0,available,applicable-missing,applicable-missing,applicable-missing,applicable-missing,not-applicable,applicable-missing,applicable-missing,Predict what will change. Drag or adjust one control. Observe the exact output. Explain the relationship.
303,/lessons/calculus/303-motion-analysis,Motion Analysis,core,Calculus,Limits and Differential Calculus,calculus.limits-and-differential-calculus.motion-analysis,Calculus Lab,learn,cas|slider,cas-data,calculus,family,lesson-preset,generated-template,needs-review,P0,available,applicable-missing,applicable-missing,applicable-missing,applicable-missing,not-applicable,applicable-missing,applicable-missing,Predict what will change. Drag or adjust one control. Observe the exact output. Explain the relationship.
304,/lessons/calculus/304-newton-s-method,Newton's Method,core,Calculus,Limits and Differential Calculus,calculus.limits-and-differential-calculus.newton-s-method,Calculus Lab,learn,cas|slider,cas-data,calculus,family,lesson-preset,generated-template,needs-review,P0,available,applicable-missing,applicable-missing,applicable-missing,applicable-missing,not-applicable,applicable-missing,applicable-missing,Predict what will change. Drag or adjust one control. Observe the exact output. Explain the relationship.
305,/lessons/calculus/305-taylor-polynomial,Taylor Polynomial,core,Calculus,Limits and Differential Calculus,calculus.limits-and-differential-calculus.taylor-polynomial,Calculus Lab,learn,cas|slider,cas-data,calculus,family,lesson-preset,generated-template,needs-review,P0,available,applicable-missing,applicable-missing,applicable-missing,applicable-missing,not-applicable,applicable-missing,applicable-missing,Predict what will change. Drag or adjust one control. Observe the exact output. Explain the relationship.
306,/lessons/calculus/306-area-by-rectangles,Area by Rectangles,core,Calculus,Integral Calculus and Differential Equations,calculus.integral-calculus-and-differential-equations.area-by-rectangles,Advanced Lab,learn,construction|3d|slider,geometry-3d,calculus,family,lesson-preset,generated-template,needs-review,P0,available,applicable-missing,applicable-missing,applicable-missing,applicable-missing,not-applicable,applicable-missing,applicable-missing,Predict what will change. Drag or adjust one control. Observe the exact output. Explain the relationship.
307,/lessons/calculus/307-riemann-sums,Riemann Sums,core,Calculus,Integral Calculus and Differential Equations,calculus.integral-calculus-and-differential-equations.riemann-sums,Advanced Lab,learn,construction|3d|slider,geometry-3d,calculus,family,lesson-preset,generated-template,needs-review,P0,available,applicable-missing,applicable-missing,applicable-missing,applicable-missing,not-applicable,applicable-missing,applicable-missing,Predict what will change. Drag or adjust one control. Observe the exact output. Explain the relationship.
308,/lessons/calculus/308-definite-integral,Definite Integral,core,Calculus,Integral Calculus and Differential Equations,calculus.integral-calculus-and-differential-equations.definite-integral,Advanced Lab,learn,construction|3d|slider,geometry-3d,calculus,family,lesson-preset,generated-template,needs-review,P0,available,applicable-missing,applicable-missing,applicable-missing,applicable-missing,not-applicable,applicable-missing,applicable-missing,Predict what will change. Drag or adjust one control. Observe the exact output. Explain the relationship.
309,/lessons/calculus/309-indefinite-integral,Indefinite Integral,core,Calculus,Integral Calculus and Differential Equations,calculus.integral-calculus-and-differential-equations.indefinite-integral,Advanced Lab,learn,construction|3d|slider,geometry-3d,calculus,family,lesson-preset,generated-template,needs-review,P0,available,applicable-missing,applicable-missing,applicable-missing,applicable-missing,not-applicable,applicable-missing,applicable-missing,Predict what will change. Drag or adjust one control. Observe the exact output. Explain the relationship.
310,/lessons/calculus/310-fundamental-theorem,Fundamental Theorem,core,Calculus,Integral Calculus and Differential Equations,calculus.integral-calculus-and-differential-equations.fundamental-theorem,Advanced Lab,visual-proof,construction|3d|slider|open-response,geometry-3d,calculus,family,theorem-specific,family-specific,needs-review,P0,applicable-missing,applicable-missing,applicable-missing,applicable-missing,applicable-missing,available,applicable-missing,applicable-missing,State the theorem and identify given/fixed objects. Predict the invariant before manipulating the diagram. Manipulate the construction and record measurements. Bridge the visual invariant to the formal proof.
311,/lessons/calculus/311-area-between-curves,Area Between Curves,core,Calculus,Integral Calculus and Differential Equations,calculus.integral-calculus-and-differential-equations.area-between-curves,Advanced Lab,learn,construction|3d|slider,geometry-3d,calculus,family,lesson-preset,generated-template,needs-review,P0,available,applicable-missing,applicable-missing,applicable-missing,applicable-missing,not-applicable,applicable-missing,applicable-missing,Predict what will change. Drag or adjust one control. Observe the exact output. Explain the relationship.
312,/lessons/calculus/312-substitution,Substitution,core,Calculus,Integral Calculus and Differential Equations,calculus.integral-calculus-and-differential-equations.substitution,Advanced Lab,learn,construction|3d|slider,geometry-3d,calculus,family,lesson-preset,generated-template,needs-review,P0,available,applicable-missing,applicable-missing,applicable-missing,applicable-missing,not-applicable,applicable-missing,applicable-missing,Predict what will change. Drag or adjust one control. Observe the exact output. Explain the relationship.
313,/lessons/calculus/313-integration-by-parts,Integration by Parts,core,Calculus,Integral Calculus and Differential Equations,calculus.integral-calculus-and-differential-equations.integration-by-parts,Advanced Lab,learn,construction|3d|slider,geometry-3d,calculus,family,lesson-preset,generated-template,needs-review,P0,available,applicable-missing,applicable-missing,applicable-missing,applicable-missing,not-applicable,applicable-missing,applicable-missing,Predict what will change. Drag or adjust one control. Observe the exact output. Explain the relationship.
314,/lessons/calculus/314-partial-fractions,Partial Fractions,core,Calculus,Integral Calculus and Differential Equations,calculus.integral-calculus-and-differential-equations.partial-fractions,Advanced Lab,learn,graphing|3d|slider,graph-3d,calculus,family,lesson-preset,generated-template,needs-review,P0,available,applicable-missing,applicable-missing,applicable-missing,applicable-missing,not-applicable,applicable-missing,applicable-missing,Predict what will change. Drag or adjust one control. Observe the exact output. Explain the relationship.
315,/lessons/calculus/315-improper-integrals,Improper Integrals,core,Calculus,Integral Calculus and Differential Equations,calculus.integral-calculus-and-differential-equations.improper-integrals,Advanced Lab,learn,construction|3d|slider,geometry-3d,calculus,family,lesson-preset,generated-template,needs-review,P0,available,applicable-missing,applicable-missing,applicable-missing,applicable-missing,not-applicable,applicable-missing,applicable-missing,Predict what will change. Drag or adjust one control. Observe the exact output. Explain the relationship.
316,/lessons/calculus/316-numerical-integration,Numerical Integration,core,Calculus,Integral Calculus and Differential Equations,calculus.integral-calculus-and-differential-equations.numerical-integration,Advanced Lab,learn,construction|3d|slider,geometry-3d,calculus,family,lesson-preset,generated-template,needs-review,P0,available,applicable-missing,applicable-missing,applicable-missing,applicable-missing,not-applicable,applicable-missing,applicable-missing,Predict what will change. Drag or adjust one control. Observe the exact output. Explain the relationship.
317,/lessons/calculus/317-volume-by-slicing,Volume by Slicing,core,Calculus,Integral Calculus and Differential Equations,calculus.integral-calculus-and-differential-equations.volume-by-slicing,Advanced Lab,learn,construction|3d|slider,geometry-3d,calculus,family,lesson-preset,generated-template,needs-review,P0,available,applicable-missing,applicable-missing,applicable-missing,applicable-missing,not-applicable,applicable-missing,applicable-missing,Predict what will change. Drag or adjust one control. Observe the exact output. Explain the relationship.
318,/lessons/calculus/318-disc-and-washer-methods,Disc and Washer Methods,core,Calculus,Integral Calculus and Differential Equations,calculus.integral-calculus-and-differential-equations.disc-and-washer-methods,Advanced Lab,learn,construction|3d|slider,geometry-3d,calculus,family,lesson-preset,generated-template,needs-review,P0,available,applicable-missing,applicable-missing,applicable-missing,applicable-missing,not-applicable,applicable-missing,applicable-missing,Predict what will change. Drag or adjust one control. Observe the exact output. Explain the relationship.
319,/lessons/calculus/319-shell-method,Shell Method,core,Calculus,Integral Calculus and Differential Equations,calculus.integral-calculus-and-differential-equations.shell-method,Advanced Lab,learn,construction|3d|slider,geometry-3d,calculus,family,lesson-preset,generated-template,needs-review,P0,available,applicable-missing,applicable-missing,applicable-missing,applicable-missing,not-applicable,applicable-missing,applicable-missing,Predict what will change. Drag or adjust one control. Observe the exact output. Explain the relationship.
320,/lessons/calculus/320-arc-length,Arc Length,core,Calculus,Integral Calculus and Differential Equations,calculus.integral-calculus-and-differential-equations.arc-length,Advanced Lab,learn,construction|3d|slider,geometry-3d,calculus,family,lesson-preset,generated-template,needs-review,P0,available,applicable-missing,applicable-missing,applicable-missing,applicable-missing,not-applicable,applicable-missing,applicable-missing,Predict what will change. Drag or adjust one control. Observe the exact output. Explain the relationship.
321,/lessons/calculus/321-surface-area-of-revolution,Surface Area of Revolution,core,Calculus,Integral Calculus and Differential Equations,calculus.integral-calculus-and-differential-equations.surface-area-of-revolution,Advanced Lab,learn,graphing|3d|slider,graph-3d,calculus,family,lesson-preset,generated-template,needs-review,P0,available,applicable-missing,applicable-missing,applicable-missing,applicable-missing,not-applicable,applicable-missing,applicable-missing,Predict what will change. Drag or adjust one control. Observe the exact output. Explain the relationship.
322,/lessons/calculus/322-accumulation-functions,Accumulation Functions,core,Calculus,Integral Calculus and Differential Equations,calculus.integral-calculus-and-differential-equations.accumulation-functions,Advanced Lab,learn,construction|3d|slider,geometry-3d,calculus,family,lesson-preset,generated-template,needs-review,P0,available,applicable-missing,applicable-missing,applicable-missing,applicable-missing,not-applicable,applicable-missing,applicable-missing,Predict what will change. Drag or adjust one control. Observe the exact output. Explain the relationship.
323,/lessons/calculus/323-direction-fields,Direction Fields,core,Calculus,Integral Calculus and Differential Equations,calculus.integral-calculus-and-differential-equations.direction-fields,Advanced Lab,learn,construction|3d|slider,geometry-3d,calculus,family,lesson-preset,generated-template,needs-review,P0,available,applicable-missing,applicable-missing,applicable-missing,applicable-missing,not-applicable,applicable-missing,applicable-missing,Predict what will change. Drag or adjust one control. Observe the exact output. Explain the relationship.
324,/lessons/calculus/324-euler-s-method,Euler's Method,core,Calculus,Integral Calculus and Differential Equations,calculus.integral-calculus-and-differential-equations.euler-s-method,Advanced Lab,learn,construction|3d|slider,geometry-3d,calculus,family,lesson-preset,generated-template,needs-review,P0,available,applicable-missing,applicable-missing,applicable-missing,applicable-missing,not-applicable,applicable-missing,applicable-missing,Predict what will change. Drag or adjust one control. Observe the exact output. Explain the relationship.
325,/lessons/calculus/325-separable-equations,Separable Equations,core,Calculus,Integral Calculus and Differential Equations,calculus.integral-calculus-and-differential-equations.separable-equations,Advanced Lab,learn,construction|3d|slider,geometry-3d,calculus,family,lesson-preset,generated-template,needs-review,P0,available,applicable-missing,applicable-missing,applicable-missing,applicable-missing,not-applicable,applicable-missing,applicable-missing,Predict what will change. Drag or adjust one control. Observe the exact output. Explain the relationship.
326,/lessons/calculus/326-first-order-linear-equations,First-Order Linear Equations,core,Calculus,Integral Calculus and Differential Equations,calculus.integral-calculus-and-differential-equations.first-order-linear-equations,Advanced Lab,learn,construction|3d|slider,geometry-3d,calculus,family,lesson-preset,generated-template,needs-review,P0,available,applicable-missing,applicable-missing,applicable-missing,applicable-missing,not-applicable,applicable-missing,applicable-missing,Predict what will change. Drag or adjust one control. Observe the exact output. Explain the relationship.
327,/lessons/calculus/327-logistic-growth,Logistic Growth,core,Calculus,Integral Calculus and Differential Equations,calculus.integral-calculus-and-differential-equations.logistic-growth,Advanced Lab,learn,construction|3d|slider,geometry-3d,calculus,family,lesson-preset,generated-template,needs-review,P0,available,applicable-missing,applicable-missing,applicable-missing,applicable-missing,not-applicable,applicable-missing,applicable-missing,Predict what will change. Drag or adjust one control. Observe the exact output. Explain the relationship.
328,/lessons/calculus/328-second-order-equations,Second-Order Equations,core,Calculus,Integral Calculus and Differential Equations,calculus.integral-calculus-and-differential-equations.second-order-equations,Advanced Lab,learn,construction|3d|slider,geometry-3d,calculus,family,lesson-preset,generated-template,needs-review,P0,available,applicable-missing,applicable-missing,applicable-missing,applicable-missing,not-applicable,applicable-missing,applicable-missing,Predict what will change. Drag or adjust one control. Observe the exact output. Explain the relationship.
329,/lessons/calculus/329-phase-plane,Phase Plane,core,Calculus,Integral Calculus and Differential Equations,calculus.integral-calculus-and-differential-equations.phase-plane,Advanced Lab,learn,construction|3d|slider,geometry-3d,calculus,family,lesson-preset,generated-template,needs-review,P0,available,applicable-missing,applicable-missing,applicable-missing,applicable-missing,not-applicable,applicable-missing,applicable-missing,Predict what will change. Drag or adjust one control. Observe the exact output. Explain the relationship.
330,/lessons/calculus/330-equilibrium-and-stability,Equilibrium and Stability,core,Calculus,Integral Calculus and Differential Equations,calculus.integral-calculus-and-differential-equations.equilibrium-and-stability,Advanced Lab,learn,construction|3d|slider,geometry-3d,calculus,family,lesson-preset,generated-template,needs-review,P0,available,applicable-missing,applicable-missing,applicable-missing,applicable-missing,not-applicable,applicable-missing,applicable-missing,Predict what will change. Drag or adjust one control. Observe the exact output. Explain the relationship.
331,/lessons/calculus/331-discrete-dynamical-systems,Discrete Dynamical Systems,core,Calculus,Integral Calculus and Differential Equations,calculus.integral-calculus-and-differential-equations.discrete-dynamical-systems,Advanced Lab,learn,construction|3d|slider,geometry-3d,calculus,family,lesson-preset,generated-template,needs-review,P0,available,applicable-missing,applicable-missing,applicable-missing,applicable-missing,not-applicable,applicable-missing,applicable-missing,Predict what will change. Drag or adjust one control. Observe the exact output. Explain the relationship.
332,/lessons/calculus/332-cobweb-diagrams,Cobweb Diagrams,core,Calculus,Integral Calculus and Differential Equations,calculus.integral-calculus-and-differential-equations.cobweb-diagrams,Advanced Lab,learn,construction|3d|slider,geometry-3d,calculus,family,lesson-preset,generated-template,needs-review,P0,available,applicable-missing,applicable-missing,applicable-missing,applicable-missing,not-applicable,applicable-missing,applicable-missing,Predict what will change. Drag or adjust one control. Observe the exact output. Explain the relationship.
333,/lessons/calculus/333-chaos-and-bifurcation,Chaos and Bifurcation,core,Calculus,Integral Calculus and Differential Equations,calculus.integral-calculus-and-differential-equations.chaos-and-bifurcation,Advanced Lab,learn,construction|3d|slider,geometry-3d,calculus,family,lesson-preset,generated-template,needs-review,P0,available,applicable-missing,applicable-missing,applicable-missing,applicable-missing,not-applicable,applicable-missing,applicable-missing,Predict what will change. Drag or adjust one control. Observe the exact output. Explain the relationship.
450,/lessons/data-and-probability/450-data-entry-grid,Data Entry Grid,core,Data and Probability,Spreadsheet,data-and-probability.spreadsheet.data-entry-grid,Data Lab,learn,graphing,graph-2d,spreadsheet,family,lesson-preset,generated-template,needs-review,P0,available,applicable-missing,applicable-missing,applicable-missing,applicable-missing,not-applicable,applicable-missing,applicable-missing,Read the core idea for Data Entry Grid. Inspect the visual or symbolic model. Answer the quick check. Choose the next resource.
451,/lessons/data-and-probability/451-cell-formulas,Cell Formulas,core,Data and Probability,Spreadsheet,data-and-probability.spreadsheet.cell-formulas,Data Lab,learn,graphing,graph-2d,spreadsheet,family,lesson-preset,generated-template,needs-review,P0,available,applicable-missing,applicable-missing,applicable-missing,applicable-missing,not-applicable,applicable-missing,applicable-missing,Read the core idea for Cell Formulas. Inspect the visual or symbolic model. Answer the quick check. Choose the next resource.
452,/lessons/data-and-probability/452-fill-and-copy,Fill and Copy,core,Data and Probability,Spreadsheet,data-and-probability.spreadsheet.fill-and-copy,Data Lab,learn,graphing,graph-2d,spreadsheet,family,lesson-preset,generated-template,needs-review,P0,available,applicable-missing,applicable-missing,applicable-missing,applicable-missing,not-applicable,applicable-missing,applicable-missing,Read the core idea for Fill and Copy. Inspect the visual or symbolic model. Answer the quick check. Choose the next resource.
453,/lessons/data-and-probability/453-relative-references,Relative References,core,Data and Probability,Spreadsheet,data-and-probability.spreadsheet.relative-references,Data Lab,learn,graphing,graph-2d,spreadsheet,family,lesson-preset,generated-template,needs-review,P0,available,applicable-missing,applicable-missing,applicable-missing,applicable-missing,not-applicable,applicable-missing,applicable-missing,Read the core idea for Relative References. Inspect the visual or symbolic model. Answer the quick check. Choose the next resource.
454,/lessons/data-and-probability/454-absolute-references,Absolute References,core,Data and Probability,Spreadsheet,data-and-probability.spreadsheet.absolute-references,Data Lab,learn,graphing,graph-2d,spreadsheet,family,lesson-preset,generated-template,needs-review,P0,available,applicable-missing,applicable-missing,applicable-missing,applicable-missing,not-applicable,applicable-missing,applicable-missing,Read the core idea for Absolute References. Inspect the visual or symbolic model. Answer the quick check. Choose the next resource.
455,/lessons/data-and-probability/455-sorting,Sorting,core,Data and Probability,Spreadsheet,data-and-probability.spreadsheet.sorting,Data Lab,learn,graphing,graph-2d,spreadsheet,family,lesson-preset,generated-template,needs-review,P0,available,applicable-missing,applicable-missing,applicable-missing,applicable-missing,not-applicable,applicable-missing,applicable-missing,Read the core idea for Sorting. Inspect the visual or symbolic model. Answer the quick check. Choose the next resource.
456,/lessons/data-and-probability/456-filtering,Filtering,core,Data and Probability,Spreadsheet,data-and-probability.spreadsheet.filtering,Data Lab,learn,graphing,graph-2d,spreadsheet,family,lesson-preset,generated-template,needs-review,P0,available,applicable-missing,applicable-missing,applicable-missing,applicable-missing,not-applicable,applicable-missing,applicable-missing,Read the core idea for Filtering. Inspect the visual or symbolic model. Answer the quick check. Choose the next resource.
457,/lessons/data-and-probability/457-lists-from-cells,Lists from Cells,core,Data and Probability,Spreadsheet,data-and-probability.spreadsheet.lists-from-cells,Data Lab,learn,graphing,graph-2d,spreadsheet,family,lesson-preset,generated-template,needs-review,P0,available,applicable-missing,applicable-missing,applicable-missing,applicable-missing,not-applicable,applicable-missing,applicable-missing,Read the core idea for Lists from Cells. Inspect the visual or symbolic model. Answer the quick check. Choose the next resource.
458,/lessons/data-and-probability/458-points-from-columns,Points from Columns,core,Data and Probability,Spreadsheet,data-and-probability.spreadsheet.points-from-columns,Data Lab,learn,graphing|drag-and-observe,graph-2d,spreadsheet,family,lesson-preset,generated-template,needs-review,P0,available,applicable-missing,applicable-missing,applicable-missing,applicable-missing,not-applicable,applicable-missing,applicable-missing,Predict what will change. Drag or adjust one control. Observe the exact output. Explain the relationship.
459,/lessons/data-and-probability/459-matrices-from-cells,Matrices from Cells,core,Data and Probability,Spreadsheet,data-and-probability.spreadsheet.matrices-from-cells,Data Lab,learn,graphing,graph-2d,spreadsheet,family,lesson-preset,generated-template,needs-review,P0,available,applicable-missing,applicable-missing,applicable-missing,applicable-missing,not-applicable,applicable-missing,applicable-missing,Read the core idea for Matrices from Cells. Inspect the visual or symbolic model. Answer the quick check. Choose the next resource.
460,/lessons/data-and-probability/460-frequency-tables,Frequency Tables,core,Data and Probability,Spreadsheet,data-and-probability.spreadsheet.frequency-tables,Data Lab,learn,graphing,graph-2d,spreadsheet,family,lesson-preset,generated-template,needs-review,P0,available,applicable-missing,applicable-missing,applicable-missing,applicable-missing,not-applicable,applicable-missing,applicable-missing,Read the core idea for Frequency Tables. Inspect the visual or symbolic model. Answer the quick check. Choose the next resource.
461,/lessons/data-and-probability/461-summary-statistics,Summary Statistics,core,Data and Probability,Spreadsheet,data-and-probability.spreadsheet.summary-statistics,Data Lab,revision,graphing,graph-2d,spreadsheet,family,lesson-preset,generated-template,needs-review,P0,applicable-missing,applicable-missing,applicable-missing,applicable-missing,applicable-missing,not-applicable,applicable-missing,available,Read the core idea for Summary Statistics. Inspect the visual or symbolic model. Answer the quick check. Choose the next resource.
462,/lessons/data-and-probability/462-spreadsheet-charts,Spreadsheet Charts,core,Data and Probability,Spreadsheet,data-and-probability.spreadsheet.spreadsheet-charts,Data Lab,learn,graphing,graph-2d,spreadsheet,family,lesson-preset,generated-template,needs-review,P0,available,applicable-missing,applicable-missing,applicable-missing,applicable-missing,not-applicable,applicable-missing,applicable-missing,Read the core idea for Spreadsheet Charts. Inspect the visual or symbolic model. Answer the quick check. Choose the next resource.
463,/lessons/data-and-probability/463-regression-from-data,Regression from Data,core,Data and Probability,Spreadsheet,data-and-probability.spreadsheet.regression-from-data,Data Lab,learn,graphing,graph-2d,spreadsheet,family,lesson-preset,generated-template,needs-review,P0,available,applicable-missing,applicable-missing,applicable-missing,applicable-missing,not-applicable,applicable-missing,applicable-missing,Read the core idea for Regression from Data. Inspect the visual or symbolic model. Answer the quick check. Choose the next resource.
464,/lessons/data-and-probability/464-dynamic-cell-links,Dynamic Cell Links,core,Data and Probability,Spreadsheet,data-and-probability.spreadsheet.dynamic-cell-links,Data Lab,learn,graphing,graph-2d,spreadsheet,family,lesson-preset,generated-template,needs-review,P0,available,applicable-missing,applicable-missing,applicable-missing,applicable-missing,not-applicable,applicable-missing,applicable-missing,Read the core idea for Dynamic Cell Links. Inspect the visual or symbolic model. Answer the quick check. Choose the next resource.
465,/lessons/data-and-probability/465-import-csv,Import CSV,core,Data and Probability,Spreadsheet,data-and-probability.spreadsheet.import-csv,Data Lab,learn,graphing,graph-2d,spreadsheet,family,lesson-preset,generated-template,needs-review,P0,available,applicable-missing,applicable-missing,applicable-missing,applicable-missing,not-applicable,applicable-missing,applicable-missing,Read the core idea for Import CSV. Inspect the visual or symbolic model. Answer the quick check. Choose the next resource.
466,/lessons/data-and-probability/466-export-data,Export Data,core,Data and Probability,Spreadsheet,data-and-probability.spreadsheet.export-data,Data Lab,learn,graphing,graph-2d,spreadsheet,family,lesson-preset,generated-template,needs-review,P0,available,applicable-missing,applicable-missing,applicable-missing,applicable-missing,not-applicable,applicable-missing,applicable-missing,Read the core idea for Export Data. Inspect the visual or symbolic model. Answer the quick check. Choose the next resource.
467,/lessons/data-and-probability/467-data-types,Data Types,core,Data and Probability,Statistics and Regression,data-and-probability.statistics-and-regression.data-types,Statistics Lab,learn,data-experiment,cas-data,statistics,family,lesson-preset,generated-template,needs-review,P0,available,applicable-missing,applicable-missing,applicable-missing,applicable-missing,not-applicable,applicable-missing,applicable-missing,Read the core idea for Data Types. Inspect the visual or symbolic model. Answer the quick check. Choose the next resource.
468,/lessons/data-and-probability/468-frequency-tables,Frequency Tables,core,Data and Probability,Statistics and Regression,data-and-probability.statistics-and-regression.frequency-tables,Statistics Lab,learn,data-experiment,cas-data,statistics,family,lesson-preset,generated-template,needs-review,P0,available,applicable-missing,applicable-missing,applicable-missing,applicable-missing,not-applicable,applicable-missing,applicable-missing,Read the core idea for Frequency Tables. Inspect the visual or symbolic model. Answer the quick check. Choose the next resource.
469,/lessons/data-and-probability/469-grouped-frequency-tables,Grouped Frequency Tables,core,Data and Probability,Statistics and Regression,data-and-probability.statistics-and-regression.grouped-frequency-tables,Statistics Lab,learn,data-experiment,cas-data,statistics,family,lesson-preset,generated-template,needs-review,P0,available,applicable-missing,applicable-missing,applicable-missing,applicable-missing,not-applicable,applicable-missing,applicable-missing,Read the core idea for Grouped Frequency Tables. Inspect the visual or symbolic model. Answer the quick check. Choose the next resource.
470,/lessons/data-and-probability/470-mean,Mean,core,Data and Probability,Statistics and Regression,data-and-probability.statistics-and-regression.mean,Statistics Lab,learn,data-experiment,cas-data,statistics,family,lesson-preset,generated-template,needs-review,P0,available,applicable-missing,applicable-missing,applicable-missing,applicable-missing,not-applicable,applicable-missing,applicable-missing,Read the core idea for Mean. Inspect the visual or symbolic model. Answer the quick check. Choose the next resource.
471,/lessons/data-and-probability/471-median,Median,core,Data and Probability,Statistics and Regression,data-and-probability.statistics-and-regression.median,Statistics Lab,learn,data-experiment,cas-data,statistics,family,lesson-preset,generated-template,needs-review,P0,available,applicable-missing,applicable-missing,applicable-missing,applicable-missing,not-applicable,applicable-missing,applicable-missing,Read the core idea for Median. Inspect the visual or symbolic model. Answer the quick check. Choose the next resource.
472,/lessons/data-and-probability/472-mode,Mode,core,Data and Probability,Statistics and Regression,data-and-probability.statistics-and-regression.mode,Statistics Lab,learn,data-experiment,cas-data,statistics,family,lesson-preset,generated-template,needs-review,P0,available,applicable-missing,applicable-missing,applicable-missing,applicable-missing,not-applicable,applicable-missing,applicable-missing,Read the core idea for Mode. Inspect the visual or symbolic model. Answer the quick check. Choose the next resource.
473,/lessons/data-and-probability/473-weighted-mean,Weighted Mean,core,Data and Probability,Statistics and Regression,data-and-probability.statistics-and-regression.weighted-mean,Statistics Lab,learn,data-experiment,cas-data,statistics,family,lesson-preset,generated-template,needs-review,P0,available,applicable-missing,applicable-missing,applicable-missing,applicable-missing,not-applicable,applicable-missing,applicable-missing,Read the core idea for Weighted Mean. Inspect the visual or symbolic model. Answer the quick check. Choose the next resource.
474,/lessons/data-and-probability/474-range,Range,core,Data and Probability,Statistics and Regression,data-and-probability.statistics-and-regression.range,Statistics Lab,learn,data-experiment,cas-data,statistics,family,lesson-preset,generated-template,needs-review,P0,available,applicable-missing,applicable-missing,applicable-missing,applicable-missing,not-applicable,applicable-missing,applicable-missing,Read the core idea for Range. Inspect the visual or symbolic model. Answer the quick check. Choose the next resource.
475,/lessons/data-and-probability/475-quartiles-and-iqr,Quartiles and IQR,core,Data and Probability,Statistics and Regression,data-and-probability.statistics-and-regression.quartiles-and-iqr,Statistics Lab,learn,data-experiment,cas-data,statistics,family,lesson-preset,generated-template,needs-review,P0,available,applicable-missing,applicable-missing,applicable-missing,applicable-missing,not-applicable,applicable-missing,applicable-missing,Read the core idea for Quartiles and IQR. Inspect the visual or symbolic model. Answer the quick check. Choose the next resource.
476,/lessons/data-and-probability/476-variance-and-standard-deviation,Variance and Standard Deviation,core,Data and Probability,Statistics and Regression,data-and-probability.statistics-and-regression.variance-and-standard-deviation,Statistics Lab,learn,data-experiment,cas-data,statistics,family,lesson-preset,generated-template,needs-review,P0,available,applicable-missing,applicable-missing,applicable-missing,applicable-missing,not-applicable,applicable-missing,applicable-missing,Read the core idea for Variance and Standard Deviation. Inspect the visual or symbolic model. Answer the quick check. Choose the next resource.
477,/lessons/data-and-probability/477-percentiles,Percentiles,core,Data and Probability,Statistics and Regression,data-and-probability.statistics-and-regression.percentiles,Statistics Lab,learn,data-experiment,cas-data,statistics,family,lesson-preset,generated-template,needs-review,P0,available,applicable-missing,applicable-missing,applicable-missing,applicable-missing,not-applicable,applicable-missing,applicable-missing,Read the core idea for Percentiles. Inspect the visual or symbolic model. Answer the quick check. Choose the next resource.
478,/lessons/data-and-probability/478-z-scores,Z-Scores,core,Data and Probability,Statistics and Regression,data-and-probability.statistics-and-regression.z-scores,Statistics Lab,learn,data-experiment,cas-data,statistics,family,lesson-preset,generated-template,needs-review,P0,available,applicable-missing,applicable-missing,applicable-missing,applicable-missing,not-applicable,applicable-missing,applicable-missing,Read the core idea for Z-Scores. Inspect the visual or symbolic model. Answer the quick check. Choose the next resource.
479,/lessons/data-and-probability/479-outliers,Outliers,core,Data and Probability,Statistics and Regression,data-and-probability.statistics-and-regression.outliers,Statistics Lab,learn,data-experiment,cas-data,statistics,family,lesson-preset,generated-template,needs-review,P0,available,applicable-missing,applicable-missing,applicable-missing,applicable-missing,not-applicable,applicable-missing,applicable-missing,Read the core idea for Outliers. Inspect the visual or symbolic model. Answer the quick check. Choose the next resource.
480,/lessons/data-and-probability/480-box-plot,Box Plot,core,Data and Probability,Statistics and Regression,data-and-probability.statistics-and-regression.box-plot,Statistics Lab,learn,data-experiment,cas-data,statistics,lesson,lesson-preset,lesson-specific,needs-review,P0,available,applicable-missing,applicable-missing,applicable-missing,applicable-missing,not-applicable,applicable-missing,applicable-missing,Read the core idea for Box Plot. Inspect the visual or symbolic model. Answer the quick check. Choose the next resource.
481,/lessons/data-and-probability/481-dot-plot,Dot Plot,core,Data and Probability,Statistics and Regression,data-and-probability.statistics-and-regression.dot-plot,Statistics Lab,learn,data-experiment,cas-data,statistics,family,lesson-preset,generated-template,needs-review,P0,available,applicable-missing,applicable-missing,applicable-missing,applicable-missing,not-applicable,applicable-missing,applicable-missing,Read the core idea for Dot Plot. Inspect the visual or symbolic model. Answer the quick check. Choose the next resource.
482,/lessons/data-and-probability/482-stem-and-leaf-plot,Stem-and-Leaf Plot,core,Data and Probability,Statistics and Regression,data-and-probability.statistics-and-regression.stem-and-leaf-plot,Statistics Lab,learn,data-experiment,cas-data,statistics,family,lesson-preset,generated-template,needs-review,P0,available,applicable-missing,applicable-missing,applicable-missing,applicable-missing,not-applicable,applicable-missing,applicable-missing,Read the core idea for Stem-and-Leaf Plot. Inspect the visual or symbolic model. Answer the quick check. Choose the next resource.
483,/lessons/data-and-probability/483-histogram,Histogram,core,Data and Probability,Statistics and Regression,data-and-probability.statistics-and-regression.histogram,Statistics Lab,learn,data-experiment,cas-data,statistics,family,lesson-preset,generated-template,needs-review,P0,available,applicable-missing,applicable-missing,applicable-missing,applicable-missing,not-applicable,applicable-missing,applicable-missing,Read the core idea for Histogram. Inspect the visual or symbolic model. Answer the quick check. Choose the next resource.
484,/lessons/data-and-probability/484-frequency-polygon,Frequency Polygon,core,Data and Probability,Statistics and Regression,data-and-probability.statistics-and-regression.frequency-polygon,Statistics Lab,learn,construction,geometry-2d,statistics,family,lesson-preset,generated-template,needs-review,P0,available,applicable-missing,applicable-missing,applicable-missing,applicable-missing,not-applicable,applicable-missing,applicable-missing,Read the core idea for Frequency Polygon. Inspect the visual or symbolic model. Answer the quick check. Choose the next resource.
485,/lessons/data-and-probability/485-cumulative-frequency-curve,Cumulative Frequency Curve,core,Data and Probability,Statistics and Regression,data-and-probability.statistics-and-regression.cumulative-frequency-curve,Statistics Lab,learn,graphing,graph-2d,statistics,family,lesson-preset,generated-template,needs-review,P0,available,applicable-missing,applicable-missing,applicable-missing,applicable-missing,not-applicable,applicable-missing,applicable-missing,Read the core idea for Cumulative Frequency Curve. Inspect the visual or symbolic model. Answer the quick check. Choose the next resource.
486,/lessons/data-and-probability/486-bar-and-pie-charts,Bar and Pie Charts,core,Data and Probability,Statistics and Regression,data-and-probability.statistics-and-regression.bar-and-pie-charts,Statistics Lab,learn,data-experiment,cas-data,statistics,family,lesson-preset,generated-template,needs-review,P0,available,applicable-missing,applicable-missing,applicable-missing,applicable-missing,not-applicable,applicable-missing,applicable-missing,Read the core idea for Bar and Pie Charts. Inspect the visual or symbolic model. Answer the quick check. Choose the next resource.
487,/lessons/data-and-probability/487-scatter-plot,Scatter Plot,core,Data and Probability,Statistics and Regression,data-and-probability.statistics-and-regression.scatter-plot,Statistics Lab,learn,data-experiment,cas-data,statistics,family,lesson-preset,generated-template,needs-review,P0,available,applicable-missing,applicable-missing,applicable-missing,applicable-missing,not-applicable,applicable-missing,applicable-missing,Read the core idea for Scatter Plot. Inspect the visual or symbolic model. Answer the quick check. Choose the next resource.
488,/lessons/data-and-probability/488-time-series-plot,Time-Series Plot,core,Data and Probability,Statistics and Regression,data-and-probability.statistics-and-regression.time-series-plot,Statistics Lab,learn,data-experiment,cas-data,statistics,family,lesson-preset,generated-template,needs-review,P0,available,applicable-missing,applicable-missing,applicable-missing,applicable-missing,not-applicable,applicable-missing,applicable-missing,Read the core idea for Time-Series Plot. Inspect the visual or symbolic model. Answer the quick check. Choose the next resource.
489,/lessons/data-and-probability/489-correlation-coefficient,Correlation Coefficient,core,Data and Probability,Statistics and Regression,data-and-probability.statistics-and-regression.correlation-coefficient,Statistics Lab,learn,data-experiment,cas-data,statistics,family,lesson-preset,generated-template,needs-review,P0,available,applicable-missing,applicable-missing,applicable-missing,applicable-missing,not-applicable,applicable-missing,applicable-missing,Read the core idea for Correlation Coefficient. Inspect the visual or symbolic model. Answer the quick check. Choose the next resource.
490,/lessons/data-and-probability/490-linear-regression,Linear Regression,core,Data and Probability,Statistics and Regression,data-and-probability.statistics-and-regression.linear-regression,Statistics Lab,learn,graphing,graph-2d,statistics,family,lesson-preset,generated-template,needs-review,P0,available,applicable-missing,applicable-missing,applicable-missing,applicable-missing,not-applicable,applicable-missing,applicable-missing,Read the core idea for Linear Regression. Inspect the visual or symbolic model. Answer the quick check. Choose the next resource.
491,/lessons/data-and-probability/491-polynomial-regression,Polynomial Regression,core,Data and Probability,Statistics and Regression,data-and-probability.statistics-and-regression.polynomial-regression,Statistics Lab,learn,data-experiment,cas-data,statistics,family,lesson-preset,generated-template,needs-review,P0,available,applicable-missing,applicable-missing,applicable-missing,applicable-missing,not-applicable,applicable-missing,applicable-missing,Read the core idea for Polynomial Regression. Inspect the visual or symbolic model. Answer the quick check. Choose the next resource.
492,/lessons/data-and-probability/492-exponential-regression,Exponential Regression,core,Data and Probability,Statistics and Regression,data-and-probability.statistics-and-regression.exponential-regression,Statistics Lab,learn,graphing,graph-2d,statistics,family,lesson-preset,generated-template,needs-review,P0,available,applicable-missing,applicable-missing,applicable-missing,applicable-missing,not-applicable,applicable-missing,applicable-missing,Read the core idea for Exponential Regression. Inspect the visual or symbolic model. Answer the quick check. Choose the next resource.
493,/lessons/data-and-probability/493-logarithmic-regression,Logarithmic Regression,core,Data and Probability,Statistics and Regression,data-and-probability.statistics-and-regression.logarithmic-regression,Statistics Lab,learn,data-experiment,cas-data,statistics,family,lesson-preset,generated-template,needs-review,P0,available,applicable-missing,applicable-missing,applicable-missing,applicable-missing,not-applicable,applicable-missing,applicable-missing,Read the core idea for Logarithmic Regression. Inspect the visual or symbolic model. Answer the quick check. Choose the next resource.
494,/lessons/data-and-probability/494-power-regression,Power Regression,core,Data and Probability,Statistics and Regression,data-and-probability.statistics-and-regression.power-regression,Statistics Lab,learn,data-experiment,cas-data,statistics,family,lesson-preset,generated-template,needs-review,P0,available,applicable-missing,applicable-missing,applicable-missing,applicable-missing,not-applicable,applicable-missing,applicable-missing,Read the core idea for Power Regression. Inspect the visual or symbolic model. Answer the quick check. Choose the next resource.
495,/lessons/data-and-probability/495-logistic-regression,Logistic Regression,core,Data and Probability,Statistics and Regression,data-and-probability.statistics-and-regression.logistic-regression,Statistics Lab,learn,data-experiment,cas-data,statistics,family,lesson-preset,generated-template,needs-review,P0,available,applicable-missing,applicable-missing,applicable-missing,applicable-missing,not-applicable,applicable-missing,applicable-missing,Read the core idea for Logistic Regression. Inspect the visual or symbolic model. Answer the quick check. Choose the next resource.
496,/lessons/data-and-probability/496-sinusoidal-regression,Sinusoidal Regression,core,Data and Probability,Statistics and Regression,data-and-probability.statistics-and-regression.sinusoidal-regression,Statistics Lab,learn,data-experiment,cas-data,statistics,family,lesson-preset,generated-template,needs-review,P0,available,applicable-missing,applicable-missing,applicable-missing,applicable-missing,not-applicable,applicable-missing,applicable-missing,Read the core idea for Sinusoidal Regression. Inspect the visual or symbolic model. Answer the quick check. Choose the next resource.
497,/lessons/data-and-probability/497-residual-plot,Residual Plot,core,Data and Probability,Statistics and Regression,data-and-probability.statistics-and-regression.residual-plot,Statistics Lab,learn,data-experiment,cas-data,statistics,family,lesson-preset,generated-template,needs-review,P0,available,applicable-missing,applicable-missing,applicable-missing,applicable-missing,not-applicable,applicable-missing,applicable-missing,Read the core idea for Residual Plot. Inspect the visual or symbolic model. Answer the quick check. Choose the next resource.
498,/lessons/data-and-probability/498-model-comparison,Model Comparison,core,Data and Probability,Statistics and Regression,data-and-probability.statistics-and-regression.model-comparison,Statistics Lab,explore,data-experiment,cas-data,statistics,family,lesson-preset,generated-template,needs-review,P0,applicable-missing,available,applicable-missing,applicable-missing,applicable-missing,not-applicable,applicable-missing,applicable-missing,Read the core idea for Model Comparison. Inspect the visual or symbolic model. Answer the quick check. Choose the next resource.
499,/lessons/data-and-probability/499-interpolation-and-extrapolation,Interpolation and Extrapolation,core,Data and Probability,Statistics and Regression,data-and-probability.statistics-and-regression.interpolation-and-extrapolation,Statistics Lab,learn,data-experiment,cas-data,statistics,family,lesson-preset,generated-template,needs-review,P0,available,applicable-missing,applicable-missing,applicable-missing,applicable-missing,not-applicable,applicable-missing,applicable-missing,Read the core idea for Interpolation and Extrapolation. Inspect the visual or symbolic model. Answer the quick check. Choose the next resource.
500,/lessons/data-and-probability/500-sample-spaces,Sample Spaces,core,Data and Probability,Probability and Distributions,data-and-probability.probability-and-distributions.sample-spaces,Probability Lab,learn,construction|3d|slider,geometry-3d,probability,family,lesson-preset,generated-template,needs-review,P0,available,applicable-missing,applicable-missing,applicable-missing,applicable-missing,not-applicable,applicable-missing,applicable-missing,Predict what will change. Drag or adjust one control. Observe the exact output. Explain the relationship.
501,/lessons/data-and-probability/501-events,Events,core,Data and Probability,Probability and Distributions,data-and-probability.probability-and-distributions.events,Probability Lab,learn,data-experiment|slider,cas-data,probability,family,lesson-preset,generated-template,needs-review,P0,available,applicable-missing,applicable-missing,applicable-missing,applicable-missing,not-applicable,applicable-missing,applicable-missing,Predict what will change. Drag or adjust one control. Observe the exact output. Explain the relationship.
502,/lessons/data-and-probability/502-probability-scale,Probability Scale,core,Data and Probability,Probability and Distributions,data-and-probability.probability-and-distributions.probability-scale,Probability Lab,learn,data-experiment|slider,cas-data,probability,family,lesson-preset,generated-template,needs-review,P0,available,applicable-missing,applicable-missing,applicable-missing,applicable-missing,not-applicable,applicable-missing,applicable-missing,Predict what will change. Drag or adjust one control. Observe the exact output. Explain the relationship.
503,/lessons/data-and-probability/503-complement-rule,Complement Rule,core,Data and Probability,Probability and Distributions,data-and-probability.probability-and-distributions.complement-rule,Probability Lab,learn,data-experiment|slider,cas-data,probability,family,lesson-preset,generated-template,needs-review,P0,available,applicable-missing,applicable-missing,applicable-missing,applicable-missing,not-applicable,applicable-missing,applicable-missing,Predict what will change. Drag or adjust one control. Observe the exact output. Explain the relationship.
504,/lessons/data-and-probability/504-addition-rule,Addition Rule,core,Data and Probability,Probability and Distributions,data-and-probability.probability-and-distributions.addition-rule,Probability Lab,learn,data-experiment|slider,cas-data,probability,family,lesson-preset,generated-template,needs-review,P0,available,applicable-missing,applicable-missing,applicable-missing,applicable-missing,not-applicable,applicable-missing,applicable-missing,Predict what will change. Drag or adjust one control. Observe the exact output. Explain the relationship.
505,/lessons/data-and-probability/505-multiplication-rule,Multiplication Rule,core,Data and Probability,Probability and Distributions,data-and-probability.probability-and-distributions.multiplication-rule,Probability Lab,learn,data-experiment|slider,cas-data,probability,family,lesson-preset,generated-template,needs-review,P0,available,applicable-missing,applicable-missing,applicable-missing,applicable-missing,not-applicable,applicable-missing,applicable-missing,Predict what will change. Drag or adjust one control. Observe the exact output. Explain the relationship.
506,/lessons/data-and-probability/506-independent-events,Independent Events,core,Data and Probability,Probability and Distributions,data-and-probability.probability-and-distributions.independent-events,Probability Lab,learn,data-experiment|slider,cas-data,probability,family,lesson-preset,generated-template,needs-review,P0,available,applicable-missing,applicable-missing,applicable-missing,applicable-missing,not-applicable,applicable-missing,applicable-missing,Predict what will change. Drag or adjust one control. Observe the exact output. Explain the relationship.
507,/lessons/data-and-probability/507-mutually-exclusive-events,Mutually Exclusive Events,core,Data and Probability,Probability and Distributions,data-and-probability.probability-and-distributions.mutually-exclusive-events,Probability Lab,learn,data-experiment|slider,cas-data,probability,family,lesson-preset,generated-template,needs-review,P0,available,applicable-missing,applicable-missing,applicable-missing,applicable-missing,not-applicable,applicable-missing,applicable-missing,Predict what will change. Drag or adjust one control. Observe the exact output. Explain the relationship.
508,/lessons/data-and-probability/508-conditional-probability,Conditional Probability,core,Data and Probability,Probability and Distributions,data-and-probability.probability-and-distributions.conditional-probability,Probability Lab,learn,data-experiment|slider,cas-data,probability,family,lesson-preset,generated-template,needs-review,P0,available,applicable-missing,applicable-missing,applicable-missing,applicable-missing,not-applicable,applicable-missing,applicable-missing,Predict what will change. Drag or adjust one control. Observe the exact output. Explain the relationship.
509,/lessons/data-and-probability/509-tree-diagrams,Tree Diagrams,core,Data and Probability,Probability and Distributions,data-and-probability.probability-and-distributions.tree-diagrams,Probability Lab,learn,data-experiment|slider,cas-data,probability,family,lesson-preset,generated-template,needs-review,P0,available,applicable-missing,applicable-missing,applicable-missing,applicable-missing,not-applicable,applicable-missing,applicable-missing,Predict what will change. Drag or adjust one control. Observe the exact output. Explain the relationship.
510,/lessons/data-and-probability/510-venn-diagrams,Venn Diagrams,core,Data and Probability,Probability and Distributions,data-and-probability.probability-and-distributions.venn-diagrams,Probability Lab,learn,data-experiment|slider,cas-data,probability,family,lesson-preset,generated-template,needs-review,P0,available,applicable-missing,applicable-missing,applicable-missing,applicable-missing,not-applicable,applicable-missing,applicable-missing,Predict what will change. Drag or adjust one control. Observe the exact output. Explain the relationship.
511,/lessons/data-and-probability/511-two-way-tables,Two-Way Tables,core,Data and Probability,Probability and Distributions,data-and-probability.probability-and-distributions.two-way-tables,Probability Lab,learn,data-experiment|slider,cas-data,probability,family,lesson-preset,generated-template,needs-review,P0,available,applicable-missing,applicable-missing,applicable-missing,applicable-missing,not-applicable,applicable-missing,applicable-missing,Predict what will change. Drag or adjust one control. Observe the exact output. Explain the relationship.
512,/lessons/data-and-probability/512-bayes-theorem,Bayes' Theorem,core,Data and Probability,Probability and Distributions,data-and-probability.probability-and-distributions.bayes-theorem,Probability Lab,visual-proof,data-experiment|slider|open-response,cas-data,probability,family,theorem-specific,family-specific,needs-review,P0,applicable-missing,applicable-missing,applicable-missing,applicable-missing,applicable-missing,available,applicable-missing,applicable-missing,State the theorem and identify given/fixed objects. Predict the invariant before manipulating the diagram. Manipulate the construction and record measurements. Bridge the visual invariant to the formal proof.
513,/lessons/data-and-probability/513-expected-value,Expected Value,core,Data and Probability,Probability and Distributions,data-and-probability.probability-and-distributions.expected-value,Probability Lab,learn,data-experiment|slider,cas-data,probability,family,lesson-preset,generated-template,needs-review,P0,available,applicable-missing,applicable-missing,applicable-missing,applicable-missing,not-applicable,applicable-missing,applicable-missing,Predict what will change. Drag or adjust one control. Observe the exact output. Explain the relationship.
514,/lessons/data-and-probability/514-simulation,Simulation,core,Data and Probability,Probability and Distributions,data-and-probability.probability-and-distributions.simulation,Probability Lab,explore,data-experiment|slider|simulation,cas-data,probability,family,lesson-preset,generated-template,needs-review,P0,applicable-missing,available,applicable-missing,applicable-missing,applicable-missing,not-applicable,applicable-missing,applicable-missing,Predict what will change. Drag or adjust one control. Observe the exact output. Explain the relationship.
515,/lessons/data-and-probability/515-law-of-large-numbers,Law of Large Numbers,core,Data and Probability,Probability and Distributions,data-and-probability.probability-and-distributions.law-of-large-numbers,Probability Lab,learn,data-experiment|slider,cas-data,probability,family,lesson-preset,generated-template,needs-review,P0,available,applicable-missing,applicable-missing,applicable-missing,applicable-missing,not-applicable,applicable-missing,applicable-missing,Predict what will change. Drag or adjust one control. Observe the exact output. Explain the relationship.
516,/lessons/data-and-probability/516-distribution-calculator,Distribution Calculator,core,Data and Probability,Probability and Distributions,data-and-probability.probability-and-distributions.distribution-calculator,Probability Lab,learn,data-experiment|slider,cas-data,probability,family,lesson-preset,generated-template,needs-review,P0,available,applicable-missing,applicable-missing,applicable-missing,applicable-missing,not-applicable,applicable-missing,applicable-missing,Predict what will change. Drag or adjust one control. Observe the exact output. Explain the relationship.
517,/lessons/data-and-probability/517-probability-plot,Probability Plot,core,Data and Probability,Probability and Distributions,data-and-probability.probability-and-distributions.probability-plot,Probability Lab,learn,data-experiment|slider,cas-data,probability,family,lesson-preset,generated-template,needs-review,P0,available,applicable-missing,applicable-missing,applicable-missing,applicable-missing,not-applicable,applicable-missing,applicable-missing,Predict what will change. Drag or adjust one control. Observe the exact output. Explain the relationship.
518,/lessons/data-and-probability/518-cumulative-distribution,Cumulative Distribution,core,Data and Probability,Probability and Distributions,data-and-probability.probability-and-distributions.cumulative-distribution,Probability Lab,learn,data-experiment|slider,cas-data,probability,family,lesson-preset,generated-template,needs-review,P0,available,applicable-missing,applicable-missing,applicable-missing,applicable-missing,not-applicable,applicable-missing,applicable-missing,Predict what will change. Drag or adjust one control. Observe the exact output. Explain the relationship.
519,/lessons/data-and-probability/519-interval-tail-probability,Interval / Tail Probability,core,Data and Probability,Probability and Distributions,data-and-probability.probability-and-distributions.interval-tail-probability,Probability Lab,learn,data-experiment|slider,cas-data,probability,family,lesson-preset,generated-template,needs-review,P0,available,applicable-missing,applicable-missing,applicable-missing,applicable-missing,not-applicable,applicable-missing,applicable-missing,Predict what will change. Drag or adjust one control. Observe the exact output. Explain the relationship.
520,/lessons/data-and-probability/520-inverse-probability,Inverse Probability,core,Data and Probability,Probability and Distributions,data-and-probability.probability-and-distributions.inverse-probability,Probability Lab,learn,data-experiment|slider,cas-data,probability,family,lesson-preset,generated-template,needs-review,P0,available,applicable-missing,applicable-missing,applicable-missing,applicable-missing,not-applicable,applicable-missing,applicable-missing,Predict what will change. Drag or adjust one control. Observe the exact output. Explain the relationship.
521,/lessons/data-and-probability/521-bernoulli-distribution,Bernoulli Distribution,core,Data and Probability,Probability and Distributions,data-and-probability.probability-and-distributions.bernoulli-distribution,Probability Lab,learn,data-experiment|slider,cas-data,probability,family,lesson-preset,generated-template,needs-review,P0,available,applicable-missing,applicable-missing,applicable-missing,applicable-missing,not-applicable,applicable-missing,applicable-missing,Predict what will change. Drag or adjust one control. Observe the exact output. Explain the relationship.
522,/lessons/data-and-probability/522-binomial-distribution,Binomial Distribution,core,Data and Probability,Probability and Distributions,data-and-probability.probability-and-distributions.binomial-distribution,Probability Lab,learn,data-experiment|slider,cas-data,probability,family,lesson-preset,generated-template,needs-review,P0,available,applicable-missing,applicable-missing,applicable-missing,applicable-missing,not-applicable,applicable-missing,applicable-missing,Predict what will change. Drag or adjust one control. Observe the exact output. Explain the relationship.
523,/lessons/data-and-probability/523-hypergeometric-distribution,Hypergeometric Distribution,core,Data and Probability,Probability and Distributions,data-and-probability.probability-and-distributions.hypergeometric-distribution,Probability Lab,learn,data-experiment|slider,cas-data,probability,family,lesson-preset,generated-template,needs-review,P0,available,applicable-missing,applicable-missing,applicable-missing,applicable-missing,not-applicable,applicable-missing,applicable-missing,Predict what will change. Drag or adjust one control. Observe the exact output. Explain the relationship.
524,/lessons/data-and-probability/524-poisson-distribution,Poisson Distribution,core,Data and Probability,Probability and Distributions,data-and-probability.probability-and-distributions.poisson-distribution,Probability Lab,learn,data-experiment|slider,cas-data,probability,family,lesson-preset,generated-template,needs-review,P0,available,applicable-missing,applicable-missing,applicable-missing,applicable-missing,not-applicable,applicable-missing,applicable-missing,Predict what will change. Drag or adjust one control. Observe the exact output. Explain the relationship.
525,/lessons/data-and-probability/525-geometric-distribution,Geometric Distribution,core,Data and Probability,Probability and Distributions,data-and-probability.probability-and-distributions.geometric-distribution,Probability Lab,learn,data-experiment|slider,cas-data,probability,family,lesson-preset,generated-template,needs-review,P0,available,applicable-missing,applicable-missing,applicable-missing,applicable-missing,not-applicable,applicable-missing,applicable-missing,Predict what will change. Drag or adjust one control. Observe the exact output. Explain the relationship.
526,/lessons/data-and-probability/526-negative-binomial-distribution,Negative Binomial Distribution,core,Data and Probability,Probability and Distributions,data-and-probability.probability-and-distributions.negative-binomial-distribution,Probability Lab,learn,data-experiment|slider,cas-data,probability,family,lesson-preset,generated-template,needs-review,P0,available,applicable-missing,applicable-missing,applicable-missing,applicable-missing,not-applicable,applicable-missing,applicable-missing,Predict what will change. Drag or adjust one control. Observe the exact output. Explain the relationship.
527,/lessons/data-and-probability/527-uniform-distribution,Uniform Distribution,core,Data and Probability,Probability and Distributions,data-and-probability.probability-and-distributions.uniform-distribution,Probability Lab,learn,data-experiment|slider,cas-data,probability,family,lesson-preset,generated-template,needs-review,P0,available,applicable-missing,applicable-missing,applicable-missing,applicable-missing,not-applicable,applicable-missing,applicable-missing,Predict what will change. Drag or adjust one control. Observe the exact output. Explain the relationship.
528,/lessons/data-and-probability/528-normal-distribution,Normal Distribution,core,Data and Probability,Probability and Distributions,data-and-probability.probability-and-distributions.normal-distribution,Probability Lab,learn,data-experiment|slider,cas-data,probability,family,lesson-preset,generated-template,needs-review,P0,available,applicable-missing,applicable-missing,applicable-missing,applicable-missing,not-applicable,applicable-missing,applicable-missing,Predict what will change. Drag or adjust one control. Observe the exact output. Explain the relationship.
529,/lessons/data-and-probability/529-student-t-distribution,Student t Distribution,core,Data and Probability,Probability and Distributions,data-and-probability.probability-and-distributions.student-t-distribution,Probability Lab,learn,data-experiment|slider,cas-data,probability,family,lesson-preset,generated-template,needs-review,P0,available,applicable-missing,applicable-missing,applicable-missing,applicable-missing,not-applicable,applicable-missing,applicable-missing,Predict what will change. Drag or adjust one control. Observe the exact output. Explain the relationship.
530,/lessons/data-and-probability/530-chi-square-distribution,Chi-Square Distribution,core,Data and Probability,Probability and Distributions,data-and-probability.probability-and-distributions.chi-square-distribution,Probability Lab,learn,data-experiment|slider,cas-data,probability,family,lesson-preset,generated-template,needs-review,P0,available,applicable-missing,applicable-missing,applicable-missing,applicable-missing,not-applicable,applicable-missing,applicable-missing,Predict what will change. Drag or adjust one control. Observe the exact output. Explain the relationship.
531,/lessons/data-and-probability/531-f-distribution,F Distribution,core,Data and Probability,Probability and Distributions,data-and-probability.probability-and-distributions.f-distribution,Probability Lab,learn,data-experiment|slider,cas-data,probability,family,lesson-preset,generated-template,needs-review,P0,available,applicable-missing,applicable-missing,applicable-missing,applicable-missing,not-applicable,applicable-missing,applicable-missing,Predict what will change. Drag or adjust one control. Observe the exact output. Explain the relationship.
532,/lessons/data-and-probability/532-exponential-distribution,Exponential Distribution,core,Data and Probability,Probability and Distributions,data-and-probability.probability-and-distributions.exponential-distribution,Probability Lab,learn,graphing|slider,graph-2d,probability,family,lesson-preset,generated-template,needs-review,P0,available,applicable-missing,applicable-missing,applicable-missing,applicable-missing,not-applicable,applicable-missing,applicable-missing,Predict what will change. Drag or adjust one control. Observe the exact output. Explain the relationship.
533,/lessons/data-and-probability/533-gamma-distribution,Gamma Distribution,core,Data and Probability,Probability and Distributions,data-and-probability.probability-and-distributions.gamma-distribution,Probability Lab,learn,data-experiment|slider,cas-data,probability,family,lesson-preset,generated-template,needs-review,P0,available,applicable-missing,applicable-missing,applicable-missing,applicable-missing,not-applicable,applicable-missing,applicable-missing,Predict what will change. Drag or adjust one control. Observe the exact output. Explain the relationship.
534,/lessons/data-and-probability/534-weibull-distribution,Weibull Distribution,core,Data and Probability,Probability and Distributions,data-and-probability.probability-and-distributions.weibull-distribution,Probability Lab,learn,data-experiment|slider,cas-data,probability,family,lesson-preset,generated-template,needs-review,P0,available,applicable-missing,applicable-missing,applicable-missing,applicable-missing,not-applicable,applicable-missing,applicable-missing,Predict what will change. Drag or adjust one control. Observe the exact output. Explain the relationship.
535,/lessons/data-and-probability/535-standardisation,Standardisation,core,Data and Probability,Probability and Distributions,data-and-probability.probability-and-distributions.standardisation,Probability Lab,learn,data-experiment|slider,cas-data,probability,family,lesson-preset,generated-template,needs-review,P0,available,applicable-missing,applicable-missing,applicable-missing,applicable-missing,not-applicable,applicable-missing,applicable-missing,Predict what will change. Drag or adjust one control. Observe the exact output. Explain the relationship.
536,/lessons/data-and-probability/536-distribution-simulation,Distribution Simulation,core,Data and Probability,Probability and Distributions,data-and-probability.probability-and-distributions.distribution-simulation,Probability Lab,explore,data-experiment|slider|simulation,cas-data,probability,family,lesson-preset,generated-template,needs-review,P0,applicable-missing,available,applicable-missing,applicable-missing,applicable-missing,not-applicable,applicable-missing,applicable-missing,Predict what will change. Drag or adjust one control. Observe the exact output. Explain the relationship.
537,/lessons/data-and-probability/537-sampling-distributions,Sampling Distributions,core,Data and Probability,Inferential Statistics,data-and-probability.inferential-statistics.sampling-distributions,Inference Lab,learn,data-experiment|slider|simulation,cas-data,inference,family,lesson-preset,generated-template,needs-review,P0,available,applicable-missing,applicable-missing,applicable-missing,applicable-missing,not-applicable,applicable-missing,applicable-missing,Predict what will change. Drag or adjust one control. Observe the exact output. Explain the relationship.
538,/lessons/data-and-probability/538-central-limit-theorem,Central Limit Theorem,core,Data and Probability,Inferential Statistics,data-and-probability.inferential-statistics.central-limit-theorem,Inference Lab,visual-proof,data-experiment|slider|open-response,cas-data,inference,family,theorem-specific,family-specific,needs-review,P0,applicable-missing,applicable-missing,applicable-missing,applicable-missing,applicable-missing,available,applicable-missing,applicable-missing,State the theorem and identify given/fixed objects. Predict the invariant before manipulating the diagram. Manipulate the construction and record measurements. Bridge the visual invariant to the formal proof.
539,/lessons/data-and-probability/539-confidence-interval-for-mean,Confidence Interval for Mean,core,Data and Probability,Inferential Statistics,data-and-probability.inferential-statistics.confidence-interval-for-mean,Inference Lab,learn,data-experiment|slider,cas-data,inference,family,lesson-preset,generated-template,needs-review,P0,available,applicable-missing,applicable-missing,applicable-missing,applicable-missing,not-applicable,applicable-missing,applicable-missing,Predict what will change. Drag or adjust one control. Observe the exact output. Explain the relationship.
540,/lessons/data-and-probability/540-confidence-interval-for-proportion,Confidence Interval for Proportion,core,Data and Probability,Inferential Statistics,data-and-probability.inferential-statistics.confidence-interval-for-proportion,Inference Lab,learn,data-experiment|slider,cas-data,inference,family,lesson-preset,generated-template,needs-review,P0,available,applicable-missing,applicable-missing,applicable-missing,applicable-missing,not-applicable,applicable-missing,applicable-missing,Predict what will change. Drag or adjust one control. Observe the exact output. Explain the relationship.
541,/lessons/data-and-probability/541-difference-of-means-interval,Difference of Means Interval,core,Data and Probability,Inferential Statistics,data-and-probability.inferential-statistics.difference-of-means-interval,Inference Lab,learn,data-experiment|slider,cas-data,inference,family,lesson-preset,generated-template,needs-review,P0,available,applicable-missing,applicable-missing,applicable-missing,applicable-missing,not-applicable,applicable-missing,applicable-missing,Predict what will change. Drag or adjust one control. Observe the exact output. Explain the relationship.
542,/lessons/data-and-probability/542-difference-of-proportions-interval,Difference of Proportions Interval,core,Data and Probability,Inferential Statistics,data-and-probability.inferential-statistics.difference-of-proportions-interval,Inference Lab,learn,data-experiment|slider,cas-data,inference,family,lesson-preset,generated-template,needs-review,P0,available,applicable-missing,applicable-missing,applicable-missing,applicable-missing,not-applicable,applicable-missing,applicable-missing,Predict what will change. Drag or adjust one control. Observe the exact output. Explain the relationship.
543,/lessons/data-and-probability/543-one-sample-z-test,One-Sample z-Test,core,Data and Probability,Inferential Statistics,data-and-probability.inferential-statistics.one-sample-z-test,Inference Lab,assessment,data-experiment|slider,cas-data,inference,family,lesson-preset,generated-template,needs-review,P0,applicable-missing,applicable-missing,applicable-missing,applicable-missing,applicable-missing,not-applicable,available,applicable-missing,Complete mixed items. Submit once ready. Review skill-level feedback. Open remediation links.
544,/lessons/data-and-probability/544-one-sample-t-test,One-Sample t-Test,core,Data and Probability,Inferential Statistics,data-and-probability.inferential-statistics.one-sample-t-test,Inference Lab,assessment,data-experiment|slider,cas-data,inference,family,lesson-preset,generated-template,needs-review,P0,applicable-missing,applicable-missing,applicable-missing,applicable-missing,applicable-missing,not-applicable,available,applicable-missing,Complete mixed items. Submit once ready. Review skill-level feedback. Open remediation links.
545,/lessons/data-and-probability/545-two-sample-t-test,Two-Sample t-Test,core,Data and Probability,Inferential Statistics,data-and-probability.inferential-statistics.two-sample-t-test,Inference Lab,assessment,data-experiment|slider,cas-data,inference,family,lesson-preset,generated-template,needs-review,P0,applicable-missing,applicable-missing,applicable-missing,applicable-missing,applicable-missing,not-applicable,available,applicable-missing,Complete mixed items. Submit once ready. Review skill-level feedback. Open remediation links.
546,/lessons/data-and-probability/546-paired-t-test,Paired t-Test,core,Data and Probability,Inferential Statistics,data-and-probability.inferential-statistics.paired-t-test,Inference Lab,assessment,data-experiment|slider,cas-data,inference,family,lesson-preset,generated-template,needs-review,P0,applicable-missing,applicable-missing,applicable-missing,applicable-missing,applicable-missing,not-applicable,available,applicable-missing,Complete mixed items. Submit once ready. Review skill-level feedback. Open remediation links.
547,/lessons/data-and-probability/547-one-proportion-test,One-Proportion Test,core,Data and Probability,Inferential Statistics,data-and-probability.inferential-statistics.one-proportion-test,Inference Lab,assessment,data-experiment|slider,cas-data,inference,family,lesson-preset,generated-template,needs-review,P0,applicable-missing,applicable-missing,applicable-missing,applicable-missing,applicable-missing,not-applicable,available,applicable-missing,Complete mixed items. Submit once ready. Review skill-level feedback. Open remediation links.
548,/lessons/data-and-probability/548-two-proportion-test,Two-Proportion Test,core,Data and Probability,Inferential Statistics,data-and-probability.inferential-statistics.two-proportion-test,Inference Lab,assessment,data-experiment|slider,cas-data,inference,family,lesson-preset,generated-template,needs-review,P0,applicable-missing,applicable-missing,applicable-missing,applicable-missing,applicable-missing,not-applicable,available,applicable-missing,Complete mixed items. Submit once ready. Review skill-level feedback. Open remediation links.
549,/lessons/data-and-probability/549-chi-square-goodness-of-fit,Chi-Square Goodness-of-Fit,core,Data and Probability,Inferential Statistics,data-and-probability.inferential-statistics.chi-square-goodness-of-fit,Inference Lab,learn,data-experiment|slider,cas-data,inference,family,lesson-preset,generated-template,needs-review,P0,available,applicable-missing,applicable-missing,applicable-missing,applicable-missing,not-applicable,applicable-missing,applicable-missing,Predict what will change. Drag or adjust one control. Observe the exact output. Explain the relationship.
550,/lessons/data-and-probability/550-chi-square-independence,Chi-Square Independence,core,Data and Probability,Inferential Statistics,data-and-probability.inferential-statistics.chi-square-independence,Inference Lab,learn,data-experiment|slider,cas-data,inference,family,lesson-preset,generated-template,needs-review,P0,available,applicable-missing,applicable-missing,applicable-missing,applicable-missing,not-applicable,applicable-missing,applicable-missing,Predict what will change. Drag or adjust one control. Observe the exact output. Explain the relationship.
551,/lessons/data-and-probability/551-variance-tests,Variance Tests,core,Data and Probability,Inferential Statistics,data-and-probability.inferential-statistics.variance-tests,Inference Lab,assessment,data-experiment|slider,cas-data,inference,family,lesson-preset,generated-template,needs-review,P0,applicable-missing,applicable-missing,applicable-missing,applicable-missing,applicable-missing,not-applicable,available,applicable-missing,Complete mixed items. Submit once ready. Review skill-level feedback. Open remediation links.
552,/lessons/data-and-probability/552-anova,ANOVA,core,Data and Probability,Inferential Statistics,data-and-probability.inferential-statistics.anova,Inference Lab,learn,data-experiment|slider,cas-data,inference,family,lesson-preset,generated-template,needs-review,P0,available,applicable-missing,applicable-missing,applicable-missing,applicable-missing,not-applicable,applicable-missing,applicable-missing,Predict what will change. Drag or adjust one control. Observe the exact output. Explain the relationship.
553,/lessons/data-and-probability/553-p-value-visualiser,p-Value Visualiser,core,Data and Probability,Inferential Statistics,data-and-probability.inferential-statistics.p-value-visualiser,Inference Lab,explore,data-experiment|slider,cas-data,inference,family,lesson-preset,generated-template,needs-review,P0,applicable-missing,available,applicable-missing,applicable-missing,applicable-missing,not-applicable,applicable-missing,applicable-missing,Predict what will change. Drag or adjust one control. Observe the exact output. Explain the relationship.
554,/lessons/data-and-probability/554-type-i-and-type-ii-errors,Type I and Type II Errors,core,Data and Probability,Inferential Statistics,data-and-probability.inferential-statistics.type-i-and-type-ii-errors,Inference Lab,learn,data-experiment|slider,cas-data,inference,family,lesson-preset,generated-template,needs-review,P0,available,applicable-missing,applicable-missing,applicable-missing,applicable-missing,not-applicable,applicable-missing,applicable-missing,Predict what will change. Drag or adjust one control. Observe the exact output. Explain the relationship.
555,/lessons/data-and-probability/555-power-of-a-test,Power of a Test,core,Data and Probability,Inferential Statistics,data-and-probability.inferential-statistics.power-of-a-test,Inference Lab,assessment,data-experiment|slider,cas-data,inference,family,lesson-preset,generated-template,needs-review,P0,applicable-missing,applicable-missing,applicable-missing,applicable-missing,applicable-missing,not-applicable,available,applicable-missing,Complete mixed items. Submit once ready. Review skill-level feedback. Open remediation links.
334,/lessons/advanced-mathematics/334-sequence-generator,Sequence Generator,core,Advanced Mathematics,Sequences and Series,advanced-mathematics.sequences-and-series.sequence-generator,Exploration Lab,explore,cas|slider,cas-data,sequence,lesson,lesson-preset,lesson-specific,needs-review,P1,applicable-missing,available,applicable-missing,applicable-missing,applicable-missing,not-applicable,applicable-missing,applicable-missing,Predict what will change. Drag or adjust one control. Observe the exact output. Explain the relationship.
335,/lessons/advanced-mathematics/335-arithmetic-sequences,Arithmetic Sequences,core,Advanced Mathematics,Sequences and Series,advanced-mathematics.sequences-and-series.arithmetic-sequences,Exploration Lab,explore,cas|slider,cas-data,sequence,lesson,lesson-preset,lesson-specific,needs-review,P1,applicable-missing,available,applicable-missing,applicable-missing,applicable-missing,not-applicable,applicable-missing,applicable-missing,Predict what will change. Drag or adjust one control. Observe the exact output. Explain the relationship.
336,/lessons/advanced-mathematics/336-geometric-sequences,Geometric Sequences,core,Advanced Mathematics,Sequences and Series,advanced-mathematics.sequences-and-series.geometric-sequences,Exploration Lab,explore,cas|slider,cas-data,sequence,lesson,lesson-preset,lesson-specific,needs-review,P1,applicable-missing,available,applicable-missing,applicable-missing,applicable-missing,not-applicable,applicable-missing,applicable-missing,Predict what will change. Drag or adjust one control. Observe the exact output. Explain the relationship.
337,/lessons/advanced-mathematics/337-recursive-sequences,Recursive Sequences,core,Advanced Mathematics,Sequences and Series,advanced-mathematics.sequences-and-series.recursive-sequences,Exploration Lab,explore,cas|slider,cas-data,sequence,lesson,lesson-preset,lesson-specific,needs-review,P1,applicable-missing,available,applicable-missing,applicable-missing,applicable-missing,not-applicable,applicable-missing,applicable-missing,Predict what will change. Drag or adjust one control. Observe the exact output. Explain the relationship.
338,/lessons/advanced-mathematics/338-fibonacci-sequence,Fibonacci Sequence,core,Advanced Mathematics,Sequences and Series,advanced-mathematics.sequences-and-series.fibonacci-sequence,Exploration Lab,explore,cas|slider,cas-data,sequence,lesson,lesson-preset,lesson-specific,needs-review,P1,applicable-missing,available,applicable-missing,applicable-missing,applicable-missing,not-applicable,applicable-missing,applicable-missing,Predict what will change. Drag or adjust one control. Observe the exact output. Explain the relationship.
339,/lessons/advanced-mathematics/339-sigma-notation,Sigma Notation,core,Advanced Mathematics,Sequences and Series,advanced-mathematics.sequences-and-series.sigma-notation,Exploration Lab,explore,cas|slider,cas-data,sequence,lesson,lesson-preset,lesson-specific,needs-review,P1,applicable-missing,available,applicable-missing,applicable-missing,applicable-missing,not-applicable,applicable-missing,applicable-missing,Predict what will change. Drag or adjust one control. Observe the exact output. Explain the relationship.
340,/lessons/advanced-mathematics/340-arithmetic-series,Arithmetic Series,core,Advanced Mathematics,Sequences and Series,advanced-mathematics.sequences-and-series.arithmetic-series,Exploration Lab,explore,cas|slider,cas-data,sequence,lesson,lesson-preset,lesson-specific,needs-review,P1,applicable-missing,available,applicable-missing,applicable-missing,applicable-missing,not-applicable,applicable-missing,applicable-missing,Predict what will change. Drag or adjust one control. Observe the exact output. Explain the relationship.
341,/lessons/advanced-mathematics/341-geometric-series,Geometric Series,core,Advanced Mathematics,Sequences and Series,advanced-mathematics.sequences-and-series.geometric-series,Exploration Lab,explore,cas|slider,cas-data,sequence,lesson,lesson-preset,lesson-specific,needs-review,P1,applicable-missing,available,applicable-missing,applicable-missing,applicable-missing,not-applicable,applicable-missing,applicable-missing,Predict what will change. Drag or adjust one control. Observe the exact output. Explain the relationship.
342,/lessons/advanced-mathematics/342-convergence-and-divergence,Convergence and Divergence,core,Advanced Mathematics,Sequences and Series,advanced-mathematics.sequences-and-series.convergence-and-divergence,Exploration Lab,explore,cas|slider,cas-data,sequence,lesson,lesson-preset,lesson-specific,needs-review,P1,applicable-missing,available,applicable-missing,applicable-missing,applicable-missing,not-applicable,applicable-missing,applicable-missing,Predict what will change. Drag or adjust one control. Observe the exact output. Explain the relationship.
343,/lessons/advanced-mathematics/343-power-series,Power Series,core,Advanced Mathematics,Sequences and Series,advanced-mathematics.sequences-and-series.power-series,Exploration Lab,explore,cas|slider,cas-data,sequence,lesson,lesson-preset,lesson-specific,needs-review,P1,applicable-missing,available,applicable-missing,applicable-missing,applicable-missing,not-applicable,applicable-missing,applicable-missing,Predict what will change. Drag or adjust one control. Observe the exact output. Explain the relationship.
344,/lessons/advanced-mathematics/344-taylor-and-maclaurin-series,Taylor and Maclaurin Series,core,Advanced Mathematics,Sequences and Series,advanced-mathematics.sequences-and-series.taylor-and-maclaurin-series,Exploration Lab,explore,cas|slider,cas-data,sequence,lesson,lesson-preset,lesson-specific,needs-review,P1,applicable-missing,available,applicable-missing,applicable-missing,applicable-missing,not-applicable,applicable-missing,applicable-missing,Predict what will change. Drag or adjust one control. Observe the exact output. Explain the relationship.
345,/lessons/advanced-mathematics/345-binomial-series,Binomial Series,core,Advanced Mathematics,Sequences and Series,advanced-mathematics.sequences-and-series.binomial-series,Exploration Lab,explore,cas|slider,cas-data,sequence,lesson,lesson-preset,lesson-specific,needs-review,P1,applicable-missing,available,applicable-missing,applicable-missing,applicable-missing,not-applicable,applicable-missing,applicable-missing,Predict what will change. Drag or adjust one control. Observe the exact output. Explain the relationship.
346,/lessons/advanced-mathematics/346-recurrence-modelling,Recurrence Modelling,core,Advanced Mathematics,Sequences and Series,advanced-mathematics.sequences-and-series.recurrence-modelling,Exploration Lab,explore,cas|slider,cas-data,sequence,lesson,lesson-preset,lesson-specific,needs-review,P1,applicable-missing,available,applicable-missing,applicable-missing,applicable-missing,not-applicable,applicable-missing,applicable-missing,Predict what will change. Drag or adjust one control. Observe the exact output. Explain the relationship.
347,/lessons/advanced-mathematics/347-matrix-builder,Matrix Builder,core,Advanced Mathematics,Matrices and Linear Algebra,advanced-mathematics.matrices-and-linear-algebra.matrix-builder,Linear Algebra Lab,learn,construction|3d|animation,geometry-3d,matrix,lesson,lesson-preset,lesson-specific,needs-review,P1,available,applicable-missing,applicable-missing,applicable-missing,applicable-missing,not-applicable,applicable-missing,applicable-missing,Read the core idea for Matrix Builder. Inspect the visual or symbolic model. Answer the quick check. Choose the next resource.
348,/lessons/advanced-mathematics/348-matrix-addition-and-subtraction,Matrix Addition and Subtraction,core,Advanced Mathematics,Matrices and Linear Algebra,advanced-mathematics.matrices-and-linear-algebra.matrix-addition-and-subtraction,Linear Algebra Lab,learn,construction|3d|animation,geometry-3d,matrix,lesson,lesson-preset,lesson-specific,needs-review,P1,available,applicable-missing,applicable-missing,applicable-missing,applicable-missing,not-applicable,applicable-missing,applicable-missing,Read the core idea for Matrix Addition and Subtraction. Inspect the visual or symbolic model. Answer the quick check. Choose the next resource.
349,/lessons/advanced-mathematics/349-scalar-multiplication,Scalar Multiplication,core,Advanced Mathematics,Matrices and Linear Algebra,advanced-mathematics.matrices-and-linear-algebra.scalar-multiplication,Linear Algebra Lab,learn,construction|3d|animation,geometry-3d,matrix,lesson,lesson-preset,lesson-specific,needs-review,P1,available,applicable-missing,applicable-missing,applicable-missing,applicable-missing,not-applicable,applicable-missing,applicable-missing,Read the core idea for Scalar Multiplication. Inspect the visual or symbolic model. Answer the quick check. Choose the next resource.
350,/lessons/advanced-mathematics/350-matrix-multiplication,Matrix Multiplication,core,Advanced Mathematics,Matrices and Linear Algebra,advanced-mathematics.matrices-and-linear-algebra.matrix-multiplication,Linear Algebra Lab,learn,construction|3d|animation,geometry-3d,matrix,lesson,lesson-preset,lesson-specific,needs-review,P1,available,applicable-missing,applicable-missing,applicable-missing,applicable-missing,not-applicable,applicable-missing,applicable-missing,Read the core idea for Matrix Multiplication. Inspect the visual or symbolic model. Answer the quick check. Choose the next resource.
351,/lessons/advanced-mathematics/351-identity-matrix,Identity Matrix,core,Advanced Mathematics,Matrices and Linear Algebra,advanced-mathematics.matrices-and-linear-algebra.identity-matrix,Linear Algebra Lab,visual-proof,construction|3d|animation|open-response,geometry-3d,matrix,lesson,theorem-specific,lesson-specific,needs-review,P0,applicable-missing,applicable-missing,applicable-missing,applicable-missing,applicable-missing,available,applicable-missing,applicable-missing,State the theorem and identify given/fixed objects. Predict the invariant before manipulating the diagram. Manipulate the construction and record measurements. Bridge the visual invariant to the formal proof.
352,/lessons/advanced-mathematics/352-transpose,Transpose,core,Advanced Mathematics,Matrices and Linear Algebra,advanced-mathematics.matrices-and-linear-algebra.transpose,Linear Algebra Lab,learn,construction|3d|animation,geometry-3d,matrix,lesson,lesson-preset,lesson-specific,needs-review,P1,available,applicable-missing,applicable-missing,applicable-missing,applicable-missing,not-applicable,applicable-missing,applicable-missing,Read the core idea for Transpose. Inspect the visual or symbolic model. Answer the quick check. Choose the next resource.
353,/lessons/advanced-mathematics/353-determinant,Determinant,core,Advanced Mathematics,Matrices and Linear Algebra,advanced-mathematics.matrices-and-linear-algebra.determinant,Linear Algebra Lab,learn,construction|3d|animation,geometry-3d,matrix,lesson,lesson-preset,lesson-specific,needs-review,P1,available,applicable-missing,applicable-missing,applicable-missing,applicable-missing,applicable-missing,applicable-missing,applicable-missing,Read the core idea for Determinant. Inspect the visual or symbolic model. Answer the quick check. Choose the next resource.
354,/lessons/advanced-mathematics/354-matrix-inverse,Matrix Inverse,core,Advanced Mathematics,Matrices and Linear Algebra,advanced-mathematics.matrices-and-linear-algebra.matrix-inverse,Linear Algebra Lab,learn,construction|3d|animation,geometry-3d,matrix,lesson,lesson-preset,lesson-specific,needs-review,P1,available,applicable-missing,applicable-missing,applicable-missing,applicable-missing,not-applicable,applicable-missing,applicable-missing,Read the core idea for Matrix Inverse. Inspect the visual or symbolic model. Answer the quick check. Choose the next resource.
355,/lessons/advanced-mathematics/355-row-operations,Row Operations,core,Advanced Mathematics,Matrices and Linear Algebra,advanced-mathematics.matrices-and-linear-algebra.row-operations,Linear Algebra Lab,learn,construction|3d|animation,geometry-3d,matrix,lesson,lesson-preset,lesson-specific,needs-review,P1,available,applicable-missing,applicable-missing,applicable-missing,applicable-missing,not-applicable,applicable-missing,applicable-missing,Read the core idea for Row Operations. Inspect the visual or symbolic model. Answer the quick check. Choose the next resource.
356,/lessons/advanced-mathematics/356-rref,RREF,core,Advanced Mathematics,Matrices and Linear Algebra,advanced-mathematics.matrices-and-linear-algebra.rref,Linear Algebra Lab,learn,construction|3d|animation,geometry-3d,matrix,lesson,lesson-preset,lesson-specific,needs-review,P1,available,applicable-missing,applicable-missing,applicable-missing,applicable-missing,not-applicable,applicable-missing,applicable-missing,Read the core idea for RREF. Inspect the visual or symbolic model. Answer the quick check. Choose the next resource.
357,/lessons/advanced-mathematics/357-augmented-matrices,Augmented Matrices,core,Advanced Mathematics,Matrices and Linear Algebra,advanced-mathematics.matrices-and-linear-algebra.augmented-matrices,Linear Algebra Lab,learn,construction|3d|animation,geometry-3d,matrix,lesson,lesson-preset,lesson-specific,needs-review,P1,available,applicable-missing,applicable-missing,applicable-missing,applicable-missing,not-applicable,applicable-missing,applicable-missing,Read the core idea for Augmented Matrices. Inspect the visual or symbolic model. Answer the quick check. Choose the next resource.
358,/lessons/advanced-mathematics/358-linear-transformations,Linear Transformations,core,Advanced Mathematics,Matrices and Linear Algebra,advanced-mathematics.matrices-and-linear-algebra.linear-transformations,Linear Algebra Lab,explore,construction|3d|slider|animation,geometry-3d,matrix,lesson,lesson-preset,lesson-specific,needs-review,P1,applicable-missing,available,applicable-missing,applicable-missing,applicable-missing,not-applicable,applicable-missing,applicable-missing,Predict what will change. Drag or adjust one control. Observe the exact output. Explain the relationship.
359,/lessons/advanced-mathematics/359-eigenvalues-and-eigenvectors,Eigenvalues and Eigenvectors,core,Advanced Mathematics,Matrices and Linear Algebra,advanced-mathematics.matrices-and-linear-algebra.eigenvalues-and-eigenvectors,Linear Algebra Lab,learn,construction|3d|slider,geometry-3d,matrix,lesson,lesson-preset,lesson-specific,needs-review,P1,available,applicable-missing,applicable-missing,applicable-missing,applicable-missing,not-applicable,applicable-missing,applicable-missing,Predict what will change. Drag or adjust one control. Observe the exact output. Explain the relationship.
360,/lessons/advanced-mathematics/360-basis-and-dimension,Basis and Dimension,core,Advanced Mathematics,Matrices and Linear Algebra,advanced-mathematics.matrices-and-linear-algebra.basis-and-dimension,Linear Algebra Lab,learn,construction|3d|animation,geometry-3d,matrix,lesson,lesson-preset,lesson-specific,needs-review,P1,available,applicable-missing,applicable-missing,applicable-missing,applicable-missing,not-applicable,applicable-missing,applicable-missing,Read the core idea for Basis and Dimension. Inspect the visual or symbolic model. Answer the quick check. Choose the next resource.
361,/lessons/advanced-mathematics/361-linear-independence,Linear Independence,core,Advanced Mathematics,Matrices and Linear Algebra,advanced-mathematics.matrices-and-linear-algebra.linear-independence,Linear Algebra Lab,learn,construction|3d|animation,geometry-3d,matrix,lesson,lesson-preset,lesson-specific,needs-review,P1,available,applicable-missing,applicable-missing,applicable-missing,applicable-missing,not-applicable,applicable-missing,applicable-missing,Read the core idea for Linear Independence. Inspect the visual or symbolic model. Answer the quick check. Choose the next resource.
362,/lessons/advanced-mathematics/362-vector-spaces,Vector Spaces,core,Advanced Mathematics,Matrices and Linear Algebra,advanced-mathematics.matrices-and-linear-algebra.vector-spaces,Linear Algebra Lab,learn,construction|3d|animation,geometry-3d,matrix,lesson,lesson-preset,lesson-specific,needs-review,P1,available,applicable-missing,applicable-missing,applicable-missing,applicable-missing,not-applicable,applicable-missing,applicable-missing,Read the core idea for Vector Spaces. Inspect the visual or symbolic model. Answer the quick check. Choose the next resource.
363,/lessons/advanced-mathematics/363-gramschmidt,Gram–Schmidt,core,Advanced Mathematics,Matrices and Linear Algebra,advanced-mathematics.matrices-and-linear-algebra.gram-schmidt,Linear Algebra Lab,learn,construction|3d|animation,geometry-3d,matrix,lesson,lesson-preset,lesson-specific,needs-review,P1,available,applicable-missing,applicable-missing,applicable-missing,applicable-missing,not-applicable,applicable-missing,applicable-missing,Read the core idea for Gram–Schmidt. Inspect the visual or symbolic model. Answer the quick check. Choose the next resource.
364,/lessons/advanced-mathematics/364-least-squares,Least Squares,core,Advanced Mathematics,Matrices and Linear Algebra,advanced-mathematics.matrices-and-linear-algebra.least-squares,Linear Algebra Lab,learn,construction|3d|animation,geometry-3d,matrix,lesson,lesson-preset,lesson-specific,needs-review,P1,available,applicable-missing,applicable-missing,applicable-missing,applicable-missing,not-applicable,applicable-missing,applicable-missing,Read the core idea for Least Squares. Inspect the visual or symbolic model. Answer the quick check. Choose the next resource.
365,/lessons/advanced-mathematics/365-complex-plane,Complex Plane,core,Advanced Mathematics,Complex Numbers,advanced-mathematics.complex-numbers.complex-plane,Advanced Lab,learn,construction|3d|slider,geometry-3d,complex,family,lesson-preset,generated-template,needs-review,P0,available,applicable-missing,applicable-missing,applicable-missing,applicable-missing,not-applicable,applicable-missing,applicable-missing,Predict what will change. Drag or adjust one control. Observe the exact output. Explain the relationship.
366,/lessons/advanced-mathematics/366-real-and-imaginary-parts,Real and Imaginary Parts,core,Advanced Mathematics,Complex Numbers,advanced-mathematics.complex-numbers.real-and-imaginary-parts,Advanced Lab,learn,construction|3d|slider,geometry-3d,complex,family,lesson-preset,generated-template,needs-review,P0,available,applicable-missing,applicable-missing,applicable-missing,applicable-missing,not-applicable,applicable-missing,applicable-missing,Predict what will change. Drag or adjust one control. Observe the exact output. Explain the relationship.
367,/lessons/advanced-mathematics/367-complex-addition,Complex Addition,core,Advanced Mathematics,Complex Numbers,advanced-mathematics.complex-numbers.complex-addition,Advanced Lab,learn,construction|3d|slider,geometry-3d,complex,family,lesson-preset,generated-template,needs-review,P0,available,applicable-missing,applicable-missing,applicable-missing,applicable-missing,not-applicable,applicable-missing,applicable-missing,Predict what will change. Drag or adjust one control. Observe the exact output. Explain the relationship.
368,/lessons/advanced-mathematics/368-complex-multiplication,Complex Multiplication,core,Advanced Mathematics,Complex Numbers,advanced-mathematics.complex-numbers.complex-multiplication,Advanced Lab,learn,construction|3d|slider,geometry-3d,complex,family,lesson-preset,generated-template,needs-review,P0,available,applicable-missing,applicable-missing,applicable-missing,applicable-missing,not-applicable,applicable-missing,applicable-missing,Predict what will change. Drag or adjust one control. Observe the exact output. Explain the relationship.
369,/lessons/advanced-mathematics/369-complex-conjugate,Complex Conjugate,core,Advanced Mathematics,Complex Numbers,advanced-mathematics.complex-numbers.complex-conjugate,Advanced Lab,learn,construction|3d|slider,geometry-3d,complex,family,lesson-preset,generated-template,needs-review,P0,available,applicable-missing,applicable-missing,applicable-missing,applicable-missing,not-applicable,applicable-missing,applicable-missing,Predict what will change. Drag or adjust one control. Observe the exact output. Explain the relationship.
370,/lessons/advanced-mathematics/370-modulus-and-argument,Modulus and Argument,core,Advanced Mathematics,Complex Numbers,advanced-mathematics.complex-numbers.modulus-and-argument,Advanced Lab,learn,construction|3d|slider,geometry-3d,complex,family,lesson-preset,generated-template,needs-review,P0,available,applicable-missing,applicable-missing,applicable-missing,applicable-missing,not-applicable,applicable-missing,applicable-missing,Predict what will change. Drag or adjust one control. Observe the exact output. Explain the relationship.
371,/lessons/advanced-mathematics/371-polar-form,Polar Form,core,Advanced Mathematics,Complex Numbers,advanced-mathematics.complex-numbers.polar-form,Advanced Lab,learn,construction|3d|slider,geometry-3d,complex,family,lesson-preset,generated-template,needs-review,P0,available,applicable-missing,applicable-missing,applicable-missing,applicable-missing,not-applicable,applicable-missing,applicable-missing,Predict what will change. Drag or adjust one control. Observe the exact output. Explain the relationship.
372,/lessons/advanced-mathematics/372-euler-form,Euler Form,core,Advanced Mathematics,Complex Numbers,advanced-mathematics.complex-numbers.euler-form,Advanced Lab,learn,construction|3d|slider,geometry-3d,complex,family,lesson-preset,generated-template,needs-review,P0,available,applicable-missing,applicable-missing,applicable-missing,applicable-missing,not-applicable,applicable-missing,applicable-missing,Predict what will change. Drag or adjust one control. Observe the exact output. Explain the relationship.
373,/lessons/advanced-mathematics/373-powers,Powers,core,Advanced Mathematics,Complex Numbers,advanced-mathematics.complex-numbers.powers,Advanced Lab,learn,construction|3d|slider,geometry-3d,complex,family,lesson-preset,generated-template,needs-review,P0,available,applicable-missing,applicable-missing,applicable-missing,applicable-missing,not-applicable,applicable-missing,applicable-missing,Predict what will change. Drag or adjust one control. Observe the exact output. Explain the relationship.
374,/lessons/advanced-mathematics/374-roots,Roots,core,Advanced Mathematics,Complex Numbers,advanced-mathematics.complex-numbers.roots,Advanced Lab,learn,construction|3d|slider,geometry-3d,complex,family,lesson-preset,generated-template,needs-review,P0,available,applicable-missing,applicable-missing,applicable-missing,applicable-missing,not-applicable,applicable-missing,applicable-missing,Predict what will change. Drag or adjust one control. Observe the exact output. Explain the relationship.
375,/lessons/advanced-mathematics/375-polynomial-roots,Polynomial Roots,core,Advanced Mathematics,Complex Numbers,advanced-mathematics.complex-numbers.polynomial-roots,Advanced Lab,learn,construction|3d|slider,geometry-3d,complex,family,lesson-preset,generated-template,needs-review,P0,available,applicable-missing,applicable-missing,applicable-missing,applicable-missing,not-applicable,applicable-missing,applicable-missing,Predict what will change. Drag or adjust one control. Observe the exact output. Explain the relationship.
376,/lessons/advanced-mathematics/376-mobius-transformations,Möbius Transformations,core,Advanced Mathematics,Complex Numbers,advanced-mathematics.complex-numbers.m-bius-transformations,Advanced Lab,explore,construction|3d|slider,geometry-3d,complex,family,lesson-preset,generated-template,needs-review,P0,applicable-missing,available,applicable-missing,applicable-missing,applicable-missing,not-applicable,applicable-missing,applicable-missing,Predict what will change. Drag or adjust one control. Observe the exact output. Explain the relationship.
377,/lessons/advanced-mathematics/377-complex-functions,Complex Functions,core,Advanced Mathematics,Complex Numbers,advanced-mathematics.complex-numbers.complex-functions,Advanced Lab,learn,construction|3d|slider,geometry-3d,complex,family,lesson-preset,generated-template,needs-review,P0,available,applicable-missing,applicable-missing,applicable-missing,applicable-missing,not-applicable,applicable-missing,applicable-missing,Predict what will change. Drag or adjust one control. Observe the exact output. Explain the relationship.
378,/lessons/3d-mathematics/378-3d-coordinate-system,3D Coordinate System,core,3D Mathematics,3D Geometry and Solids,3d-mathematics.3d-geometry-and-solids.3d-coordinate-system,3D Lab,learn,construction|3d|slider,geometry-3d,geometry3d,family,lesson-preset,generated-template,needs-review,P0,available,applicable-missing,applicable-missing,applicable-missing,applicable-missing,not-applicable,applicable-missing,applicable-missing,Predict what will change. Drag or adjust one control. Observe the exact output. Explain the relationship.
379,/lessons/3d-mathematics/379-3d-points,3D Points,core,3D Mathematics,3D Geometry and Solids,3d-mathematics.3d-geometry-and-solids.3d-points,3D Lab,learn,construction|3d|slider|drag-and-observe,geometry-3d,geometry3d,family,lesson-preset,generated-template,needs-review,P0,available,applicable-missing,applicable-missing,applicable-missing,applicable-missing,not-applicable,applicable-missing,applicable-missing,Predict what will change. Drag or adjust one control. Observe the exact output. Explain the relationship.
380,/lessons/3d-mathematics/380-distance-in-3d,Distance in 3D,core,3D Mathematics,3D Geometry and Solids,3d-mathematics.3d-geometry-and-solids.distance-in-3d,3D Lab,learn,construction|3d|slider,geometry-3d,geometry3d,family,lesson-preset,generated-template,needs-review,P0,available,applicable-missing,applicable-missing,applicable-missing,applicable-missing,not-applicable,applicable-missing,applicable-missing,Predict what will change. Drag or adjust one control. Observe the exact output. Explain the relationship.
381,/lessons/3d-mathematics/381-lines-in-3d,Lines in 3D,core,3D Mathematics,3D Geometry and Solids,3d-mathematics.3d-geometry-and-solids.lines-in-3d,3D Lab,learn,construction|3d|slider,geometry-3d,geometry3d,family,lesson-preset,generated-template,needs-review,P0,available,applicable-missing,applicable-missing,applicable-missing,applicable-missing,not-applicable,applicable-missing,applicable-missing,Predict what will change. Drag or adjust one control. Observe the exact output. Explain the relationship.
382,/lessons/3d-mathematics/382-planes,Planes,core,3D Mathematics,3D Geometry and Solids,3d-mathematics.3d-geometry-and-solids.planes,3D Lab,learn,construction|3d|slider,geometry-3d,geometry3d,family,lesson-preset,generated-template,needs-review,P0,available,applicable-missing,applicable-missing,applicable-missing,applicable-missing,not-applicable,applicable-missing,applicable-missing,Predict what will change. Drag or adjust one control. Observe the exact output. Explain the relationship.
383,/lessons/3d-mathematics/383-parallel-and-perpendicular-planes,Parallel and Perpendicular Planes,core,3D Mathematics,3D Geometry and Solids,3d-mathematics.3d-geometry-and-solids.parallel-and-perpendicular-planes,3D Lab,learn,construction|3d|slider,geometry-3d,geometry3d,family,lesson-preset,generated-template,needs-review,P0,available,applicable-missing,applicable-missing,applicable-missing,applicable-missing,not-applicable,applicable-missing,applicable-missing,Predict what will change. Drag or adjust one control. Observe the exact output. Explain the relationship.
384,/lessons/3d-mathematics/384-lineplane-intersection,Line–Plane Intersection,core,3D Mathematics,3D Geometry and Solids,3d-mathematics.3d-geometry-and-solids.line-plane-intersection,3D Lab,learn,construction|3d|slider,geometry-3d,geometry3d,family,lesson-preset,generated-template,needs-review,P0,available,applicable-missing,applicable-missing,applicable-missing,applicable-missing,not-applicable,applicable-missing,applicable-missing,Predict what will change. Drag or adjust one control. Observe the exact output. Explain the relationship.
385,/lessons/3d-mathematics/385-planeplane-intersection,Plane–Plane Intersection,core,3D Mathematics,3D Geometry and Solids,3d-mathematics.3d-geometry-and-solids.plane-plane-intersection,3D Lab,learn,construction|3d|slider,geometry-3d,geometry3d,family,lesson-preset,generated-template,needs-review,P0,available,applicable-missing,applicable-missing,applicable-missing,applicable-missing,not-applicable,applicable-missing,applicable-missing,Predict what will change. Drag or adjust one control. Observe the exact output. Explain the relationship.
386,/lessons/3d-mathematics/386-angle-between-lines,Angle Between Lines,core,3D Mathematics,3D Geometry and Solids,3d-mathematics.3d-geometry-and-solids.angle-between-lines,3D Lab,learn,construction|3d|slider,geometry-3d,geometry3d,family,lesson-preset,generated-template,needs-review,P0,available,applicable-missing,applicable-missing,applicable-missing,applicable-missing,not-applicable,applicable-missing,applicable-missing,Predict what will change. Drag or adjust one control. Observe the exact output. Explain the relationship.
387,/lessons/3d-mathematics/387-angle-between-planes,Angle Between Planes,core,3D Mathematics,3D Geometry and Solids,3d-mathematics.3d-geometry-and-solids.angle-between-planes,3D Lab,learn,construction|3d|slider,geometry-3d,geometry3d,family,lesson-preset,generated-template,needs-review,P0,available,applicable-missing,applicable-missing,applicable-missing,applicable-missing,not-applicable,applicable-missing,applicable-missing,Predict what will change. Drag or adjust one control. Observe the exact output. Explain the relationship.
388,/lessons/3d-mathematics/388-angle-between-line-and-plane,Angle Between Line and Plane,core,3D Mathematics,3D Geometry and Solids,3d-mathematics.3d-geometry-and-solids.angle-between-line-and-plane,3D Lab,learn,construction|3d|slider,geometry-3d,geometry3d,family,lesson-preset,generated-template,needs-review,P0,available,applicable-missing,applicable-missing,applicable-missing,applicable-missing,not-applicable,applicable-missing,applicable-missing,Predict what will change. Drag or adjust one control. Observe the exact output. Explain the relationship.
389,/lessons/3d-mathematics/389-point-to-plane-distance,Point-to-Plane Distance,core,3D Mathematics,3D Geometry and Solids,3d-mathematics.3d-geometry-and-solids.point-to-plane-distance,3D Lab,learn,construction|3d|slider|drag-and-observe,geometry-3d,geometry3d,family,lesson-preset,generated-template,needs-review,P0,available,applicable-missing,applicable-missing,applicable-missing,applicable-missing,not-applicable,applicable-missing,applicable-missing,Predict what will change. Drag or adjust one control. Observe the exact output. Explain the relationship.
390,/lessons/3d-mathematics/390-3d-vectors,3D Vectors,core,3D Mathematics,3D Geometry and Solids,3d-mathematics.3d-geometry-and-solids.3d-vectors,3D Lab,learn,construction|3d|slider,geometry-3d,geometry3d,family,lesson-preset,generated-template,needs-review,P0,available,applicable-missing,applicable-missing,applicable-missing,applicable-missing,not-applicable,applicable-missing,applicable-missing,Predict what will change. Drag or adjust one control. Observe the exact output. Explain the relationship.
391,/lessons/3d-mathematics/391-cube,Cube,core,3D Mathematics,3D Geometry and Solids,3d-mathematics.3d-geometry-and-solids.cube,3D Lab,learn,construction|3d|slider,geometry-3d,geometry3d,family,lesson-preset,generated-template,needs-review,P0,available,applicable-missing,applicable-missing,applicable-missing,applicable-missing,not-applicable,applicable-missing,applicable-missing,Predict what will change. Drag or adjust one control. Observe the exact output. Explain the relationship.
392,/lessons/3d-mathematics/392-cuboid,Cuboid,core,3D Mathematics,3D Geometry and Solids,3d-mathematics.3d-geometry-and-solids.cuboid,3D Lab,learn,construction|3d|slider,geometry-3d,geometry3d,family,lesson-preset,generated-template,needs-review,P0,available,applicable-missing,applicable-missing,applicable-missing,applicable-missing,not-applicable,applicable-missing,applicable-missing,Predict what will change. Drag or adjust one control. Observe the exact output. Explain the relationship.
393,/lessons/3d-mathematics/393-prism,Prism,core,3D Mathematics,3D Geometry and Solids,3d-mathematics.3d-geometry-and-solids.prism,3D Lab,learn,construction|3d|slider,geometry-3d,geometry3d,family,lesson-preset,generated-template,needs-review,P0,available,applicable-missing,applicable-missing,applicable-missing,applicable-missing,not-applicable,applicable-missing,applicable-missing,Predict what will change. Drag or adjust one control. Observe the exact output. Explain the relationship.
394,/lessons/3d-mathematics/394-pyramid,Pyramid,core,3D Mathematics,3D Geometry and Solids,3d-mathematics.3d-geometry-and-solids.pyramid,3D Lab,learn,construction|3d|slider,geometry-3d,geometry3d,family,lesson-preset,generated-template,needs-review,P0,available,applicable-missing,applicable-missing,applicable-missing,applicable-missing,not-applicable,applicable-missing,applicable-missing,Predict what will change. Drag or adjust one control. Observe the exact output. Explain the relationship.
395,/lessons/3d-mathematics/395-tetrahedron,Tetrahedron,core,3D Mathematics,3D Geometry and Solids,3d-mathematics.3d-geometry-and-solids.tetrahedron,3D Lab,learn,construction|3d|slider,geometry-3d,geometry3d,family,lesson-preset,generated-template,needs-review,P0,available,applicable-missing,applicable-missing,applicable-missing,applicable-missing,not-applicable,applicable-missing,applicable-missing,Predict what will change. Drag or adjust one control. Observe the exact output. Explain the relationship.
396,/lessons/3d-mathematics/396-regular-polyhedra,Regular Polyhedra,core,3D Mathematics,3D Geometry and Solids,3d-mathematics.3d-geometry-and-solids.regular-polyhedra,3D Lab,learn,construction|3d|slider,geometry-3d,geometry3d,family,lesson-preset,generated-template,needs-review,P0,available,applicable-missing,applicable-missing,applicable-missing,applicable-missing,not-applicable,applicable-missing,applicable-missing,Predict what will change. Drag or adjust one control. Observe the exact output. Explain the relationship.
397,/lessons/3d-mathematics/397-cylinder,Cylinder,core,3D Mathematics,3D Geometry and Solids,3d-mathematics.3d-geometry-and-solids.cylinder,3D Lab,learn,construction|3d|slider,geometry-3d,geometry3d,family,lesson-preset,generated-template,needs-review,P0,available,applicable-missing,applicable-missing,applicable-missing,applicable-missing,not-applicable,applicable-missing,applicable-missing,Predict what will change. Drag or adjust one control. Observe the exact output. Explain the relationship.
398,/lessons/3d-mathematics/398-cone,Cone,core,3D Mathematics,3D Geometry and Solids,3d-mathematics.3d-geometry-and-solids.cone,3D Lab,learn,construction|3d|slider,geometry-3d,geometry3d,family,lesson-preset,generated-template,needs-review,P0,available,applicable-missing,applicable-missing,applicable-missing,applicable-missing,not-applicable,applicable-missing,applicable-missing,Predict what will change. Drag or adjust one control. Observe the exact output. Explain the relationship.
399,/lessons/3d-mathematics/399-sphere,Sphere,core,3D Mathematics,3D Geometry and Solids,3d-mathematics.3d-geometry-and-solids.sphere,3D Lab,learn,construction|3d|slider,geometry-3d,geometry3d,family,lesson-preset,generated-template,needs-review,P0,available,applicable-missing,applicable-missing,applicable-missing,applicable-missing,not-applicable,applicable-missing,applicable-missing,Predict what will change. Drag or adjust one control. Observe the exact output. Explain the relationship.
400,/lessons/3d-mathematics/400-hemisphere,Hemisphere,core,3D Mathematics,3D Geometry and Solids,3d-mathematics.3d-geometry-and-solids.hemisphere,3D Lab,learn,construction|3d|slider,geometry-3d,geometry3d,family,lesson-preset,generated-template,needs-review,P0,available,applicable-missing,applicable-missing,applicable-missing,applicable-missing,not-applicable,applicable-missing,applicable-missing,Predict what will change. Drag or adjust one control. Observe the exact output. Explain the relationship.
401,/lessons/3d-mathematics/401-frustum,Frustum,core,3D Mathematics,3D Geometry and Solids,3d-mathematics.3d-geometry-and-solids.frustum,3D Lab,learn,construction|3d|slider,geometry-3d,geometry3d,family,lesson-preset,generated-template,needs-review,P0,available,applicable-missing,applicable-missing,applicable-missing,applicable-missing,not-applicable,applicable-missing,applicable-missing,Predict what will change. Drag or adjust one control. Observe the exact output. Explain the relationship.
402,/lessons/3d-mathematics/402-surface-of-revolution,Surface of Revolution,core,3D Mathematics,3D Geometry and Solids,3d-mathematics.3d-geometry-and-solids.surface-of-revolution,3D Lab,learn,graphing|3d|slider,graph-3d,geometry3d,family,lesson-preset,generated-template,needs-review,P0,available,applicable-missing,applicable-missing,applicable-missing,applicable-missing,not-applicable,applicable-missing,applicable-missing,Predict what will change. Drag or adjust one control. Observe the exact output. Explain the relationship.
403,/lessons/3d-mathematics/403-extrusion,Extrusion,core,3D Mathematics,3D Geometry and Solids,3d-mathematics.3d-geometry-and-solids.extrusion,3D Lab,learn,construction|3d|slider,geometry-3d,geometry3d,family,lesson-preset,generated-template,needs-review,P0,available,applicable-missing,applicable-missing,applicable-missing,applicable-missing,not-applicable,applicable-missing,applicable-missing,Predict what will change. Drag or adjust one control. Observe the exact output. Explain the relationship.
404,/lessons/3d-mathematics/404-nets-of-solids,Nets of Solids,core,3D Mathematics,3D Geometry and Solids,3d-mathematics.3d-geometry-and-solids.nets-of-solids,3D Lab,learn,construction|3d|slider|animation,geometry-3d,geometry3d,lesson,lesson-preset,lesson-specific,needs-review,P0,available,applicable-missing,applicable-missing,applicable-missing,applicable-missing,not-applicable,applicable-missing,applicable-missing,Predict what will change. Drag or adjust one control. Observe the exact output. Explain the relationship.
405,/lessons/3d-mathematics/405-cross-sections,Cross-Sections,core,3D Mathematics,3D Geometry and Solids,3d-mathematics.3d-geometry-and-solids.cross-sections,3D Lab,learn,construction|3d|slider,geometry-3d,geometry3d,family,lesson-preset,generated-template,needs-review,P0,available,applicable-missing,applicable-missing,applicable-missing,applicable-missing,not-applicable,applicable-missing,applicable-missing,Predict what will change. Drag or adjust one control. Observe the exact output. Explain the relationship.
406,/lessons/3d-mathematics/406-volume,Volume,core,3D Mathematics,3D Geometry and Solids,3d-mathematics.3d-geometry-and-solids.volume,3D Lab,learn,construction|3d|slider,geometry-3d,geometry3d,family,lesson-preset,generated-template,needs-review,P0,available,applicable-missing,applicable-missing,applicable-missing,applicable-missing,not-applicable,applicable-missing,applicable-missing,Predict what will change. Drag or adjust one control. Observe the exact output. Explain the relationship.
407,/lessons/3d-mathematics/407-surface-area,Surface Area,core,3D Mathematics,3D Geometry and Solids,3d-mathematics.3d-geometry-and-solids.surface-area,3D Lab,learn,graphing|3d|slider,graph-3d,geometry3d,family,lesson-preset,generated-template,needs-review,P0,available,applicable-missing,applicable-missing,applicable-missing,applicable-missing,not-applicable,applicable-missing,applicable-missing,Predict what will change. Drag or adjust one control. Observe the exact output. Explain the relationship.
408,/lessons/3d-mathematics/408-euler-s-polyhedron-formula,Euler's Polyhedron Formula,core,3D Mathematics,3D Geometry and Solids,3d-mathematics.3d-geometry-and-solids.euler-s-polyhedron-formula,3D Lab,learn,construction|3d|slider,geometry-3d,geometry3d,family,lesson-preset,generated-template,needs-review,P0,available,applicable-missing,applicable-missing,applicable-missing,applicable-missing,not-applicable,applicable-missing,applicable-missing,Predict what will change. Drag or adjust one control. Observe the exact output. Explain the relationship.
409,/lessons/3d-mathematics/409-transparent-x-ray-mode,Transparent / X-Ray Mode,core,3D Mathematics,3D Geometry and Solids,3d-mathematics.3d-geometry-and-solids.transparent-x-ray-mode,3D Lab,learn,construction|3d|slider,geometry-3d,geometry3d,family,lesson-preset,generated-template,needs-review,P0,available,applicable-missing,applicable-missing,applicable-missing,applicable-missing,not-applicable,applicable-missing,applicable-missing,Predict what will change. Drag or adjust one control. Observe the exact output. Explain the relationship.
410,/lessons/3d-mathematics/410-camera-controls,Camera Controls,core,3D Mathematics,3D Geometry and Solids,3d-mathematics.3d-geometry-and-solids.camera-controls,3D Lab,learn,construction|3d|slider,geometry-3d,geometry3d,family,lesson-preset,generated-template,needs-review,P0,available,applicable-missing,applicable-missing,applicable-missing,applicable-missing,not-applicable,applicable-missing,applicable-missing,Predict what will change. Drag or adjust one control. Observe the exact output. Explain the relationship.
411,/lessons/3d-mathematics/411-orthographic-views,Orthographic Views,core,3D Mathematics,3D Geometry and Solids,3d-mathematics.3d-geometry-and-solids.orthographic-views,3D Lab,learn,construction|3d|slider,geometry-3d,geometry3d,family,lesson-preset,generated-template,needs-review,P0,available,applicable-missing,applicable-missing,applicable-missing,applicable-missing,not-applicable,applicable-missing,applicable-missing,Predict what will change. Drag or adjust one control. Observe the exact output. Explain the relationship.
412,/lessons/3d-mathematics/412-ar-placement,AR Placement,core,3D Mathematics,3D Geometry and Solids,3d-mathematics.3d-geometry-and-solids.ar-placement,3D Lab,learn,construction|3d|slider,geometry-3d,geometry3d,family,lesson-preset,generated-template,needs-review,P0,available,applicable-missing,applicable-missing,applicable-missing,applicable-missing,not-applicable,applicable-missing,applicable-missing,Predict what will change. Drag or adjust one control. Observe the exact output. Explain the relationship.
413,/lessons/3d-mathematics/413-surface-z-f-x-y,"Surface z=f(x,y)",core,3D Mathematics,3D Functions and Surfaces,3d-mathematics.3d-functions-and-surfaces.surface-z-f-x-y,3D Analysis Lab,learn,graphing|3d|slider,graph-3d,geometry3d,family,lesson-preset,generated-template,needs-review,P0,available,applicable-missing,applicable-missing,applicable-missing,applicable-missing,not-applicable,applicable-missing,applicable-missing,Predict what will change. Drag or adjust one control. Observe the exact output. Explain the relationship.
414,/lessons/3d-mathematics/414-implicit-surfaces,Implicit Surfaces,core,3D Mathematics,3D Functions and Surfaces,3d-mathematics.3d-functions-and-surfaces.implicit-surfaces,3D Analysis Lab,learn,graphing|3d|slider,graph-3d,geometry3d,family,lesson-preset,generated-template,needs-review,P0,available,applicable-missing,applicable-missing,applicable-missing,applicable-missing,not-applicable,applicable-missing,applicable-missing,Predict what will change. Drag or adjust one control. Observe the exact output. Explain the relationship.
415,/lessons/3d-mathematics/415-parametric-surfaces,Parametric Surfaces,core,3D Mathematics,3D Functions and Surfaces,3d-mathematics.3d-functions-and-surfaces.parametric-surfaces,3D Analysis Lab,learn,graphing|3d|slider,graph-3d,geometry3d,family,lesson-preset,generated-template,needs-review,P0,available,applicable-missing,applicable-missing,applicable-missing,applicable-missing,not-applicable,applicable-missing,applicable-missing,Predict what will change. Drag or adjust one control. Observe the exact output. Explain the relationship.
416,/lessons/3d-mathematics/416-space-curves,Space Curves,core,3D Mathematics,3D Functions and Surfaces,3d-mathematics.3d-functions-and-surfaces.space-curves,3D Analysis Lab,learn,graphing|3d|slider,graph-3d,geometry3d,family,lesson-preset,generated-template,needs-review,P0,available,applicable-missing,applicable-missing,applicable-missing,applicable-missing,not-applicable,applicable-missing,applicable-missing,Predict what will change. Drag or adjust one control. Observe the exact output. Explain the relationship.
417,/lessons/3d-mathematics/417-quadric-surfaces,Quadric Surfaces,core,3D Mathematics,3D Functions and Surfaces,3d-mathematics.3d-functions-and-surfaces.quadric-surfaces,3D Analysis Lab,learn,graphing|3d|slider,graph-3d,geometry3d,family,lesson-preset,generated-template,needs-review,P0,available,applicable-missing,applicable-missing,applicable-missing,applicable-missing,not-applicable,applicable-missing,applicable-missing,Predict what will change. Drag or adjust one control. Observe the exact output. Explain the relationship.
418,/lessons/3d-mathematics/418-cylindrical-coordinates,Cylindrical Coordinates,core,3D Mathematics,3D Functions and Surfaces,3d-mathematics.3d-functions-and-surfaces.cylindrical-coordinates,3D Analysis Lab,learn,graphing|3d|slider,graph-3d,geometry3d,family,lesson-preset,generated-template,needs-review,P0,available,applicable-missing,applicable-missing,applicable-missing,applicable-missing,not-applicable,applicable-missing,applicable-missing,Predict what will change. Drag or adjust one control. Observe the exact output. Explain the relationship.
419,/lessons/3d-mathematics/419-spherical-coordinates,Spherical Coordinates,core,3D Mathematics,3D Functions and Surfaces,3d-mathematics.3d-functions-and-surfaces.spherical-coordinates,3D Analysis Lab,learn,graphing|3d|slider,graph-3d,geometry3d,family,lesson-preset,generated-template,needs-review,P0,available,applicable-missing,applicable-missing,applicable-missing,applicable-missing,not-applicable,applicable-missing,applicable-missing,Predict what will change. Drag or adjust one control. Observe the exact output. Explain the relationship.
420,/lessons/3d-mathematics/420-contour-curves,Contour Curves,core,3D Mathematics,3D Functions and Surfaces,3d-mathematics.3d-functions-and-surfaces.contour-curves,3D Analysis Lab,learn,graphing|3d|slider,graph-3d,geometry3d,family,lesson-preset,generated-template,needs-review,P0,available,applicable-missing,applicable-missing,applicable-missing,applicable-missing,not-applicable,applicable-missing,applicable-missing,Predict what will change. Drag or adjust one control. Observe the exact output. Explain the relationship.
421,/lessons/3d-mathematics/421-level-surfaces,Level Surfaces,core,3D Mathematics,3D Functions and Surfaces,3d-mathematics.3d-functions-and-surfaces.level-surfaces,3D Analysis Lab,challenge,graphing|3d|slider,graph-3d,geometry3d,family,lesson-preset,generated-template,needs-review,P0,applicable-missing,applicable-missing,applicable-missing,available,applicable-missing,not-applicable,applicable-missing,applicable-missing,Predict what will change. Drag or adjust one control. Observe the exact output. Explain the relationship.
422,/lessons/3d-mathematics/422-partial-derivatives,Partial Derivatives,core,3D Mathematics,3D Functions and Surfaces,3d-mathematics.3d-functions-and-surfaces.partial-derivatives,3D Analysis Lab,learn,graphing|3d|slider,graph-3d,geometry3d,family,lesson-preset,generated-template,needs-review,P0,available,applicable-missing,applicable-missing,applicable-missing,applicable-missing,not-applicable,applicable-missing,applicable-missing,Predict what will change. Drag or adjust one control. Observe the exact output. Explain the relationship.
423,/lessons/3d-mathematics/423-gradient-vector,Gradient Vector,core,3D Mathematics,3D Functions and Surfaces,3d-mathematics.3d-functions-and-surfaces.gradient-vector,3D Analysis Lab,learn,graphing|3d|slider,graph-3d,geometry3d,family,lesson-preset,generated-template,needs-review,P0,available,applicable-missing,applicable-missing,applicable-missing,applicable-missing,not-applicable,applicable-missing,applicable-missing,Predict what will change. Drag or adjust one control. Observe the exact output. Explain the relationship.
424,/lessons/3d-mathematics/424-tangent-plane,Tangent Plane,core,3D Mathematics,3D Functions and Surfaces,3d-mathematics.3d-functions-and-surfaces.tangent-plane,3D Analysis Lab,learn,graphing|3d|slider,graph-3d,geometry3d,family,lesson-preset,generated-template,needs-review,P0,available,applicable-missing,applicable-missing,applicable-missing,applicable-missing,applicable-missing,applicable-missing,applicable-missing,Predict what will change. Drag or adjust one control. Observe the exact output. Explain the relationship.
425,/lessons/3d-mathematics/425-normal-vector,Normal Vector,core,3D Mathematics,3D Functions and Surfaces,3d-mathematics.3d-functions-and-surfaces.normal-vector,3D Analysis Lab,learn,graphing|3d|slider,graph-3d,geometry3d,family,lesson-preset,generated-template,needs-review,P0,available,applicable-missing,applicable-missing,applicable-missing,applicable-missing,not-applicable,applicable-missing,applicable-missing,Predict what will change. Drag or adjust one control. Observe the exact output. Explain the relationship.
426,/lessons/3d-mathematics/426-double-integrals,Double Integrals,core,3D Mathematics,3D Functions and Surfaces,3d-mathematics.3d-functions-and-surfaces.double-integrals,3D Analysis Lab,learn,graphing|3d|slider,graph-3d,geometry3d,family,lesson-preset,generated-template,needs-review,P0,available,applicable-missing,applicable-missing,applicable-missing,applicable-missing,not-applicable,applicable-missing,applicable-missing,Predict what will change. Drag or adjust one control. Observe the exact output. Explain the relationship.
427,/lessons/3d-mathematics/427-multivariable-optimisation,Multivariable Optimisation,core,3D Mathematics,3D Functions and Surfaces,3d-mathematics.3d-functions-and-surfaces.multivariable-optimisation,3D Analysis Lab,learn,graphing|3d|slider,graph-3d,geometry3d,family,lesson-preset,generated-template,needs-review,P0,available,applicable-missing,applicable-missing,applicable-missing,applicable-missing,not-applicable,applicable-missing,applicable-missing,Predict what will change. Drag or adjust one control. Observe the exact output. Explain the relationship.
556,/lessons/discrete-and-applied-mathematics/556-fundamental-counting-principle,Fundamental Counting Principle,core,Discrete and Applied Mathematics,"Combinatorics, Graph Theory and Logic",discrete-and-applied-mathematics.combinatorics-graph-theory-and-logic.fundamental-counting-principle,Discrete Math Lab,learn,graphing,graph-2d,discrete,lesson,lesson-preset,lesson-specific,needs-review,P2,available,applicable-missing,applicable-missing,applicable-missing,applicable-missing,not-applicable,applicable-missing,applicable-missing,Read the core idea for Fundamental Counting Principle. Inspect the visual or symbolic model. Answer the quick check. Choose the next resource.
557,/lessons/discrete-and-applied-mathematics/557-factorials,Factorials,core,Discrete and Applied Mathematics,"Combinatorics, Graph Theory and Logic",discrete-and-applied-mathematics.combinatorics-graph-theory-and-logic.factorials,Discrete Math Lab,learn,cas,cas-data,discrete,lesson,lesson-preset,lesson-specific,needs-review,P2,available,applicable-missing,applicable-missing,applicable-missing,applicable-missing,not-applicable,applicable-missing,applicable-missing,Read the core idea for Factorials. Inspect the visual or symbolic model. Answer the quick check. Choose the next resource.
558,/lessons/discrete-and-applied-mathematics/558-permutations,Permutations,core,Discrete and Applied Mathematics,"Combinatorics, Graph Theory and Logic",discrete-and-applied-mathematics.combinatorics-graph-theory-and-logic.permutations,Discrete Math Lab,learn,graphing,graph-2d,discrete,lesson,lesson-preset,lesson-specific,needs-review,P2,available,applicable-missing,applicable-missing,applicable-missing,applicable-missing,not-applicable,applicable-missing,applicable-missing,Read the core idea for Permutations. Inspect the visual or symbolic model. Answer the quick check. Choose the next resource.
559,/lessons/discrete-and-applied-mathematics/559-permutations-with-repetition,Permutations with Repetition,core,Discrete and Applied Mathematics,"Combinatorics, Graph Theory and Logic",discrete-and-applied-mathematics.combinatorics-graph-theory-and-logic.permutations-with-repetition,Discrete Math Lab,learn,graphing,graph-2d,discrete,lesson,lesson-preset,lesson-specific,needs-review,P2,available,applicable-missing,applicable-missing,applicable-missing,applicable-missing,not-applicable,applicable-missing,applicable-missing,Read the core idea for Permutations with Repetition. Inspect the visual or symbolic model. Answer the quick check. Choose the next resource.
560,/lessons/discrete-and-applied-mathematics/560-circular-permutations,Circular Permutations,core,Discrete and Applied Mathematics,"Combinatorics, Graph Theory and Logic",discrete-and-applied-mathematics.combinatorics-graph-theory-and-logic.circular-permutations,Discrete Math Lab,learn,graphing,graph-2d,discrete,lesson,lesson-preset,lesson-specific,needs-review,P2,available,applicable-missing,applicable-missing,applicable-missing,applicable-missing,not-applicable,applicable-missing,applicable-missing,Read the core idea for Circular Permutations. Inspect the visual or symbolic model. Answer the quick check. Choose the next resource.
561,/lessons/discrete-and-applied-mathematics/561-combinations,Combinations,core,Discrete and Applied Mathematics,"Combinatorics, Graph Theory and Logic",discrete-and-applied-mathematics.combinatorics-graph-theory-and-logic.combinations,Discrete Math Lab,learn,graphing,graph-2d,discrete,lesson,lesson-preset,lesson-specific,needs-review,P2,available,applicable-missing,applicable-missing,applicable-missing,applicable-missing,not-applicable,applicable-missing,applicable-missing,Read the core idea for Combinations. Inspect the visual or symbolic model. Answer the quick check. Choose the next resource.
562,/lessons/discrete-and-applied-mathematics/562-pascal-s-triangle,Pascal's Triangle,core,Discrete and Applied Mathematics,"Combinatorics, Graph Theory and Logic",discrete-and-applied-mathematics.combinatorics-graph-theory-and-logic.pascal-s-triangle,Discrete Math Lab,learn,construction,geometry-2d,discrete,lesson,lesson-preset,lesson-specific,needs-review,P2,available,applicable-missing,applicable-missing,applicable-missing,applicable-missing,not-applicable,applicable-missing,applicable-missing,Read the core idea for Pascal's Triangle. Inspect the visual or symbolic model. Answer the quick check. Choose the next resource.
563,/lessons/discrete-and-applied-mathematics/563-inclusionexclusion,Inclusion–Exclusion,core,Discrete and Applied Mathematics,"Combinatorics, Graph Theory and Logic",discrete-and-applied-mathematics.combinatorics-graph-theory-and-logic.inclusion-exclusion,Discrete Math Lab,learn,graphing,graph-2d,discrete,lesson,lesson-preset,lesson-specific,needs-review,P2,available,applicable-missing,applicable-missing,applicable-missing,applicable-missing,not-applicable,applicable-missing,applicable-missing,Read the core idea for Inclusion–Exclusion. Inspect the visual or symbolic model. Answer the quick check. Choose the next resource.
564,/lessons/discrete-and-applied-mathematics/564-pigeonhole-principle,Pigeonhole Principle,core,Discrete and Applied Mathematics,"Combinatorics, Graph Theory and Logic",discrete-and-applied-mathematics.combinatorics-graph-theory-and-logic.pigeonhole-principle,Discrete Math Lab,learn,graphing,graph-2d,discrete,lesson,lesson-preset,lesson-specific,needs-review,P2,available,applicable-missing,applicable-missing,applicable-missing,applicable-missing,not-applicable,applicable-missing,applicable-missing,Read the core idea for Pigeonhole Principle. Inspect the visual or symbolic model. Answer the quick check. Choose the next resource.
565,/lessons/discrete-and-applied-mathematics/565-vertex-and-edge-builder,Vertex and Edge Builder,core,Discrete and Applied Mathematics,"Combinatorics, Graph Theory and Logic",discrete-and-applied-mathematics.combinatorics-graph-theory-and-logic.vertex-and-edge-builder,Discrete Math Lab,learn,graphing|drag-and-observe,graph-2d,discrete,lesson,lesson-preset,lesson-specific,needs-review,P2,available,applicable-missing,applicable-missing,applicable-missing,applicable-missing,not-applicable,applicable-missing,applicable-missing,Predict what will change. Drag or adjust one control. Observe the exact output. Explain the relationship.
566,/lessons/discrete-and-applied-mathematics/566-directed-graphs,Directed Graphs,core,Discrete and Applied Mathematics,"Combinatorics, Graph Theory and Logic",discrete-and-applied-mathematics.combinatorics-graph-theory-and-logic.directed-graphs,Discrete Math Lab,learn,graphing,graph-2d,discrete,lesson,lesson-preset,lesson-specific,needs-review,P2,available,applicable-missing,applicable-missing,applicable-missing,applicable-missing,not-applicable,applicable-missing,applicable-missing,Read the core idea for Directed Graphs. Inspect the visual or symbolic model. Answer the quick check. Choose the next resource.
567,/lessons/discrete-and-applied-mathematics/567-weighted-graphs,Weighted Graphs,core,Discrete and Applied Mathematics,"Combinatorics, Graph Theory and Logic",discrete-and-applied-mathematics.combinatorics-graph-theory-and-logic.weighted-graphs,Discrete Math Lab,learn,graphing,graph-2d,discrete,lesson,lesson-preset,lesson-specific,needs-review,P2,available,applicable-missing,applicable-missing,applicable-missing,applicable-missing,not-applicable,applicable-missing,applicable-missing,Read the core idea for Weighted Graphs. Inspect the visual or symbolic model. Answer the quick check. Choose the next resource.
568,/lessons/discrete-and-applied-mathematics/568-degree-of-a-vertex,Degree of a Vertex,core,Discrete and Applied Mathematics,"Combinatorics, Graph Theory and Logic",discrete-and-applied-mathematics.combinatorics-graph-theory-and-logic.degree-of-a-vertex,Discrete Math Lab,learn,graphing|drag-and-observe,graph-2d,discrete,lesson,lesson-preset,lesson-specific,needs-review,P2,available,applicable-missing,applicable-missing,applicable-missing,applicable-missing,not-applicable,applicable-missing,applicable-missing,Predict what will change. Drag or adjust one control. Observe the exact output. Explain the relationship.
569,/lessons/discrete-and-applied-mathematics/569-paths-and-cycles,Paths and Cycles,core,Discrete and Applied Mathematics,"Combinatorics, Graph Theory and Logic",discrete-and-applied-mathematics.combinatorics-graph-theory-and-logic.paths-and-cycles,Discrete Math Lab,learn,graphing,graph-2d,discrete,lesson,lesson-preset,lesson-specific,needs-review,P2,available,applicable-missing,applicable-missing,applicable-missing,applicable-missing,not-applicable,applicable-missing,applicable-missing,Read the core idea for Paths and Cycles. Inspect the visual or symbolic model. Answer the quick check. Choose the next resource.
570,/lessons/discrete-and-applied-mathematics/570-connected-components,Connected Components,core,Discrete and Applied Mathematics,"Combinatorics, Graph Theory and Logic",discrete-and-applied-mathematics.combinatorics-graph-theory-and-logic.connected-components,Discrete Math Lab,learn,graphing,graph-2d,discrete,lesson,lesson-preset,lesson-specific,needs-review,P2,available,applicable-missing,applicable-missing,applicable-missing,applicable-missing,not-applicable,applicable-missing,applicable-missing,Read the core idea for Connected Components. Inspect the visual or symbolic model. Answer the quick check. Choose the next resource.
571,/lessons/discrete-and-applied-mathematics/571-euler-paths-and-circuits,Euler Paths and Circuits,core,Discrete and Applied Mathematics,"Combinatorics, Graph Theory and Logic",discrete-and-applied-mathematics.combinatorics-graph-theory-and-logic.euler-paths-and-circuits,Discrete Math Lab,learn,graphing,graph-2d,discrete,lesson,lesson-preset,lesson-specific,needs-review,P2,available,applicable-missing,applicable-missing,applicable-missing,applicable-missing,not-applicable,applicable-missing,applicable-missing,Read the core idea for Euler Paths and Circuits. Inspect the visual or symbolic model. Answer the quick check. Choose the next resource.
572,/lessons/discrete-and-applied-mathematics/572-hamiltonian-paths-and-cycles,Hamiltonian Paths and Cycles,core,Discrete and Applied Mathematics,"Combinatorics, Graph Theory and Logic",discrete-and-applied-mathematics.combinatorics-graph-theory-and-logic.hamiltonian-paths-and-cycles,Discrete Math Lab,learn,graphing,graph-2d,discrete,lesson,lesson-preset,lesson-specific,needs-review,P2,available,applicable-missing,applicable-missing,applicable-missing,applicable-missing,not-applicable,applicable-missing,applicable-missing,Read the core idea for Hamiltonian Paths and Cycles. Inspect the visual or symbolic model. Answer the quick check. Choose the next resource.
573,/lessons/discrete-and-applied-mathematics/573-trees,Trees,core,Discrete and Applied Mathematics,"Combinatorics, Graph Theory and Logic",discrete-and-applied-mathematics.combinatorics-graph-theory-and-logic.trees,Discrete Math Lab,learn,graphing,graph-2d,discrete,lesson,lesson-preset,lesson-specific,needs-review,P2,available,applicable-missing,applicable-missing,applicable-missing,applicable-missing,not-applicable,applicable-missing,applicable-missing,Read the core idea for Trees. Inspect the visual or symbolic model. Answer the quick check. Choose the next resource.
574,/lessons/discrete-and-applied-mathematics/574-minimum-spanning-tree,Minimum Spanning Tree,core,Discrete and Applied Mathematics,"Combinatorics, Graph Theory and Logic",discrete-and-applied-mathematics.combinatorics-graph-theory-and-logic.minimum-spanning-tree,Discrete Math Lab,learn,graphing,graph-2d,discrete,lesson,lesson-preset,lesson-specific,needs-review,P2,available,applicable-missing,applicable-missing,applicable-missing,applicable-missing,not-applicable,applicable-missing,applicable-missing,Read the core idea for Minimum Spanning Tree. Inspect the visual or symbolic model. Answer the quick check. Choose the next resource.
575,/lessons/discrete-and-applied-mathematics/575-shortest-path,Shortest Path,core,Discrete and Applied Mathematics,"Combinatorics, Graph Theory and Logic",discrete-and-applied-mathematics.combinatorics-graph-theory-and-logic.shortest-path,Discrete Math Lab,assessment,graphing,graph-2d,discrete,lesson,lesson-preset,lesson-specific,needs-review,P2,applicable-missing,applicable-missing,applicable-missing,applicable-missing,applicable-missing,not-applicable,available,applicable-missing,Complete mixed items. Submit once ready. Review skill-level feedback. Open remediation links.
576,/lessons/discrete-and-applied-mathematics/576-graph-colouring,Graph Colouring,core,Discrete and Applied Mathematics,"Combinatorics, Graph Theory and Logic",discrete-and-applied-mathematics.combinatorics-graph-theory-and-logic.graph-colouring,Discrete Math Lab,learn,graphing,graph-2d,discrete,lesson,lesson-preset,lesson-specific,needs-review,P2,available,applicable-missing,applicable-missing,applicable-missing,applicable-missing,not-applicable,applicable-missing,applicable-missing,Read the core idea for Graph Colouring. Inspect the visual or symbolic model. Answer the quick check. Choose the next resource.
577,/lessons/discrete-and-applied-mathematics/577-bipartite-graphs,Bipartite Graphs,core,Discrete and Applied Mathematics,"Combinatorics, Graph Theory and Logic",discrete-and-applied-mathematics.combinatorics-graph-theory-and-logic.bipartite-graphs,Discrete Math Lab,learn,graphing,graph-2d,discrete,lesson,lesson-preset,lesson-specific,needs-review,P2,available,applicable-missing,applicable-missing,applicable-missing,applicable-missing,not-applicable,applicable-missing,applicable-missing,Read the core idea for Bipartite Graphs. Inspect the visual or symbolic model. Answer the quick check. Choose the next resource.
578,/lessons/discrete-and-applied-mathematics/578-planar-graphs,Planar Graphs,core,Discrete and Applied Mathematics,"Combinatorics, Graph Theory and Logic",discrete-and-applied-mathematics.combinatorics-graph-theory-and-logic.planar-graphs,Discrete Math Lab,learn,graphing,graph-2d,discrete,lesson,lesson-preset,lesson-specific,needs-review,P2,available,applicable-missing,applicable-missing,applicable-missing,applicable-missing,not-applicable,applicable-missing,applicable-missing,Read the core idea for Planar Graphs. Inspect the visual or symbolic model. Answer the quick check. Choose the next resource.
579,/lessons/discrete-and-applied-mathematics/579-network-flow,Network Flow,core,Discrete and Applied Mathematics,"Combinatorics, Graph Theory and Logic",discrete-and-applied-mathematics.combinatorics-graph-theory-and-logic.network-flow,Discrete Math Lab,learn,construction|3d,geometry-3d,discrete,lesson,lesson-preset,lesson-specific,needs-review,P2,available,applicable-missing,applicable-missing,applicable-missing,applicable-missing,not-applicable,applicable-missing,applicable-missing,Read the core idea for Network Flow. Inspect the visual or symbolic model. Answer the quick check. Choose the next resource.
580,/lessons/discrete-and-applied-mathematics/580-travelling-salesperson,Travelling Salesperson,core,Discrete and Applied Mathematics,"Combinatorics, Graph Theory and Logic",discrete-and-applied-mathematics.combinatorics-graph-theory-and-logic.travelling-salesperson,Discrete Math Lab,learn,graphing,graph-2d,discrete,lesson,lesson-preset,lesson-specific,needs-review,P2,available,applicable-missing,applicable-missing,applicable-missing,applicable-missing,not-applicable,applicable-missing,applicable-missing,Read the core idea for Travelling Salesperson. Inspect the visual or symbolic model. Answer the quick check. Choose the next resource.
581,/lessons/discrete-and-applied-mathematics/581-adjacency-matrix,Adjacency Matrix,core,Discrete and Applied Mathematics,"Combinatorics, Graph Theory and Logic",discrete-and-applied-mathematics.combinatorics-graph-theory-and-logic.adjacency-matrix,Discrete Math Lab,learn,cas,cas-data,discrete,lesson,lesson-preset,lesson-specific,needs-review,P2,available,applicable-missing,applicable-missing,applicable-missing,applicable-missing,not-applicable,applicable-missing,applicable-missing,Read the core idea for Adjacency Matrix. Inspect the visual or symbolic model. Answer the quick check. Choose the next resource.
582,/lessons/discrete-and-applied-mathematics/582-set-builder,Set Builder,core,Discrete and Applied Mathematics,"Combinatorics, Graph Theory and Logic",discrete-and-applied-mathematics.combinatorics-graph-theory-and-logic.set-builder,Discrete Math Lab,learn,graphing,graph-2d,discrete,lesson,lesson-preset,lesson-specific,needs-review,P2,available,applicable-missing,applicable-missing,applicable-missing,applicable-missing,not-applicable,applicable-missing,applicable-missing,Read the core idea for Set Builder. Inspect the visual or symbolic model. Answer the quick check. Choose the next resource.
583,/lessons/discrete-and-applied-mathematics/583-union-intersection-and-difference,"Union, Intersection and Difference",core,Discrete and Applied Mathematics,"Combinatorics, Graph Theory and Logic",discrete-and-applied-mathematics.combinatorics-graph-theory-and-logic.union-intersection-and-difference,Discrete Math Lab,learn,graphing,graph-2d,discrete,lesson,lesson-preset,lesson-specific,needs-review,P2,available,applicable-missing,applicable-missing,applicable-missing,applicable-missing,not-applicable,applicable-missing,applicable-missing,"Read the core idea for Union, Intersection and Difference. Inspect the visual or symbolic model. Answer the quick check. Choose the next resource."
584,/lessons/discrete-and-applied-mathematics/584-complement,Complement,core,Discrete and Applied Mathematics,"Combinatorics, Graph Theory and Logic",discrete-and-applied-mathematics.combinatorics-graph-theory-and-logic.complement,Discrete Math Lab,learn,graphing,graph-2d,discrete,lesson,lesson-preset,lesson-specific,needs-review,P2,available,applicable-missing,applicable-missing,applicable-missing,applicable-missing,not-applicable,applicable-missing,applicable-missing,Read the core idea for Complement. Inspect the visual or symbolic model. Answer the quick check. Choose the next resource.
585,/lessons/discrete-and-applied-mathematics/585-cartesian-product,Cartesian Product,core,Discrete and Applied Mathematics,"Combinatorics, Graph Theory and Logic",discrete-and-applied-mathematics.combinatorics-graph-theory-and-logic.cartesian-product,Discrete Math Lab,learn,graphing,graph-2d,discrete,lesson,lesson-preset,lesson-specific,needs-review,P2,available,applicable-missing,applicable-missing,applicable-missing,applicable-missing,not-applicable,applicable-missing,applicable-missing,Read the core idea for Cartesian Product. Inspect the visual or symbolic model. Answer the quick check. Choose the next resource.
586,/lessons/discrete-and-applied-mathematics/586-subsets-and-power-sets,Subsets and Power Sets,core,Discrete and Applied Mathematics,"Combinatorics, Graph Theory and Logic",discrete-and-applied-mathematics.combinatorics-graph-theory-and-logic.subsets-and-power-sets,Discrete Math Lab,learn,graphing,graph-2d,discrete,lesson,lesson-preset,lesson-specific,needs-review,P2,available,applicable-missing,applicable-missing,applicable-missing,applicable-missing,not-applicable,applicable-missing,applicable-missing,Read the core idea for Subsets and Power Sets. Inspect the visual or symbolic model. Answer the quick check. Choose the next resource.
587,/lessons/discrete-and-applied-mathematics/587-truth-tables,Truth Tables,core,Discrete and Applied Mathematics,"Combinatorics, Graph Theory and Logic",discrete-and-applied-mathematics.combinatorics-graph-theory-and-logic.truth-tables,Discrete Math Lab,learn,graphing,graph-2d,discrete,lesson,lesson-preset,lesson-specific,needs-review,P2,available,applicable-missing,applicable-missing,applicable-missing,applicable-missing,not-applicable,applicable-missing,applicable-missing,Read the core idea for Truth Tables. Inspect the visual or symbolic model. Answer the quick check. Choose the next resource.
588,/lessons/discrete-and-applied-mathematics/588-logical-connectives,Logical Connectives,core,Discrete and Applied Mathematics,"Combinatorics, Graph Theory and Logic",discrete-and-applied-mathematics.combinatorics-graph-theory-and-logic.logical-connectives,Discrete Math Lab,learn,graphing,graph-2d,discrete,lesson,lesson-preset,lesson-specific,needs-review,P2,available,applicable-missing,applicable-missing,applicable-missing,applicable-missing,not-applicable,applicable-missing,applicable-missing,Read the core idea for Logical Connectives. Inspect the visual or symbolic model. Answer the quick check. Choose the next resource.
589,/lessons/discrete-and-applied-mathematics/589-quantifiers,Quantifiers,core,Discrete and Applied Mathematics,"Combinatorics, Graph Theory and Logic",discrete-and-applied-mathematics.combinatorics-graph-theory-and-logic.quantifiers,Discrete Math Lab,learn,graphing,graph-2d,discrete,lesson,lesson-preset,lesson-specific,needs-review,P2,available,applicable-missing,applicable-missing,applicable-missing,applicable-missing,not-applicable,applicable-missing,applicable-missing,Read the core idea for Quantifiers. Inspect the visual or symbolic model. Answer the quick check. Choose the next resource.
590,/lessons/discrete-and-applied-mathematics/590-proof-methods,Proof Methods,core,Discrete and Applied Mathematics,"Combinatorics, Graph Theory and Logic",discrete-and-applied-mathematics.combinatorics-graph-theory-and-logic.proof-methods,Discrete Math Lab,visual-proof,graphing|open-response,graph-2d,discrete,lesson,theorem-specific,lesson-specific,needs-review,P0,applicable-missing,applicable-missing,applicable-missing,applicable-missing,applicable-missing,available,applicable-missing,applicable-missing,State the theorem and identify given/fixed objects. Predict the invariant before manipulating the diagram. Manipulate the construction and record measurements. Bridge the visual invariant to the formal proof.
591,/lessons/discrete-and-applied-mathematics/591-simple-interest,Simple Interest,core,Discrete and Applied Mathematics,Financial Mathematics and Modelling,discrete-and-applied-mathematics.financial-mathematics-and-modelling.simple-interest,Applied Modelling Lab,explore,graphing|slider,graph-2d,finance,lesson,lesson-preset,lesson-specific,needs-review,P1,applicable-missing,available,applicable-missing,applicable-missing,applicable-missing,not-applicable,applicable-missing,applicable-missing,Predict what will change. Drag or adjust one control. Observe the exact output. Explain the relationship.
592,/lessons/discrete-and-applied-mathematics/592-compound-interest,Compound Interest,core,Discrete and Applied Mathematics,Financial Mathematics and Modelling,discrete-and-applied-mathematics.financial-mathematics-and-modelling.compound-interest,Applied Modelling Lab,explore,graphing|slider,graph-2d,finance,lesson,lesson-preset,lesson-specific,needs-review,P1,applicable-missing,available,applicable-missing,applicable-missing,applicable-missing,not-applicable,applicable-missing,applicable-missing,Predict what will change. Drag or adjust one control. Observe the exact output. Explain the relationship.
593,/lessons/discrete-and-applied-mathematics/593-effective-interest-rate,Effective Interest Rate,core,Discrete and Applied Mathematics,Financial Mathematics and Modelling,discrete-and-applied-mathematics.financial-mathematics-and-modelling.effective-interest-rate,Applied Modelling Lab,explore,graphing|slider,graph-2d,finance,lesson,lesson-preset,lesson-specific,needs-review,P1,applicable-missing,available,applicable-missing,applicable-missing,applicable-missing,not-applicable,applicable-missing,applicable-missing,Predict what will change. Drag or adjust one control. Observe the exact output. Explain the relationship.
594,/lessons/discrete-and-applied-mathematics/594-present-value,Present Value,core,Discrete and Applied Mathematics,Financial Mathematics and Modelling,discrete-and-applied-mathematics.financial-mathematics-and-modelling.present-value,Applied Modelling Lab,explore,graphing|slider,graph-2d,finance,lesson,lesson-preset,lesson-specific,needs-review,P1,applicable-missing,available,applicable-missing,applicable-missing,applicable-missing,not-applicable,applicable-missing,applicable-missing,Predict what will change. Drag or adjust one control. Observe the exact output. Explain the relationship.
595,/lessons/discrete-and-applied-mathematics/595-future-value,Future Value,core,Discrete and Applied Mathematics,Financial Mathematics and Modelling,discrete-and-applied-mathematics.financial-mathematics-and-modelling.future-value,Applied Modelling Lab,explore,graphing|slider,graph-2d,finance,lesson,lesson-preset,lesson-specific,needs-review,P1,applicable-missing,available,applicable-missing,applicable-missing,applicable-missing,not-applicable,applicable-missing,applicable-missing,Predict what will change. Drag or adjust one control. Observe the exact output. Explain the relationship.
596,/lessons/discrete-and-applied-mathematics/596-annuities,Annuities,core,Discrete and Applied Mathematics,Financial Mathematics and Modelling,discrete-and-applied-mathematics.financial-mathematics-and-modelling.annuities,Applied Modelling Lab,explore,graphing|slider,graph-2d,finance,lesson,lesson-preset,lesson-specific,needs-review,P1,applicable-missing,available,applicable-missing,applicable-missing,applicable-missing,not-applicable,applicable-missing,applicable-missing,Predict what will change. Drag or adjust one control. Observe the exact output. Explain the relationship.
597,/lessons/discrete-and-applied-mathematics/597-loans-and-emis,Loans and EMIs,core,Discrete and Applied Mathematics,Financial Mathematics and Modelling,discrete-and-applied-mathematics.financial-mathematics-and-modelling.loans-and-emis,Applied Modelling Lab,explore,graphing|slider,graph-2d,finance,lesson,lesson-preset,lesson-specific,needs-review,P1,applicable-missing,available,applicable-missing,applicable-missing,applicable-missing,not-applicable,applicable-missing,applicable-missing,Predict what will change. Drag or adjust one control. Observe the exact output. Explain the relationship.
598,/lessons/discrete-and-applied-mathematics/598-amortisation-table,Amortisation Table,core,Discrete and Applied Mathematics,Financial Mathematics and Modelling,discrete-and-applied-mathematics.financial-mathematics-and-modelling.amortisation-table,Applied Modelling Lab,explore,graphing|slider,graph-2d,finance,lesson,lesson-preset,lesson-specific,needs-review,P1,applicable-missing,available,applicable-missing,applicable-missing,applicable-missing,not-applicable,applicable-missing,applicable-missing,Predict what will change. Drag or adjust one control. Observe the exact output. Explain the relationship.
599,/lessons/discrete-and-applied-mathematics/599-depreciation,Depreciation,core,Discrete and Applied Mathematics,Financial Mathematics and Modelling,discrete-and-applied-mathematics.financial-mathematics-and-modelling.depreciation,Applied Modelling Lab,explore,graphing|slider,graph-2d,finance,lesson,lesson-preset,lesson-specific,needs-review,P1,applicable-missing,available,applicable-missing,applicable-missing,applicable-missing,not-applicable,applicable-missing,applicable-missing,Predict what will change. Drag or adjust one control. Observe the exact output. Explain the relationship.
600,/lessons/discrete-and-applied-mathematics/600-inflation,Inflation,core,Discrete and Applied Mathematics,Financial Mathematics and Modelling,discrete-and-applied-mathematics.financial-mathematics-and-modelling.inflation,Applied Modelling Lab,explore,graphing|slider,graph-2d,finance,lesson,lesson-preset,lesson-specific,needs-review,P1,applicable-missing,available,applicable-missing,applicable-missing,applicable-missing,not-applicable,applicable-missing,applicable-missing,Predict what will change. Drag or adjust one control. Observe the exact output. Explain the relationship.
601,/lessons/discrete-and-applied-mathematics/601-currency-conversion,Currency Conversion,core,Discrete and Applied Mathematics,Financial Mathematics and Modelling,discrete-and-applied-mathematics.financial-mathematics-and-modelling.currency-conversion,Applied Modelling Lab,explore,graphing|slider,graph-2d,finance,lesson,lesson-preset,lesson-specific,needs-review,P1,applicable-missing,available,applicable-missing,applicable-missing,applicable-missing,not-applicable,applicable-missing,applicable-missing,Predict what will change. Drag or adjust one control. Observe the exact output. Explain the relationship.
602,/lessons/discrete-and-applied-mathematics/602-profit-loss-markup-and-margin,"Profit, Loss, Markup and Margin",core,Discrete and Applied Mathematics,Financial Mathematics and Modelling,discrete-and-applied-mathematics.financial-mathematics-and-modelling.profit-loss-markup-and-margin,Applied Modelling Lab,explore,graphing|slider,graph-2d,finance,lesson,lesson-preset,lesson-specific,needs-review,P1,applicable-missing,available,applicable-missing,applicable-missing,applicable-missing,not-applicable,applicable-missing,applicable-missing,Predict what will change. Drag or adjust one control. Observe the exact output. Explain the relationship.
603,/lessons/discrete-and-applied-mathematics/603-break-even-analysis,Break-Even Analysis,core,Discrete and Applied Mathematics,Financial Mathematics and Modelling,discrete-and-applied-mathematics.financial-mathematics-and-modelling.break-even-analysis,Applied Modelling Lab,explore,graphing|slider,graph-2d,finance,lesson,lesson-preset,lesson-specific,needs-review,P1,applicable-missing,available,applicable-missing,applicable-missing,applicable-missing,not-applicable,applicable-missing,applicable-missing,Predict what will change. Drag or adjust one control. Observe the exact output. Explain the relationship.
604,/lessons/discrete-and-applied-mathematics/604-tax-and-discounts,Tax and Discounts,core,Discrete and Applied Mathematics,Financial Mathematics and Modelling,discrete-and-applied-mathematics.financial-mathematics-and-modelling.tax-and-discounts,Applied Modelling Lab,explore,graphing|slider,graph-2d,finance,lesson,lesson-preset,lesson-specific,needs-review,P1,applicable-missing,available,applicable-missing,applicable-missing,applicable-missing,not-applicable,applicable-missing,applicable-missing,Predict what will change. Drag or adjust one control. Observe the exact output. Explain the relationship.
605,/lessons/discrete-and-applied-mathematics/605-investment-comparison,Investment Comparison,core,Discrete and Applied Mathematics,Financial Mathematics and Modelling,discrete-and-applied-mathematics.financial-mathematics-and-modelling.investment-comparison,Applied Modelling Lab,explore,graphing|slider,graph-2d,finance,lesson,lesson-preset,lesson-specific,needs-review,P1,applicable-missing,available,applicable-missing,applicable-missing,applicable-missing,not-applicable,applicable-missing,applicable-missing,Predict what will change. Drag or adjust one control. Observe the exact output. Explain the relationship.
606,/lessons/discrete-and-applied-mathematics/606-model-builder,Model Builder,core,Discrete and Applied Mathematics,Financial Mathematics and Modelling,discrete-and-applied-mathematics.financial-mathematics-and-modelling.model-builder,Applied Modelling Lab,explore,graphing|slider,graph-2d,finance,lesson,lesson-preset,lesson-specific,needs-review,P1,applicable-missing,available,applicable-missing,applicable-missing,applicable-missing,not-applicable,applicable-missing,applicable-missing,Predict what will change. Drag or adjust one control. Observe the exact output. Explain the relationship.
607,/lessons/discrete-and-applied-mathematics/607-linear-models,Linear Models,core,Discrete and Applied Mathematics,Financial Mathematics and Modelling,discrete-and-applied-mathematics.financial-mathematics-and-modelling.linear-models,Applied Modelling Lab,explore,graphing|slider,graph-2d,finance,lesson,lesson-preset,lesson-specific,needs-review,P1,applicable-missing,available,applicable-missing,applicable-missing,applicable-missing,not-applicable,applicable-missing,applicable-missing,Predict what will change. Drag or adjust one control. Observe the exact output. Explain the relationship.
608,/lessons/discrete-and-applied-mathematics/608-quadratic-models,Quadratic Models,core,Discrete and Applied Mathematics,Financial Mathematics and Modelling,discrete-and-applied-mathematics.financial-mathematics-and-modelling.quadratic-models,Applied Modelling Lab,explore,graphing|slider,graph-2d,finance,lesson,lesson-preset,lesson-specific,needs-review,P1,applicable-missing,available,applicable-missing,applicable-missing,applicable-missing,not-applicable,applicable-missing,applicable-missing,Predict what will change. Drag or adjust one control. Observe the exact output. Explain the relationship.
609,/lessons/discrete-and-applied-mathematics/609-exponential-and-logistic-models,Exponential and Logistic Models,core,Discrete and Applied Mathematics,Financial Mathematics and Modelling,discrete-and-applied-mathematics.financial-mathematics-and-modelling.exponential-and-logistic-models,Applied Modelling Lab,explore,graphing|slider,graph-2d,finance,lesson,lesson-preset,lesson-specific,needs-review,P1,applicable-missing,available,applicable-missing,applicable-missing,applicable-missing,not-applicable,applicable-missing,applicable-missing,Predict what will change. Drag or adjust one control. Observe the exact output. Explain the relationship.
610,/lessons/discrete-and-applied-mathematics/610-periodic-models,Periodic Models,core,Discrete and Applied Mathematics,Financial Mathematics and Modelling,discrete-and-applied-mathematics.financial-mathematics-and-modelling.periodic-models,Applied Modelling Lab,explore,graphing|slider,graph-2d,finance,lesson,lesson-preset,lesson-specific,needs-review,P1,applicable-missing,available,applicable-missing,applicable-missing,applicable-missing,not-applicable,applicable-missing,applicable-missing,Predict what will change. Drag or adjust one control. Observe the exact output. Explain the relationship.
611,/lessons/discrete-and-applied-mathematics/611-piecewise-models,Piecewise Models,core,Discrete and Applied Mathematics,Financial Mathematics and Modelling,discrete-and-applied-mathematics.financial-mathematics-and-modelling.piecewise-models,Applied Modelling Lab,explore,graphing|slider,graph-2d,finance,lesson,lesson-preset,lesson-specific,needs-review,P1,applicable-missing,available,applicable-missing,applicable-missing,applicable-missing,not-applicable,applicable-missing,applicable-missing,Predict what will change. Drag or adjust one control. Observe the exact output. Explain the relationship.
612,/lessons/discrete-and-applied-mathematics/612-parameter-estimation,Parameter Estimation,core,Discrete and Applied Mathematics,Financial Mathematics and Modelling,discrete-and-applied-mathematics.financial-mathematics-and-modelling.parameter-estimation,Applied Modelling Lab,explore,graphing|slider,graph-2d,finance,lesson,lesson-preset,lesson-specific,needs-review,P1,applicable-missing,available,applicable-missing,applicable-missing,applicable-missing,not-applicable,applicable-missing,applicable-missing,Predict what will change. Drag or adjust one control. Observe the exact output. Explain the relationship.
613,/lessons/discrete-and-applied-mathematics/613-dimensional-analysis,Dimensional Analysis,core,Discrete and Applied Mathematics,Financial Mathematics and Modelling,discrete-and-applied-mathematics.financial-mathematics-and-modelling.dimensional-analysis,Applied Modelling Lab,explore,graphing|slider,graph-2d,finance,lesson,lesson-preset,lesson-specific,needs-review,P1,applicable-missing,available,applicable-missing,applicable-missing,applicable-missing,not-applicable,applicable-missing,applicable-missing,Predict what will change. Drag or adjust one control. Observe the exact output. Explain the relationship.
614,/lessons/discrete-and-applied-mathematics/614-sensitivity-analysis,Sensitivity Analysis,core,Discrete and Applied Mathematics,Financial Mathematics and Modelling,discrete-and-applied-mathematics.financial-mathematics-and-modelling.sensitivity-analysis,Applied Modelling Lab,explore,graphing|slider,graph-2d,finance,lesson,lesson-preset,lesson-specific,needs-review,P1,applicable-missing,available,applicable-missing,applicable-missing,applicable-missing,not-applicable,applicable-missing,applicable-missing,Predict what will change. Drag or adjust one control. Observe the exact output. Explain the relationship.
615,/lessons/discrete-and-applied-mathematics/615-residual-and-error-analysis,Residual and Error Analysis,core,Discrete and Applied Mathematics,Financial Mathematics and Modelling,discrete-and-applied-mathematics.financial-mathematics-and-modelling.residual-and-error-analysis,Applied Modelling Lab,explore,graphing|slider,graph-2d,finance,lesson,lesson-preset,lesson-specific,needs-review,P1,applicable-missing,available,applicable-missing,applicable-missing,applicable-missing,not-applicable,applicable-missing,applicable-missing,Predict what will change. Drag or adjust one control. Observe the exact output. Explain the relationship.
616,/lessons/discrete-and-applied-mathematics/616-scenario-comparison,Scenario Comparison,core,Discrete and Applied Mathematics,Financial Mathematics and Modelling,discrete-and-applied-mathematics.financial-mathematics-and-modelling.scenario-comparison,Applied Modelling Lab,explore,graphing|slider,graph-2d,finance,lesson,lesson-preset,lesson-specific,needs-review,P1,applicable-missing,available,applicable-missing,applicable-missing,applicable-missing,not-applicable,applicable-missing,applicable-missing,Predict what will change. Drag or adjust one control. Observe the exact output. Explain the relationship.
617,/lessons/discrete-and-applied-mathematics/617-linear-programming,Linear Programming,core,Discrete and Applied Mathematics,Financial Mathematics and Modelling,discrete-and-applied-mathematics.financial-mathematics-and-modelling.linear-programming,Applied Modelling Lab,explore,graphing|slider,graph-2d,finance,lesson,lesson-preset,lesson-specific,needs-review,P1,applicable-missing,available,applicable-missing,applicable-missing,applicable-missing,not-applicable,applicable-missing,applicable-missing,Predict what will change. Drag or adjust one control. Observe the exact output. Explain the relationship.
phase1-class-6-numbers-and-arithmetic-01-place-value-explorer,/lessons/school/class-6/class-6-numbers-and-arithmetic-place-value-explorer,Place Value Explorer,school,Numbers and Arithmetic,Numbers and Arithmetic,numbers-and-arithmetic.numbers-and-arithmetic.place-value-explorer,CONCEPT,investigation,numeric-answer,none,school-interactive-lab,family,lesson-preset,family-specific,needs-review,P1,applicable-missing,applicable-missing,applicable-missing,optional,available,not-applicable,applicable-missing,applicable-missing,Read the core idea for Place Value Explorer. Inspect the visual or symbolic model. Answer the quick check. Choose the next resource.
phase1-class-6-numbers-and-arithmetic-02-indian-and-international-number-naming-systems,/lessons/school/class-6/class-6-numbers-and-arithmetic-indian-and-international-number-naming-systems,Indian and International Number Naming Systems,school,Numbers and Arithmetic,Numbers and Arithmetic,numbers-and-arithmetic.numbers-and-arithmetic.indian-and-international-number-naming-systems,CONCEPT,learn,numeric-answer,none,school-interactive-lab,family,lesson-preset,family-specific,needs-review,P1,available,applicable-missing,applicable-missing,optional,not-applicable,not-applicable,applicable-missing,applicable-missing,Read the core idea for Indian and International Number Naming Systems. Inspect the visual or symbolic model. Answer the quick check. Choose the next resource.
phase1-class-6-numbers-and-arithmetic-03-estimation-and-rounding-lab,/lessons/school/class-6/class-6-numbers-and-arithmetic-estimation-and-rounding-lab,Estimation and Rounding Lab,school,Numbers and Arithmetic,Numbers and Arithmetic,numbers-and-arithmetic.numbers-and-arithmetic.estimation-and-rounding-lab,CONCEPT,learn,numeric-answer,none,school-interactive-lab,family,lesson-preset,family-specific,needs-review,P1,available,applicable-missing,applicable-missing,optional,not-applicable,not-applicable,applicable-missing,applicable-missing,Read the core idea for Estimation and Rounding Lab. Inspect the visual or symbolic model. Answer the quick check. Choose the next resource.
phase1-class-6-numbers-and-arithmetic-04-approximation-and-error-bounds,/lessons/school/class-6/class-6-numbers-and-arithmetic-approximation-and-error-bounds,Approximation and Error Bounds,school,Numbers and Arithmetic,Numbers and Arithmetic,numbers-and-arithmetic.numbers-and-arithmetic.approximation-and-error-bounds,CONCEPT,learn,numeric-answer,none,school-interactive-lab,family,lesson-preset,family-specific,needs-review,P1,available,applicable-missing,applicable-missing,optional,not-applicable,not-applicable,applicable-missing,applicable-missing,Read the core idea for Approximation and Error Bounds. Inspect the visual or symbolic model. Answer the quick check. Choose the next resource.
phase1-class-6-numbers-and-arithmetic-05-mixed-units-and-unit-conversion,/lessons/school/class-6/class-6-numbers-and-arithmetic-mixed-units-and-unit-conversion,Mixed Units and Unit Conversion,school,Numbers and Arithmetic,Numbers and Arithmetic,numbers-and-arithmetic.numbers-and-arithmetic.mixed-units-and-unit-conversion,CONCEPT,learn,numeric-answer,none,school-interactive-lab,family,lesson-preset,family-specific,needs-review,P1,available,applicable-missing,applicable-missing,optional,not-applicable,not-applicable,applicable-missing,applicable-missing,Read the core idea for Mixed Units and Unit Conversion. Inspect the visual or symbolic model. Answer the quick check. Choose the next resource.
phase1-class-6-data-handling-01-pictograph-builder,/lessons/school/class-6/class-6-data-handling-pictograph-builder,Pictograph Builder,school,Data Handling,Data Handling,data-handling.data-handling.pictograph-builder,CONCEPT,learn,graphing,graph-2d,school-interactive-lab,family,lesson-preset,family-specific,needs-review,P1,available,applicable-missing,applicable-missing,applicable-missing,applicable-missing,not-applicable,applicable-missing,applicable-missing,Read the core idea for Pictograph Builder. Inspect the visual or symbolic model. Answer the quick check. Choose the next resource.
phase1-class-6-data-handling-02-bar-graph-builder,/lessons/school/class-6/class-6-data-handling-bar-graph-builder,Bar Graph Builder,school,Data Handling,Data Handling,data-handling.data-handling.bar-graph-builder,CONCEPT,learn,graphing,graph-2d,school-interactive-lab,family,lesson-preset,family-specific,needs-review,P1,available,applicable-missing,applicable-missing,applicable-missing,applicable-missing,not-applicable,applicable-missing,applicable-missing,Read the core idea for Bar Graph Builder. Inspect the visual or symbolic model. Answer the quick check. Choose the next resource.
phase1-class-6-data-handling-03-survey-to-frequency-table,/lessons/school/class-6/class-6-data-handling-survey-to-frequency-table,Survey to Frequency Table,school,Data Handling,Data Handling,data-handling.data-handling.survey-to-frequency-table,CONCEPT,learn,data-experiment,cas-data,school-interactive-lab,family,lesson-preset,family-specific,needs-review,P1,available,applicable-missing,applicable-missing,applicable-missing,applicable-missing,not-applicable,applicable-missing,applicable-missing,Read the core idea for Survey to Frequency Table. Inspect the visual or symbolic model. Answer the quick check. Choose the next resource.
phase1-class-6-data-handling-04-misleading-graph-detection,/lessons/school/class-6/class-6-data-handling-misleading-graph-detection,Misleading Graph Detection,school,Data Handling,Data Handling,data-handling.data-handling.misleading-graph-detection,CONCEPT,learn,graphing,graph-2d,school-interactive-lab,family,lesson-preset,family-specific,needs-review,P1,available,applicable-missing,applicable-missing,applicable-missing,applicable-missing,not-applicable,applicable-missing,applicable-missing,Read the core idea for Misleading Graph Detection. Inspect the visual or symbolic model. Answer the quick check. Choose the next resource.
phase1-class-6-patterns-01-number-pattern-completion,/lessons/school/class-6/class-6-patterns-number-pattern-completion,Number Pattern Completion,school,Patterns,Patterns,patterns.patterns.number-pattern-completion,CONCEPT,learn,numeric-answer,none,school-interactive-lab,family,lesson-preset,family-specific,needs-review,P1,available,applicable-missing,applicable-missing,optional,not-applicable,not-applicable,applicable-missing,applicable-missing,Read the core idea for Number Pattern Completion. Inspect the visual or symbolic model. Answer the quick check. Choose the next resource.
phase1-class-6-patterns-02-shape-pattern-completion,/lessons/school/class-6/class-6-patterns-shape-pattern-completion,Shape Pattern Completion,school,Patterns,Patterns,patterns.patterns.shape-pattern-completion,CONCEPT,learn,open-response,none,school-interactive-lab,family,lesson-preset,family-specific,needs-review,P1,available,applicable-missing,applicable-missing,optional,not-applicable,not-applicable,applicable-missing,applicable-missing,Read the core idea for Shape Pattern Completion. Inspect the visual or symbolic model. Answer the quick check. Choose the next resource.
phase1-class-6-patterns-03-input-output-rule-machines,/lessons/school/class-6/class-6-patterns-input-output-rule-machines,Input-Output Rule Machines,school,Patterns,Patterns,patterns.patterns.input-output-rule-machines,CONCEPT,learn,open-response,none,school-interactive-lab,family,lesson-preset,family-specific,needs-review,P1,available,applicable-missing,applicable-missing,optional,not-applicable,not-applicable,applicable-missing,applicable-missing,Read the core idea for Input-Output Rule Machines. Inspect the visual or symbolic model. Answer the quick check. Choose the next resource.
phase1-class-7-numbers-and-arithmetic-01-divisibility-tests-for-2-4-5-6-8-10-and-11,/lessons/school/class-7/class-7-numbers-and-arithmetic-divisibility-tests-for-2-4-5-6-8-10-and-11,"Divisibility Tests for 2, 4, 5, 6, 8, 10 and 11",school,Numbers and Arithmetic,Numbers and Arithmetic,numbers-and-arithmetic.numbers-and-arithmetic.divisibility-tests-for-2-4-5-6-8-10-and-11,CONCEPT,assessment,numeric-answer,none,school-interactive-lab,family,lesson-preset,family-specific,needs-review,P1,applicable-missing,applicable-missing,applicable-missing,optional,not-applicable,not-applicable,available,applicable-missing,Complete mixed items. Submit once ready. Review skill-level feedback. Open remediation links.
phase1-class-7-numbers-and-arithmetic-02-digital-root-and-divisibility,/lessons/school/class-7/class-7-numbers-and-arithmetic-digital-root-and-divisibility,Digital Root and Divisibility,school,Numbers and Arithmetic,Numbers and Arithmetic,numbers-and-arithmetic.numbers-and-arithmetic.digital-root-and-divisibility,CONCEPT,learn,numeric-answer,none,school-interactive-lab,family,lesson-preset,family-specific,needs-review,P1,available,applicable-missing,applicable-missing,optional,not-applicable,not-applicable,applicable-missing,applicable-missing,Read the core idea for Digital Root and Divisibility. Inspect the visual or symbolic model. Answer the quick check. Choose the next resource.
phase1-class-7-numbers-and-arithmetic-03-remainder-reasoning,/lessons/school/class-7/class-7-numbers-and-arithmetic-remainder-reasoning,Remainder Reasoning,school,Numbers and Arithmetic,Numbers and Arithmetic,numbers-and-arithmetic.numbers-and-arithmetic.remainder-reasoning,CONCEPT,learn,numeric-answer,none,school-interactive-lab,family,lesson-preset,family-specific,needs-review,P1,available,applicable-missing,applicable-missing,optional,not-applicable,not-applicable,applicable-missing,applicable-missing,Read the core idea for Remainder Reasoning. Inspect the visual or symbolic model. Answer the quick check. Choose the next resource.
phase1-class-7-numbers-and-arithmetic-04-unit-rate-table-lab,/lessons/school/class-7/class-7-numbers-and-arithmetic-unit-rate-table-lab,Unit Rate Table Lab,school,Numbers and Arithmetic,Numbers and Arithmetic,numbers-and-arithmetic.numbers-and-arithmetic.unit-rate-table-lab,CONCEPT,learn,slider,none,school-interactive-lab,family,lesson-preset,family-specific,needs-review,P1,available,applicable-missing,applicable-missing,optional,not-applicable,not-applicable,applicable-missing,applicable-missing,Predict what will change. Drag or adjust one control. Observe the exact output. Explain the relationship.
phase1-class-7-numbers-and-arithmetic-05-ratio-tables,/lessons/school/class-7/class-7-numbers-and-arithmetic-ratio-tables,Ratio Tables,school,Numbers and Arithmetic,Numbers and Arithmetic,numbers-and-arithmetic.numbers-and-arithmetic.ratio-tables,CONCEPT,learn,numeric-answer,none,school-interactive-lab,family,lesson-preset,family-specific,needs-review,P1,available,applicable-missing,applicable-missing,optional,not-applicable,not-applicable,applicable-missing,applicable-missing,Read the core idea for Ratio Tables. Inspect the visual or symbolic model. Answer the quick check. Choose the next resource.
phase1-class-7-applied-arithmetic-01-bills-discounts-and-tax,/lessons/school/class-7/class-7-applied-arithmetic-bills-discounts-and-tax,"Bills, Discounts and Tax",school,Applied Arithmetic,Applied Arithmetic,applied-arithmetic.applied-arithmetic.bills-discounts-and-tax,CONCEPT,learn,numeric-answer,none,school-interactive-lab,family,lesson-preset,family-specific,needs-review,P1,available,applicable-missing,applicable-missing,optional,not-applicable,not-applicable,applicable-missing,applicable-missing,"Read the core idea for Bills, Discounts and Tax. Inspect the visual or symbolic model. Answer the quick check. Choose the next resource."
phase1-class-7-applied-arithmetic-02-profit-loss-and-marked-price,/lessons/school/class-7/class-7-applied-arithmetic-profit-loss-and-marked-price,"Profit, Loss and Marked Price",school,Applied Arithmetic,Applied Arithmetic,applied-arithmetic.applied-arithmetic.profit-loss-and-marked-price,CONCEPT,learn,numeric-answer,none,school-interactive-lab,family,lesson-preset,family-specific,needs-review,P1,available,applicable-missing,applicable-missing,optional,not-applicable,not-applicable,applicable-missing,applicable-missing,"Read the core idea for Profit, Loss and Marked Price. Inspect the visual or symbolic model. Answer the quick check. Choose the next resource."
phase1-class-7-applied-arithmetic-03-household-budget-arithmetic,/lessons/school/class-7/class-7-applied-arithmetic-household-budget-arithmetic,Household Budget Arithmetic,school,Applied Arithmetic,Applied Arithmetic,applied-arithmetic.applied-arithmetic.household-budget-arithmetic,CONCEPT,learn,numeric-answer,none,school-interactive-lab,family,lesson-preset,family-specific,needs-review,P1,available,applicable-missing,applicable-missing,optional,not-applicable,not-applicable,applicable-missing,applicable-missing,Read the core idea for Household Budget Arithmetic. Inspect the visual or symbolic model. Answer the quick check. Choose the next resource.
phase1-class-7-applied-arithmetic-04-scale-factor-in-maps-and-recipes,/lessons/school/class-7/class-7-applied-arithmetic-scale-factor-in-maps-and-recipes,Scale Factor in Maps and Recipes,school,Applied Arithmetic,Applied Arithmetic,applied-arithmetic.applied-arithmetic.scale-factor-in-maps-and-recipes,CONCEPT,learn,cas|slider,cas-data,school-interactive-lab,family,lesson-preset,family-specific,needs-review,P1,available,applicable-missing,applicable-missing,applicable-missing,applicable-missing,not-applicable,applicable-missing,applicable-missing,Predict what will change. Drag or adjust one control. Observe the exact output. Explain the relationship.
phase1-class-7-practical-geometry-01-copying-a-line-segment,/lessons/school/class-7/class-7-practical-geometry-copying-a-line-segment,Copying a Line Segment,school,Practical Geometry,Practical Geometry,practical-geometry.practical-geometry.copying-a-line-segment,VISUAL_EXPLORATION,explore,construction,geometry-2d,school-interactive-lab,family,lesson-preset,family-specific,needs-review,P1,applicable-missing,available,applicable-missing,applicable-missing,applicable-missing,not-applicable,applicable-missing,applicable-missing,Read the core idea for Copying a Line Segment. Inspect the visual or symbolic model. Answer the quick check. Choose the next resource.
phase1-class-7-practical-geometry-02-copying-an-angle,/lessons/school/class-7/class-7-practical-geometry-copying-an-angle,Copying an Angle,school,Practical Geometry,Practical Geometry,practical-geometry.practical-geometry.copying-an-angle,VISUAL_EXPLORATION,explore,construction,geometry-2d,school-interactive-lab,family,lesson-preset,family-specific,needs-review,P1,applicable-missing,available,applicable-missing,applicable-missing,applicable-missing,not-applicable,applicable-missing,applicable-missing,Read the core idea for Copying an Angle. Inspect the visual or symbolic model. Answer the quick check. Choose the next resource.
phase1-class-7-practical-geometry-03-perpendicular-bisector-construction,/lessons/school/class-7/class-7-practical-geometry-perpendicular-bisector-construction,Perpendicular Bisector Construction,school,Practical Geometry,Practical Geometry,practical-geometry.practical-geometry.perpendicular-bisector-construction,VISUAL_EXPLORATION,explore,construction|drag-and-observe,geometry-2d,school-interactive-lab,family,lesson-preset,family-specific,needs-review,P1,applicable-missing,available,applicable-missing,applicable-missing,applicable-missing,not-applicable,applicable-missing,applicable-missing,Predict what will change. Drag or adjust one control. Observe the exact output. Explain the relationship.
phase1-class-7-practical-geometry-04-angle-bisector-construction,/lessons/school/class-7/class-7-practical-geometry-angle-bisector-construction,Angle Bisector Construction,school,Practical Geometry,Practical Geometry,practical-geometry.practical-geometry.angle-bisector-construction,VISUAL_EXPLORATION,explore,construction|drag-and-observe,geometry-2d,school-interactive-lab,family,lesson-preset,family-specific,needs-review,P1,applicable-missing,available,applicable-missing,applicable-missing,applicable-missing,not-applicable,applicable-missing,applicable-missing,Predict what will change. Drag or adjust one control. Observe the exact output. Explain the relationship.
phase1-class-7-practical-geometry-05-perpendicular-through-a-point,/lessons/school/class-7/class-7-practical-geometry-perpendicular-through-a-point,Perpendicular Through a Point,school,Practical Geometry,Practical Geometry,practical-geometry.practical-geometry.perpendicular-through-a-point,CONCEPT,learn,construction|drag-and-observe,geometry-2d,school-interactive-lab,family,lesson-preset,family-specific,needs-review,P1,available,applicable-missing,applicable-missing,applicable-missing,applicable-missing,not-applicable,applicable-missing,applicable-missing,Predict what will change. Drag or adjust one control. Observe the exact output. Explain the relationship.
phase1-class-7-practical-geometry-06-parallel-line-construction,/lessons/school/class-7/class-7-practical-geometry-parallel-line-construction,Parallel Line Construction,school,Practical Geometry,Practical Geometry,practical-geometry.practical-geometry.parallel-line-construction,VISUAL_EXPLORATION,explore,construction|drag-and-observe,geometry-2d,school-interactive-lab,family,lesson-preset,family-specific,needs-review,P1,applicable-missing,available,applicable-missing,applicable-missing,applicable-missing,not-applicable,applicable-missing,applicable-missing,Predict what will change. Drag or adjust one control. Observe the exact output. Explain the relationship.
phase1-class-8-practical-geometry-01-triangle-construction-by-sss,/lessons/school/class-8/class-8-practical-geometry-triangle-construction-by-sss,Triangle Construction by SSS,school,Practical Geometry,Practical Geometry,practical-geometry.practical-geometry.triangle-construction-by-sss,VISUAL_EXPLORATION,explore,construction|drag-and-observe,geometry-2d,school-interactive-lab,family,lesson-preset,family-specific,needs-review,P1,applicable-missing,available,applicable-missing,applicable-missing,applicable-missing,not-applicable,applicable-missing,applicable-missing,Predict what will change. Drag or adjust one control. Observe the exact output. Explain the relationship.
phase1-class-8-practical-geometry-02-triangle-construction-by-sas,/lessons/school/class-8/class-8-practical-geometry-triangle-construction-by-sas,Triangle Construction by SAS,school,Practical Geometry,Practical Geometry,practical-geometry.practical-geometry.triangle-construction-by-sas,VISUAL_EXPLORATION,explore,construction|drag-and-observe,geometry-2d,school-interactive-lab,family,lesson-preset,family-specific,needs-review,P1,applicable-missing,available,applicable-missing,applicable-missing,applicable-missing,not-applicable,applicable-missing,applicable-missing,Predict what will change. Drag or adjust one control. Observe the exact output. Explain the relationship.
phase1-class-8-practical-geometry-03-triangle-construction-by-asa,/lessons/school/class-8/class-8-practical-geometry-triangle-construction-by-asa,Triangle Construction by ASA,school,Practical Geometry,Practical Geometry,practical-geometry.practical-geometry.triangle-construction-by-asa,VISUAL_EXPLORATION,explore,construction|drag-and-observe,geometry-2d,school-interactive-lab,family,lesson-preset,family-specific,needs-review,P1,applicable-missing,available,applicable-missing,applicable-missing,applicable-missing,not-applicable,applicable-missing,applicable-missing,Predict what will change. Drag or adjust one control. Observe the exact output. Explain the relationship.
phase1-class-8-practical-geometry-04-right-triangle-construction-by-rhs,/lessons/school/class-8/class-8-practical-geometry-right-triangle-construction-by-rhs,Right Triangle Construction by RHS,school,Practical Geometry,Practical Geometry,practical-geometry.practical-geometry.right-triangle-construction-by-rhs,VISUAL_EXPLORATION,explore,construction|drag-and-observe,geometry-2d,school-interactive-lab,family,lesson-preset,family-specific,needs-review,P1,applicable-missing,available,applicable-missing,applicable-missing,applicable-missing,not-applicable,applicable-missing,applicable-missing,Predict what will change. Drag or adjust one control. Observe the exact output. Explain the relationship.
phase1-class-8-data-handling-01-double-bar-graph-comparison,/lessons/school/class-8/class-8-data-handling-double-bar-graph-comparison,Double Bar Graph Comparison,school,Data Handling,Data Handling,data-handling.data-handling.double-bar-graph-comparison,CONCEPT,learn,graphing,graph-2d,school-interactive-lab,family,lesson-preset,family-specific,needs-review,P1,available,applicable-missing,applicable-missing,applicable-missing,applicable-missing,not-applicable,applicable-missing,applicable-missing,Read the core idea for Double Bar Graph Comparison. Inspect the visual or symbolic model. Answer the quick check. Choose the next resource.
phase1-class-8-data-handling-02-mean-median-and-mode-practice-path,/lessons/school/class-8/class-8-data-handling-mean-median-and-mode-practice-path,Mean Median and Mode Practice Path,school,Data Handling,Data Handling,data-handling.data-handling.mean-median-and-mode-practice-path,PRACTICE,practice,data-experiment|numeric-answer,cas-data,school-interactive-lab,family,lesson-preset,family-specific,needs-review,P1,applicable-missing,applicable-missing,available,applicable-missing,applicable-missing,not-applicable,applicable-missing,applicable-missing,Review the method. Answer a deterministic question. Check with visual or symbolic verification. Try another value.
phase1-class-8-data-handling-03-range-and-spread-explorer,/lessons/school/class-8/class-8-data-handling-range-and-spread-explorer,Range and Spread Explorer,school,Data Handling,Data Handling,data-handling.data-handling.range-and-spread-explorer,CONCEPT,investigation,data-experiment,cas-data,school-interactive-lab,family,lesson-preset,family-specific,needs-review,P1,applicable-missing,applicable-missing,applicable-missing,applicable-missing,available,not-applicable,applicable-missing,applicable-missing,Read the core idea for Range and Spread Explorer. Inspect the visual or symbolic model. Answer the quick check. Choose the next resource.
phase1-class-8-information-processing-01-flowchart-logic,/lessons/school/class-8/class-8-information-processing-flowchart-logic,Flowchart Logic,school,Information Processing,Information Processing,information-processing.information-processing.flowchart-logic,CONCEPT,learn,open-response,none,school-interactive-lab,family,lesson-preset,family-specific,needs-review,P1,available,applicable-missing,applicable-missing,optional,not-applicable,not-applicable,applicable-missing,applicable-missing,Read the core idea for Flowchart Logic. Inspect the visual or symbolic model. Answer the quick check. Choose the next resource.
phase1-class-8-information-processing-02-pattern-encoding,/lessons/school/class-8/class-8-information-processing-pattern-encoding,Pattern Encoding,school,Information Processing,Information Processing,information-processing.information-processing.pattern-encoding,CONCEPT,learn,open-response,none,school-interactive-lab,family,lesson-preset,family-specific,needs-review,P1,available,applicable-missing,applicable-missing,optional,not-applicable,not-applicable,applicable-missing,applicable-missing,Read the core idea for Pattern Encoding. Inspect the visual or symbolic model. Answer the quick check. Choose the next resource.
phase1-class-8-information-processing-03-magic-squares,/lessons/school/class-8/class-8-information-processing-magic-squares,Magic Squares,school,Information Processing,Information Processing,information-processing.information-processing.magic-squares,CONCEPT,learn,open-response,none,school-interactive-lab,family,lesson-preset,family-specific,needs-review,P1,available,applicable-missing,applicable-missing,optional,not-applicable,not-applicable,applicable-missing,applicable-missing,Read the core idea for Magic Squares. Inspect the visual or symbolic model. Answer the quick check. Choose the next resource.
phase1-class-8-information-processing-04-route-map-reasoning,/lessons/school/class-8/class-8-information-processing-route-map-reasoning,Route Map Reasoning,school,Information Processing,Information Processing,information-processing.information-processing.route-map-reasoning,CONCEPT,learn,open-response,none,school-interactive-lab,family,lesson-preset,family-specific,needs-review,P1,available,applicable-missing,applicable-missing,optional,not-applicable,not-applicable,applicable-missing,applicable-missing,Read the core idea for Route Map Reasoning. Inspect the visual or symbolic model. Answer the quick check. Choose the next resource.
phase1-class-8-information-processing-05-tabular-pattern-completion,/lessons/school/class-8/class-8-information-processing-tabular-pattern-completion,Tabular Pattern Completion,school,Information Processing,Information Processing,information-processing.information-processing.tabular-pattern-completion,CONCEPT,learn,open-response,none,school-interactive-lab,family,lesson-preset,family-specific,needs-review,P1,available,applicable-missing,applicable-missing,optional,not-applicable,not-applicable,applicable-missing,applicable-missing,Read the core idea for Tabular Pattern Completion. Inspect the visual or symbolic model. Answer the quick check. Choose the next resource.
phase1-class-9-real-numbers-01-decimal-expansion-of-rational-numbers,/lessons/school/class-9/class-9-real-numbers-decimal-expansion-of-rational-numbers,Decimal Expansion of Rational Numbers,school,Real Numbers,Real Numbers,real-numbers.real-numbers.decimal-expansion-of-rational-numbers,CONCEPT,learn,numeric-answer,none,school-interactive-lab,family,lesson-preset,family-specific,needs-review,P1,available,applicable-missing,applicable-missing,optional,not-applicable,not-applicable,applicable-missing,applicable-missing,Read the core idea for Decimal Expansion of Rational Numbers. Inspect the visual or symbolic model. Answer the quick check. Choose the next resource.
phase1-class-9-real-numbers-02-terminating-and-non-terminating-decimals,/lessons/school/class-9/class-9-real-numbers-terminating-and-non-terminating-decimals,Terminating and Non-Terminating Decimals,school,Real Numbers,Real Numbers,real-numbers.real-numbers.terminating-and-non-terminating-decimals,CONCEPT,learn,numeric-answer,none,school-interactive-lab,family,lesson-preset,family-specific,needs-review,P1,available,applicable-missing,applicable-missing,optional,not-applicable,not-applicable,applicable-missing,applicable-missing,Read the core idea for Terminating and Non-Terminating Decimals. Inspect the visual or symbolic model. Answer the quick check. Choose the next resource.
phase1-class-9-real-numbers-03-rational-and-irrational-classification,/lessons/school/class-9/class-9-real-numbers-rational-and-irrational-classification,Rational and Irrational Classification,school,Real Numbers,Real Numbers,real-numbers.real-numbers.rational-and-irrational-classification,CONCEPT,learn,numeric-answer,none,school-interactive-lab,family,lesson-preset,family-specific,needs-review,P1,available,applicable-missing,applicable-missing,optional,not-applicable,not-applicable,applicable-missing,applicable-missing,Read the core idea for Rational and Irrational Classification. Inspect the visual or symbolic model. Answer the quick check. Choose the next resource.
phase1-class-9-real-numbers-04-successive-magnification-on-the-number-line,/lessons/school/class-9/class-9-real-numbers-successive-magnification-on-the-number-line,Successive Magnification on the Number Line,school,Real Numbers,Real Numbers,real-numbers.real-numbers.successive-magnification-on-the-number-line,CONCEPT,learn,numeric-answer,none,school-interactive-lab,family,lesson-preset,family-specific,needs-review,P1,available,applicable-missing,applicable-missing,optional,not-applicable,not-applicable,applicable-missing,applicable-missing,Read the core idea for Successive Magnification on the Number Line. Inspect the visual or symbolic model. Answer the quick check. Choose the next resource.
phase1-class-9-real-numbers-05-rationalisation-of-denominators,/lessons/school/class-9/class-9-real-numbers-rationalisation-of-denominators,Rationalisation of Denominators,school,Real Numbers,Real Numbers,real-numbers.real-numbers.rationalisation-of-denominators,CONCEPT,learn,numeric-answer,none,school-interactive-lab,family,lesson-preset,family-specific,needs-review,P1,available,applicable-missing,applicable-missing,optional,not-applicable,not-applicable,applicable-missing,applicable-missing,Read the core idea for Rationalisation of Denominators. Inspect the visual or symbolic model. Answer the quick check. Choose the next resource.
phase1-class-9-real-numbers-06-nth-roots-and-radical-meaning,/lessons/school/class-9/class-9-real-numbers-nth-roots-and-radical-meaning,nth Roots and Radical Meaning,school,Real Numbers,Real Numbers,real-numbers.real-numbers.nth-roots-and-radical-meaning,CONCEPT,learn,numeric-answer,none,school-interactive-lab,family,lesson-preset,family-specific,needs-review,P1,available,applicable-missing,applicable-missing,optional,not-applicable,not-applicable,applicable-missing,applicable-missing,Read the core idea for nth Roots and Radical Meaning. Inspect the visual or symbolic model. Answer the quick check. Choose the next resource.
phase1-class-9-polynomials-01-graphical-zeros-of-polynomials,/lessons/school/class-9/class-9-polynomials-graphical-zeros-of-polynomials,Graphical Zeros of Polynomials,school,Polynomials,Polynomials,polynomials.polynomials.graphical-zeros-of-polynomials,CONCEPT,learn,cas,cas-data,school-interactive-lab,family,lesson-preset,family-specific,needs-review,P1,available,applicable-missing,applicable-missing,applicable-missing,applicable-missing,not-applicable,applicable-missing,applicable-missing,Read the core idea for Graphical Zeros of Polynomials. Inspect the visual or symbolic model. Answer the quick check. Choose the next resource.
phase1-class-9-polynomials-02-polynomial-division,/lessons/school/class-9/class-9-polynomials-polynomial-division,Polynomial Division,school,Polynomials,Polynomials,polynomials.polynomials.polynomial-division,CONCEPT,learn,cas,cas-data,school-interactive-lab,family,lesson-preset,family-specific,needs-review,P1,available,applicable-missing,applicable-missing,applicable-missing,applicable-missing,not-applicable,applicable-missing,applicable-missing,Read the core idea for Polynomial Division. Inspect the visual or symbolic model. Answer the quick check. Choose the next resource.
phase1-class-9-polynomials-03-remainder-theorem,/lessons/school/class-9/class-9-polynomials-remainder-theorem,Remainder Theorem,school,Polynomials,Polynomials,polynomials.polynomials.remainder-theorem,PROOF,visual-proof,cas|open-response,cas-data,school-interactive-lab,family,theorem-specific,family-specific,needs-review,P0,applicable-missing,applicable-missing,applicable-missing,applicable-missing,applicable-missing,available,applicable-missing,applicable-missing,Priority theorem-specific visual proof remediation required.
phase1-class-9-polynomials-04-factor-theorem,/lessons/school/class-9/class-9-polynomials-factor-theorem,Factor Theorem,school,Polynomials,Polynomials,polynomials.polynomials.factor-theorem,PROOF,visual-proof,cas|open-response,cas-data,school-interactive-lab,family,theorem-specific,family-specific,needs-review,P0,applicable-missing,applicable-missing,applicable-missing,applicable-missing,applicable-missing,available,applicable-missing,applicable-missing,Priority theorem-specific visual proof remediation required.
phase1-class-9-polynomials-05-relationship-between-zeros-and-coefficients,/lessons/school/class-9/class-9-polynomials-relationship-between-zeros-and-coefficients,Relationship Between Zeros and Coefficients,school,Polynomials,Polynomials,polynomials.polynomials.relationship-between-zeros-and-coefficients,CONCEPT,explore,cas,cas-data,school-interactive-lab,family,lesson-preset,family-specific,needs-review,P1,applicable-missing,available,applicable-missing,applicable-missing,applicable-missing,not-applicable,applicable-missing,applicable-missing,Read the core idea for Relationship Between Zeros and Coefficients. Inspect the visual or symbolic model. Answer the quick check. Choose the next resource.
phase1-class-9-polynomials-06-cubic-algebraic-identities,/lessons/school/class-9/class-9-polynomials-cubic-algebraic-identities,Cubic Algebraic Identities,school,Polynomials,Polynomials,polynomials.polynomials.cubic-algebraic-identities,CONCEPT,learn,cas,cas-data,school-interactive-lab,family,lesson-preset,family-specific,needs-review,P1,available,applicable-missing,applicable-missing,applicable-missing,applicable-missing,not-applicable,applicable-missing,applicable-missing,Read the core idea for Cubic Algebraic Identities. Inspect the visual or symbolic model. Answer the quick check. Choose the next resource.
phase1-class-9-polynomials-07-polynomial-factorisation-practice,/lessons/school/class-9/class-9-polynomials-polynomial-factorisation-practice,Polynomial Factorisation Practice,school,Polynomials,Polynomials,polynomials.polynomials.polynomial-factorisation-practice,PRACTICE,practice,cas|numeric-answer,cas-data,school-interactive-lab,family,lesson-preset,family-specific,needs-review,P1,applicable-missing,applicable-missing,available,applicable-missing,applicable-missing,not-applicable,applicable-missing,applicable-missing,Review the method. Answer a deterministic question. Check with visual or symbolic verification. Try another value.
phase1-class-9-euclidean-geometry-01-definitions-axioms-and-postulates,/lessons/school/class-9/class-9-euclidean-geometry-definitions-axioms-and-postulates,Definitions Axioms and Postulates,school,Euclidean Geometry,Euclidean Geometry,euclidean-geometry.euclidean-geometry.definitions-axioms-and-postulates,PROOF,visual-proof,construction|open-response,geometry-2d,school-interactive-lab,family,theorem-specific,family-specific,needs-review,P0,applicable-missing,applicable-missing,applicable-missing,applicable-missing,applicable-missing,available,applicable-missing,applicable-missing,Priority theorem-specific visual proof remediation required.
phase1-class-9-euclidean-geometry-02-euclid-s-five-postulates,/lessons/school/class-9/class-9-euclidean-geometry-euclid-s-five-postulates,Euclid's Five Postulates,school,Euclidean Geometry,Euclidean Geometry,euclidean-geometry.euclidean-geometry.euclid-s-five-postulates,PROOF,visual-proof,construction|open-response,geometry-2d,school-interactive-lab,family,theorem-specific,family-specific,needs-review,P0,applicable-missing,applicable-missing,applicable-missing,applicable-missing,applicable-missing,available,applicable-missing,applicable-missing,Priority theorem-specific visual proof remediation required.
phase1-class-9-euclidean-geometry-03-equivalent-forms-of-the-fifth-postulate,/lessons/school/class-9/class-9-euclidean-geometry-equivalent-forms-of-the-fifth-postulate,Equivalent Forms of the Fifth Postulate,school,Euclidean Geometry,Euclidean Geometry,euclidean-geometry.euclidean-geometry.equivalent-forms-of-the-fifth-postulate,PROOF,visual-proof,construction|open-response,geometry-2d,school-interactive-lab,family,theorem-specific,family-specific,needs-review,P0,applicable-missing,applicable-missing,applicable-missing,applicable-missing,applicable-missing,available,applicable-missing,applicable-missing,Priority theorem-specific visual proof remediation required.
phase1-class-9-euclidean-geometry-04-axiom-versus-theorem,/lessons/school/class-9/class-9-euclidean-geometry-axiom-versus-theorem,Axiom versus Theorem,school,Euclidean Geometry,Euclidean Geometry,euclidean-geometry.euclidean-geometry.axiom-versus-theorem,PROOF,visual-proof,construction|open-response,geometry-2d,school-interactive-lab,family,theorem-specific,family-specific,needs-review,P0,applicable-missing,applicable-missing,applicable-missing,applicable-missing,applicable-missing,available,applicable-missing,applicable-missing,Priority theorem-specific visual proof remediation required.
phase1-class-9-euclidean-geometry-05-proof-structure-and-logical-statements,/lessons/school/class-9/class-9-euclidean-geometry-proof-structure-and-logical-statements,Proof Structure and Logical Statements,school,Euclidean Geometry,Euclidean Geometry,euclidean-geometry.euclidean-geometry.proof-structure-and-logical-statements,PROOF,visual-proof,construction|open-response,geometry-2d,school-interactive-lab,family,theorem-specific,family-specific,needs-review,P0,applicable-missing,applicable-missing,applicable-missing,applicable-missing,applicable-missing,available,applicable-missing,applicable-missing,Priority theorem-specific visual proof remediation required.
phase1-class-9-euclidean-geometry-06-vertically-opposite-angles,/lessons/school/class-9/class-9-euclidean-geometry-vertically-opposite-angles,Vertically Opposite Angles,school,Euclidean Geometry,Euclidean Geometry,euclidean-geometry.euclidean-geometry.vertically-opposite-angles,PROOF,visual-proof,construction|open-response,geometry-2d,school-interactive-lab,family,theorem-specific,family-specific,needs-review,P0,applicable-missing,applicable-missing,applicable-missing,applicable-missing,applicable-missing,available,applicable-missing,applicable-missing,Priority theorem-specific visual proof remediation required.
phase1-class-9-euclidean-geometry-07-linear-pair-axiom-and-converse,/lessons/school/class-9/class-9-euclidean-geometry-linear-pair-axiom-and-converse,Linear Pair Axiom and Converse,school,Euclidean Geometry,Euclidean Geometry,euclidean-geometry.euclidean-geometry.linear-pair-axiom-and-converse,PROOF,visual-proof,construction|open-response,geometry-2d,school-interactive-lab,family,theorem-specific,family-specific,needs-review,P0,applicable-missing,applicable-missing,applicable-missing,applicable-missing,applicable-missing,available,applicable-missing,applicable-missing,Priority theorem-specific visual proof remediation required.
phase1-class-9-euclidean-geometry-08-corresponding-angles,/lessons/school/class-9/class-9-euclidean-geometry-corresponding-angles,Corresponding Angles,school,Euclidean Geometry,Euclidean Geometry,euclidean-geometry.euclidean-geometry.corresponding-angles,PROOF,visual-proof,construction|open-response,geometry-2d,school-interactive-lab,family,theorem-specific,family-specific,needs-review,P0,applicable-missing,applicable-missing,applicable-missing,applicable-missing,applicable-missing,available,applicable-missing,applicable-missing,Priority theorem-specific visual proof remediation required.
phase1-class-9-euclidean-geometry-09-alternate-interior-angles,/lessons/school/class-9/class-9-euclidean-geometry-alternate-interior-angles,Alternate Interior Angles,school,Euclidean Geometry,Euclidean Geometry,euclidean-geometry.euclidean-geometry.alternate-interior-angles,PROOF,visual-proof,construction|open-response,geometry-2d,school-interactive-lab,family,theorem-specific,family-specific,needs-review,P0,applicable-missing,applicable-missing,applicable-missing,applicable-missing,applicable-missing,available,applicable-missing,applicable-missing,Priority theorem-specific visual proof remediation required.
phase1-class-9-euclidean-geometry-10-interior-angles-on-the-same-side,/lessons/school/class-9/class-9-euclidean-geometry-interior-angles-on-the-same-side,Interior Angles on the Same Side,school,Euclidean Geometry,Euclidean Geometry,euclidean-geometry.euclidean-geometry.interior-angles-on-the-same-side,PROOF,visual-proof,construction|open-response,geometry-2d,school-interactive-lab,family,theorem-specific,family-specific,needs-review,P0,applicable-missing,applicable-missing,applicable-missing,applicable-missing,applicable-missing,available,applicable-missing,applicable-missing,Priority theorem-specific visual proof remediation required.
phase1-class-9-euclidean-geometry-11-parallel-line-converse-theorems,/lessons/school/class-9/class-9-euclidean-geometry-parallel-line-converse-theorems,Parallel Line Converse Theorems,school,Euclidean Geometry,Euclidean Geometry,euclidean-geometry.euclidean-geometry.parallel-line-converse-theorems,PROOF,visual-proof,construction|open-response,geometry-2d,school-interactive-lab,family,theorem-specific,family-specific,needs-review,P0,applicable-missing,applicable-missing,applicable-missing,applicable-missing,applicable-missing,available,applicable-missing,applicable-missing,Priority theorem-specific visual proof remediation required.
phase1-class-9-euclidean-geometry-12-triangle-angle-sum-theorem,/lessons/school/class-9/class-9-euclidean-geometry-triangle-angle-sum-theorem,Triangle Angle Sum Theorem,school,Euclidean Geometry,Euclidean Geometry,euclidean-geometry.euclidean-geometry.triangle-angle-sum-theorem,PROOF,visual-proof,construction|open-response,geometry-2d,school-interactive-lab,family,theorem-specific,family-specific,needs-review,P0,applicable-missing,applicable-missing,applicable-missing,applicable-missing,applicable-missing,available,applicable-missing,applicable-missing,Priority theorem-specific visual proof remediation required.
phase1-class-9-euclidean-geometry-13-exterior-angle-theorem,/lessons/school/class-9/class-9-euclidean-geometry-exterior-angle-theorem,Exterior Angle Theorem,school,Euclidean Geometry,Euclidean Geometry,euclidean-geometry.euclidean-geometry.exterior-angle-theorem,PROOF,visual-proof,construction|open-response,geometry-2d,school-interactive-lab,family,theorem-specific,family-specific,needs-review,P0,applicable-missing,applicable-missing,applicable-missing,applicable-missing,applicable-missing,available,applicable-missing,applicable-missing,Priority theorem-specific visual proof remediation required.
phase1-class-9-triangle-proofs-01-sas-congruence,/lessons/school/class-9/class-9-triangle-proofs-sas-congruence,SAS Congruence,school,Triangle Proofs,Triangle Proofs,triangle-proofs.triangle-proofs.sas-congruence,PROOF,visual-proof,construction|open-response,geometry-2d,school-interactive-lab,family,theorem-specific,family-specific,needs-review,P0,applicable-missing,applicable-missing,applicable-missing,applicable-missing,applicable-missing,available,applicable-missing,applicable-missing,Priority theorem-specific visual proof remediation required.
phase1-class-9-triangle-proofs-02-asa-congruence,/lessons/school/class-9/class-9-triangle-proofs-asa-congruence,ASA Congruence,school,Triangle Proofs,Triangle Proofs,triangle-proofs.triangle-proofs.asa-congruence,PROOF,visual-proof,construction|open-response,geometry-2d,school-interactive-lab,family,theorem-specific,family-specific,needs-review,P0,applicable-missing,applicable-missing,applicable-missing,applicable-missing,applicable-missing,available,applicable-missing,applicable-missing,Priority theorem-specific visual proof remediation required.
phase1-class-9-triangle-proofs-03-aas-congruence,/lessons/school/class-9/class-9-triangle-proofs-aas-congruence,AAS Congruence,school,Triangle Proofs,Triangle Proofs,triangle-proofs.triangle-proofs.aas-congruence,PROOF,visual-proof,construction|open-response,geometry-2d,school-interactive-lab,family,theorem-specific,family-specific,needs-review,P0,applicable-missing,applicable-missing,applicable-missing,applicable-missing,applicable-missing,available,applicable-missing,applicable-missing,Priority theorem-specific visual proof remediation required.
phase1-class-9-triangle-proofs-04-sss-congruence,/lessons/school/class-9/class-9-triangle-proofs-sss-congruence,SSS Congruence,school,Triangle Proofs,Triangle Proofs,triangle-proofs.triangle-proofs.sss-congruence,PROOF,visual-proof,construction|open-response,geometry-2d,school-interactive-lab,family,theorem-specific,family-specific,needs-review,P0,applicable-missing,applicable-missing,applicable-missing,applicable-missing,applicable-missing,available,applicable-missing,applicable-missing,Priority theorem-specific visual proof remediation required.
phase1-class-9-triangle-proofs-05-rhs-congruence,/lessons/school/class-9/class-9-triangle-proofs-rhs-congruence,RHS Congruence,school,Triangle Proofs,Triangle Proofs,triangle-proofs.triangle-proofs.rhs-congruence,PROOF,visual-proof,construction|open-response,geometry-2d,school-interactive-lab,family,theorem-specific,family-specific,needs-review,P0,applicable-missing,applicable-missing,applicable-missing,applicable-missing,applicable-missing,available,applicable-missing,applicable-missing,Priority theorem-specific visual proof remediation required.
phase1-class-9-triangle-proofs-06-equal-sides-and-equal-angles,/lessons/school/class-9/class-9-triangle-proofs-equal-sides-and-equal-angles,Equal Sides and Equal Angles,school,Triangle Proofs,Triangle Proofs,triangle-proofs.triangle-proofs.equal-sides-and-equal-angles,PROOF,visual-proof,construction|open-response,geometry-2d,school-interactive-lab,family,theorem-specific,family-specific,needs-review,P0,applicable-missing,applicable-missing,applicable-missing,applicable-missing,applicable-missing,available,applicable-missing,applicable-missing,Priority theorem-specific visual proof remediation required.
phase1-class-9-triangle-proofs-07-triangle-inequality,/lessons/school/class-9/class-9-triangle-proofs-triangle-inequality,Triangle Inequality,school,Triangle Proofs,Triangle Proofs,triangle-proofs.triangle-proofs.triangle-inequality,VISUAL_EXPLORATION,visual-proof,construction|open-response,geometry-2d,school-interactive-lab,family,theorem-specific,family-specific,needs-review,P0,applicable-missing,applicable-missing,applicable-missing,applicable-missing,applicable-missing,available,applicable-missing,applicable-missing,Priority theorem-specific visual proof remediation required.
phase1-class-9-quadrilateral-proofs-01-parallelogram-opposite-sides,/lessons/school/class-9/class-9-quadrilateral-proofs-parallelogram-opposite-sides,Parallelogram Opposite Sides,school,Quadrilateral Proofs,Quadrilateral Proofs,quadrilateral-proofs.quadrilateral-proofs.parallelogram-opposite-sides,PROOF,visual-proof,construction|open-response,geometry-2d,school-interactive-lab,family,theorem-specific,family-specific,needs-review,P0,applicable-missing,applicable-missing,applicable-missing,applicable-missing,applicable-missing,available,applicable-missing,applicable-missing,Priority theorem-specific visual proof remediation required.
phase1-class-9-quadrilateral-proofs-02-parallelogram-opposite-angles,/lessons/school/class-9/class-9-quadrilateral-proofs-parallelogram-opposite-angles,Parallelogram Opposite Angles,school,Quadrilateral Proofs,Quadrilateral Proofs,quadrilateral-proofs.quadrilateral-proofs.parallelogram-opposite-angles,PROOF,visual-proof,construction|open-response,geometry-2d,school-interactive-lab,family,theorem-specific,family-specific,needs-review,P0,applicable-missing,applicable-missing,applicable-missing,applicable-missing,applicable-missing,available,applicable-missing,applicable-missing,Priority theorem-specific visual proof remediation required.
phase1-class-9-quadrilateral-proofs-03-parallelogram-diagonals,/lessons/school/class-9/class-9-quadrilateral-proofs-parallelogram-diagonals,Parallelogram Diagonals,school,Quadrilateral Proofs,Quadrilateral Proofs,quadrilateral-proofs.quadrilateral-proofs.parallelogram-diagonals,PROOF,visual-proof,construction|open-response,geometry-2d,school-interactive-lab,family,theorem-specific,family-specific,needs-review,P0,applicable-missing,applicable-missing,applicable-missing,applicable-missing,applicable-missing,available,applicable-missing,applicable-missing,Priority theorem-specific visual proof remediation required.
phase1-class-9-quadrilateral-proofs-04-conditions-for-a-quadrilateral-to-be-a-parallelogram,/lessons/school/class-9/class-9-quadrilateral-proofs-conditions-for-a-quadrilateral-to-be-a-parallelogram,Conditions for a Quadrilateral to Be a Parallelogram,school,Quadrilateral Proofs,Quadrilateral Proofs,quadrilateral-proofs.quadrilateral-proofs.conditions-for-a-quadrilateral-to-be-a-parallelogram,PROOF,visual-proof,construction|open-response,geometry-2d,school-interactive-lab,family,theorem-specific,family-specific,needs-review,P0,applicable-missing,applicable-missing,applicable-missing,applicable-missing,applicable-missing,available,applicable-missing,applicable-missing,Priority theorem-specific visual proof remediation required.
phase1-class-9-quadrilateral-proofs-05-midpoint-theorem,/lessons/school/class-9/class-9-quadrilateral-proofs-midpoint-theorem,Midpoint Theorem,school,Quadrilateral Proofs,Quadrilateral Proofs,quadrilateral-proofs.quadrilateral-proofs.midpoint-theorem,PROOF,visual-proof,construction|drag-and-observe|open-response,geometry-2d,school-interactive-lab,family,theorem-specific,family-specific,needs-review,P0,applicable-missing,applicable-missing,applicable-missing,applicable-missing,applicable-missing,available,applicable-missing,applicable-missing,Priority theorem-specific visual proof remediation required.
phase1-class-9-quadrilateral-proofs-06-converse-of-midpoint-theorem,/lessons/school/class-9/class-9-quadrilateral-proofs-converse-of-midpoint-theorem,Converse of Midpoint Theorem,school,Quadrilateral Proofs,Quadrilateral Proofs,quadrilateral-proofs.quadrilateral-proofs.converse-of-midpoint-theorem,PROOF,visual-proof,construction|drag-and-observe|open-response,geometry-2d,school-interactive-lab,family,theorem-specific,family-specific,needs-review,P0,applicable-missing,applicable-missing,applicable-missing,applicable-missing,applicable-missing,available,applicable-missing,applicable-missing,Priority theorem-specific visual proof remediation required.
phase1-class-9-mensuration-01-heron-s-formula-derivation,/lessons/school/class-9/class-9-mensuration-heron-s-formula-derivation,Heron's Formula Derivation,school,Mensuration,Mensuration,mensuration.mensuration.heron-s-formula-derivation,PROOF,visual-proof,open-response,none,school-interactive-lab,family,theorem-specific,family-specific,needs-review,P0,applicable-missing,applicable-missing,applicable-missing,optional,not-applicable,available,applicable-missing,applicable-missing,Priority theorem-specific visual proof remediation required.
phase1-class-9-mensuration-02-semi-perimeter-lab,/lessons/school/class-9/class-9-mensuration-semi-perimeter-lab,Semi-Perimeter Lab,school,Mensuration,Mensuration,mensuration.mensuration.semi-perimeter-lab,CONCEPT,learn,numeric-answer,none,school-interactive-lab,family,lesson-preset,family-specific,needs-review,P1,available,applicable-missing,applicable-missing,optional,not-applicable,not-applicable,applicable-missing,applicable-missing,Read the core idea for Semi-Perimeter Lab. Inspect the visual or symbolic model. Answer the quick check. Choose the next resource.
phase1-class-9-mensuration-03-coordinate-area-versus-heron-s-formula,/lessons/school/class-9/class-9-mensuration-coordinate-area-versus-heron-s-formula,Coordinate Area versus Heron's Formula,school,Mensuration,Mensuration,mensuration.mensuration.coordinate-area-versus-heron-s-formula,CONCEPT,learn,construction,geometry-2d,school-interactive-lab,family,lesson-preset,family-specific,needs-review,P1,available,applicable-missing,applicable-missing,applicable-missing,applicable-missing,not-applicable,applicable-missing,applicable-missing,Read the core idea for Coordinate Area versus Heron's Formula. Inspect the visual or symbolic model. Answer the quick check. Choose the next resource.
phase1-class-9-mensuration-04-combined-solids,/lessons/school/class-9/class-9-mensuration-combined-solids,Combined Solids,school,Mensuration,Mensuration,mensuration.mensuration.combined-solids,CONCEPT,learn,construction|3d,geometry-3d,school-interactive-lab,family,lesson-preset,family-specific,needs-review,P1,available,applicable-missing,applicable-missing,applicable-missing,applicable-missing,not-applicable,applicable-missing,applicable-missing,Read the core idea for Combined Solids. Inspect the visual or symbolic model. Answer the quick check. Choose the next resource.
phase1-class-10-coordinate-geometry-01-distance-formula,/lessons/school/class-10/class-10-coordinate-geometry-distance-formula,Distance Formula,school,Coordinate Geometry,Coordinate Geometry,coordinate-geometry.coordinate-geometry.distance-formula,CONCEPT,learn,construction,geometry-2d,school-interactive-lab,family,lesson-preset,family-specific,needs-review,P1,available,applicable-missing,applicable-missing,applicable-missing,applicable-missing,not-applicable,applicable-missing,applicable-missing,Read the core idea for Distance Formula. Inspect the visual or symbolic model. Answer the quick check. Choose the next resource.
phase1-class-10-coordinate-geometry-02-midpoint-formula,/lessons/school/class-10/class-10-coordinate-geometry-midpoint-formula,Midpoint Formula,school,Coordinate Geometry,Coordinate Geometry,coordinate-geometry.coordinate-geometry.midpoint-formula,CONCEPT,learn,construction|drag-and-observe,geometry-2d,school-interactive-lab,family,lesson-preset,family-specific,needs-review,P1,available,applicable-missing,applicable-missing,applicable-missing,applicable-missing,not-applicable,applicable-missing,applicable-missing,Predict what will change. Drag or adjust one control. Observe the exact output. Explain the relationship.
phase1-class-10-coordinate-geometry-03-internal-section-formula,/lessons/school/class-10/class-10-coordinate-geometry-internal-section-formula,Internal Section Formula,school,Coordinate Geometry,Coordinate Geometry,coordinate-geometry.coordinate-geometry.internal-section-formula,CONCEPT,learn,construction,geometry-2d,school-interactive-lab,family,lesson-preset,family-specific,needs-review,P1,available,applicable-missing,applicable-missing,applicable-missing,applicable-missing,not-applicable,applicable-missing,applicable-missing,Read the core idea for Internal Section Formula. Inspect the visual or symbolic model. Answer the quick check. Choose the next resource.
phase1-class-10-coordinate-geometry-04-external-section-formula,/lessons/school/class-10/class-10-coordinate-geometry-external-section-formula,External Section Formula,school,Coordinate Geometry,Coordinate Geometry,coordinate-geometry.coordinate-geometry.external-section-formula,CONCEPT,learn,construction,geometry-2d,school-interactive-lab,family,lesson-preset,family-specific,needs-review,P1,available,applicable-missing,applicable-missing,applicable-missing,applicable-missing,not-applicable,applicable-missing,applicable-missing,Read the core idea for External Section Formula. Inspect the visual or symbolic model. Answer the quick check. Choose the next resource.
phase1-class-10-coordinate-geometry-05-area-of-triangle-using-coordinates,/lessons/school/class-10/class-10-coordinate-geometry-area-of-triangle-using-coordinates,Area of Triangle Using Coordinates,school,Coordinate Geometry,Coordinate Geometry,coordinate-geometry.coordinate-geometry.area-of-triangle-using-coordinates,VISUAL_EXPLORATION,explore,construction,geometry-2d,school-interactive-lab,family,lesson-preset,family-specific,needs-review,P1,applicable-missing,available,applicable-missing,applicable-missing,applicable-missing,not-applicable,applicable-missing,applicable-missing,Read the core idea for Area of Triangle Using Coordinates. Inspect the visual or symbolic model. Answer the quick check. Choose the next resource.
phase1-class-10-coordinate-geometry-06-collinearity-using-coordinate-area,/lessons/school/class-10/class-10-coordinate-geometry-collinearity-using-coordinate-area,Collinearity Using Coordinate Area,school,Coordinate Geometry,Coordinate Geometry,coordinate-geometry.coordinate-geometry.collinearity-using-coordinate-area,CONCEPT,learn,construction,geometry-2d,school-interactive-lab,family,lesson-preset,family-specific,needs-review,P1,available,applicable-missing,applicable-missing,applicable-missing,applicable-missing,not-applicable,applicable-missing,applicable-missing,Read the core idea for Collinearity Using Coordinate Area. Inspect the visual or symbolic model. Answer the quick check. Choose the next resource.
phase1-class-10-circle-proofs-01-equal-chords-and-equal-angles,/lessons/school/class-10/class-10-circle-proofs-equal-chords-and-equal-angles,Equal Chords and Equal Angles,school,Circle Proofs,Circle Proofs,circle-proofs.circle-proofs.equal-chords-and-equal-angles,PROOF,visual-proof,construction|open-response,geometry-2d,school-interactive-lab,family,theorem-specific,family-specific,needs-review,P0,applicable-missing,applicable-missing,applicable-missing,applicable-missing,applicable-missing,available,applicable-missing,applicable-missing,Priority theorem-specific visual proof remediation required.
phase1-class-10-circle-proofs-02-perpendicular-from-centre-to-chord,/lessons/school/class-10/class-10-circle-proofs-perpendicular-from-centre-to-chord,Perpendicular from Centre to Chord,school,Circle Proofs,Circle Proofs,circle-proofs.circle-proofs.perpendicular-from-centre-to-chord,CONCEPT,visual-proof,construction|open-response,geometry-2d,school-interactive-lab,family,theorem-specific,family-specific,needs-review,P0,applicable-missing,applicable-missing,applicable-missing,applicable-missing,applicable-missing,available,applicable-missing,applicable-missing,Priority theorem-specific visual proof remediation required.
phase1-class-10-circle-proofs-03-angle-subtended-by-an-arc,/lessons/school/class-10/class-10-circle-proofs-angle-subtended-by-an-arc,Angle Subtended by an Arc,school,Circle Proofs,Circle Proofs,circle-proofs.circle-proofs.angle-subtended-by-an-arc,VISUAL_EXPLORATION,visual-proof,construction|open-response,geometry-2d,school-interactive-lab,family,theorem-specific,family-specific,needs-review,P0,applicable-missing,applicable-missing,applicable-missing,applicable-missing,applicable-missing,available,applicable-missing,applicable-missing,Priority theorem-specific visual proof remediation required.
phase1-class-10-circle-proofs-04-angle-in-a-semicircle,/lessons/school/class-10/class-10-circle-proofs-angle-in-a-semicircle,Angle in a Semicircle,school,Circle Proofs,Circle Proofs,circle-proofs.circle-proofs.angle-in-a-semicircle,VISUAL_EXPLORATION,visual-proof,construction|open-response,geometry-2d,school-interactive-lab,family,theorem-specific,family-specific,needs-review,P0,applicable-missing,applicable-missing,applicable-missing,applicable-missing,applicable-missing,available,applicable-missing,applicable-missing,Priority theorem-specific visual proof remediation required.
phase1-class-10-circle-proofs-05-angles-in-the-same-segment,/lessons/school/class-10/class-10-circle-proofs-angles-in-the-same-segment,Angles in the Same Segment,school,Circle Proofs,Circle Proofs,circle-proofs.circle-proofs.angles-in-the-same-segment,PROOF,visual-proof,construction|open-response,geometry-2d,school-interactive-lab,family,theorem-specific,family-specific,needs-review,P0,applicable-missing,applicable-missing,applicable-missing,applicable-missing,applicable-missing,available,applicable-missing,applicable-missing,Priority theorem-specific visual proof remediation required.
phase1-class-10-circle-proofs-06-cyclic-quadrilateral,/lessons/school/class-10/class-10-circle-proofs-cyclic-quadrilateral,Cyclic Quadrilateral,school,Circle Proofs,Circle Proofs,circle-proofs.circle-proofs.cyclic-quadrilateral,PROOF,visual-proof,construction|open-response,geometry-2d,school-interactive-lab,family,theorem-specific,family-specific,needs-review,P0,applicable-missing,applicable-missing,applicable-missing,applicable-missing,applicable-missing,available,applicable-missing,applicable-missing,Priority theorem-specific visual proof remediation required.
phase1-class-10-circle-proofs-07-opposite-angles-of-a-cyclic-quadrilateral,/lessons/school/class-10/class-10-circle-proofs-opposite-angles-of-a-cyclic-quadrilateral,Opposite Angles of a Cyclic Quadrilateral,school,Circle Proofs,Circle Proofs,circle-proofs.circle-proofs.opposite-angles-of-a-cyclic-quadrilateral,PROOF,visual-proof,construction|open-response,geometry-2d,school-interactive-lab,family,theorem-specific,family-specific,needs-review,P0,applicable-missing,applicable-missing,applicable-missing,applicable-missing,applicable-missing,available,applicable-missing,applicable-missing,Priority theorem-specific visual proof remediation required.
phase1-class-10-circle-proofs-08-tangent-perpendicular-to-radius,/lessons/school/class-10/class-10-circle-proofs-tangent-perpendicular-to-radius,Tangent Perpendicular to Radius,school,Circle Proofs,Circle Proofs,circle-proofs.circle-proofs.tangent-perpendicular-to-radius,PROOF,visual-proof,construction|open-response,geometry-2d,school-interactive-lab,family,theorem-specific,family-specific,needs-review,P0,applicable-missing,applicable-missing,applicable-missing,applicable-missing,applicable-missing,available,applicable-missing,applicable-missing,Priority theorem-specific visual proof remediation required.
phase1-class-10-circle-proofs-09-tangent-lengths-from-an-external-point,/lessons/school/class-10/class-10-circle-proofs-tangent-lengths-from-an-external-point,Tangent Lengths from an External Point,school,Circle Proofs,Circle Proofs,circle-proofs.circle-proofs.tangent-lengths-from-an-external-point,PROOF,visual-proof,construction|drag-and-observe|open-response,geometry-2d,school-interactive-lab,family,theorem-specific,family-specific,needs-review,P0,applicable-missing,applicable-missing,applicable-missing,applicable-missing,applicable-missing,available,applicable-missing,applicable-missing,Priority theorem-specific visual proof remediation required.
phase1-class-10-trigonometry-applications-01-angle-of-elevation,/lessons/school/class-10/class-10-trigonometry-applications-angle-of-elevation,Angle of Elevation,school,Trigonometry Applications,Trigonometry Applications,trigonometry-applications.trigonometry-applications.angle-of-elevation,VISUAL_EXPLORATION,explore,construction,geometry-2d,school-interactive-lab,family,lesson-preset,family-specific,needs-review,P1,applicable-missing,available,applicable-missing,applicable-missing,applicable-missing,not-applicable,applicable-missing,applicable-missing,Read the core idea for Angle of Elevation. Inspect the visual or symbolic model. Answer the quick check. Choose the next resource.
phase1-class-10-trigonometry-applications-02-angle-of-depression,/lessons/school/class-10/class-10-trigonometry-applications-angle-of-depression,Angle of Depression,school,Trigonometry Applications,Trigonometry Applications,trigonometry-applications.trigonometry-applications.angle-of-depression,VISUAL_EXPLORATION,explore,construction,geometry-2d,school-interactive-lab,family,lesson-preset,family-specific,needs-review,P1,applicable-missing,available,applicable-missing,applicable-missing,applicable-missing,not-applicable,applicable-missing,applicable-missing,Read the core idea for Angle of Depression. Inspect the visual or symbolic model. Answer the quick check. Choose the next resource.
phase1-class-10-trigonometry-applications-03-shadow-length-modelling,/lessons/school/class-10/class-10-trigonometry-applications-shadow-length-modelling,Shadow-Length Modelling,school,Trigonometry Applications,Trigonometry Applications,trigonometry-applications.trigonometry-applications.shadow-length-modelling,CONCEPT,explore,open-response,none,school-interactive-lab,family,lesson-preset,family-specific,needs-review,P1,applicable-missing,available,applicable-missing,optional,not-applicable,not-applicable,applicable-missing,applicable-missing,Read the core idea for Shadow-Length Modelling. Inspect the visual or symbolic model. Answer the quick check. Choose the next resource.
phase1-class-10-trigonometry-applications-04-two-observer-height-problems,/lessons/school/class-10/class-10-trigonometry-applications-two-observer-height-problems,Two-Observer Height Problems,school,Trigonometry Applications,Trigonometry Applications,trigonometry-applications.trigonometry-applications.two-observer-height-problems,PRACTICE,practice,numeric-answer,none,school-interactive-lab,family,lesson-preset,family-specific,needs-review,P1,applicable-missing,applicable-missing,available,optional,not-applicable,not-applicable,applicable-missing,applicable-missing,Review the method. Answer a deterministic question. Check with visual or symbolic verification. Try another value.
phase1-class-10-statistics-01-grouped-mean-by-direct-method,/lessons/school/class-10/class-10-statistics-grouped-mean-by-direct-method,Grouped Mean by Direct Method,school,Statistics,Statistics,statistics.statistics.grouped-mean-by-direct-method,CONCEPT,learn,data-experiment,cas-data,school-interactive-lab,family,lesson-preset,family-specific,needs-review,P1,available,applicable-missing,applicable-missing,applicable-missing,applicable-missing,not-applicable,applicable-missing,applicable-missing,Read the core idea for Grouped Mean by Direct Method. Inspect the visual or symbolic model. Answer the quick check. Choose the next resource.
phase1-class-10-statistics-02-grouped-mean-by-assumed-mean,/lessons/school/class-10/class-10-statistics-grouped-mean-by-assumed-mean,Grouped Mean by Assumed Mean,school,Statistics,Statistics,statistics.statistics.grouped-mean-by-assumed-mean,CONCEPT,learn,data-experiment,cas-data,school-interactive-lab,family,lesson-preset,family-specific,needs-review,P1,available,applicable-missing,applicable-missing,applicable-missing,applicable-missing,not-applicable,applicable-missing,applicable-missing,Read the core idea for Grouped Mean by Assumed Mean. Inspect the visual or symbolic model. Answer the quick check. Choose the next resource.
phase1-class-10-statistics-03-grouped-mean-by-step-deviation,/lessons/school/class-10/class-10-statistics-grouped-mean-by-step-deviation,Grouped Mean by Step Deviation,school,Statistics,Statistics,statistics.statistics.grouped-mean-by-step-deviation,CONCEPT,learn,data-experiment,cas-data,school-interactive-lab,family,lesson-preset,family-specific,needs-review,P1,available,applicable-missing,applicable-missing,applicable-missing,applicable-missing,not-applicable,applicable-missing,applicable-missing,Read the core idea for Grouped Mean by Step Deviation. Inspect the visual or symbolic model. Answer the quick check. Choose the next resource.
phase1-class-10-statistics-04-less-than-cumulative-frequency,/lessons/school/class-10/class-10-statistics-less-than-cumulative-frequency,Less-Than Cumulative Frequency,school,Statistics,Statistics,statistics.statistics.less-than-cumulative-frequency,CONCEPT,learn,data-experiment,cas-data,school-interactive-lab,family,lesson-preset,family-specific,needs-review,P1,available,applicable-missing,applicable-missing,applicable-missing,applicable-missing,not-applicable,applicable-missing,applicable-missing,Read the core idea for Less-Than Cumulative Frequency. Inspect the visual or symbolic model. Answer the quick check. Choose the next resource.
phase1-class-10-statistics-05-more-than-cumulative-frequency,/lessons/school/class-10/class-10-statistics-more-than-cumulative-frequency,More-Than Cumulative Frequency,school,Statistics,Statistics,statistics.statistics.more-than-cumulative-frequency,CONCEPT,learn,data-experiment,cas-data,school-interactive-lab,family,lesson-preset,family-specific,needs-review,P1,available,applicable-missing,applicable-missing,applicable-missing,applicable-missing,not-applicable,applicable-missing,applicable-missing,Read the core idea for More-Than Cumulative Frequency. Inspect the visual or symbolic model. Answer the quick check. Choose the next resource.
phase1-class-10-statistics-06-less-than-ogive,/lessons/school/class-10/class-10-statistics-less-than-ogive,Less-Than Ogive,school,Statistics,Statistics,statistics.statistics.less-than-ogive,CONCEPT,learn,data-experiment,cas-data,school-interactive-lab,family,lesson-preset,family-specific,needs-review,P1,available,applicable-missing,applicable-missing,applicable-missing,applicable-missing,not-applicable,applicable-missing,applicable-missing,Read the core idea for Less-Than Ogive. Inspect the visual or symbolic model. Answer the quick check. Choose the next resource.
phase1-class-10-statistics-07-more-than-ogive,/lessons/school/class-10/class-10-statistics-more-than-ogive,More-Than Ogive,school,Statistics,Statistics,statistics.statistics.more-than-ogive,CONCEPT,learn,data-experiment,cas-data,school-interactive-lab,family,lesson-preset,family-specific,needs-review,P1,available,applicable-missing,applicable-missing,applicable-missing,applicable-missing,not-applicable,applicable-missing,applicable-missing,Read the core idea for More-Than Ogive. Inspect the visual or symbolic model. Answer the quick check. Choose the next resource.
phase1-class-10-statistics-08-median-from-an-ogive,/lessons/school/class-10/class-10-statistics-median-from-an-ogive,Median from an Ogive,school,Statistics,Statistics,statistics.statistics.median-from-an-ogive,CONCEPT,learn,data-experiment,cas-data,school-interactive-lab,family,lesson-preset,family-specific,needs-review,P1,available,applicable-missing,applicable-missing,applicable-missing,applicable-missing,not-applicable,applicable-missing,applicable-missing,Read the core idea for Median from an Ogive. Inspect the visual or symbolic model. Answer the quick check. Choose the next resource.
phase1-class-10-mensuration-01-frustum-of-a-cone,/lessons/school/class-10/class-10-mensuration-frustum-of-a-cone,Frustum of a Cone,school,Mensuration,Mensuration,mensuration.mensuration.frustum-of-a-cone,CONCEPT,learn,construction|3d,geometry-3d,school-interactive-lab,family,lesson-preset,family-specific,needs-review,P1,available,applicable-missing,applicable-missing,applicable-missing,applicable-missing,not-applicable,applicable-missing,applicable-missing,Read the core idea for Frustum of a Cone. Inspect the visual or symbolic model. Answer the quick check. Choose the next resource.
phase1-class-10-mensuration-02-combined-solids,/lessons/school/class-10/class-10-mensuration-combined-solids,Combined Solids,school,Mensuration,Mensuration,mensuration.mensuration.combined-solids,CONCEPT,learn,construction|3d,geometry-3d,school-interactive-lab,family,lesson-preset,family-specific,needs-review,P1,available,applicable-missing,applicable-missing,applicable-missing,applicable-missing,not-applicable,applicable-missing,applicable-missing,Read the core idea for Combined Solids. Inspect the visual or symbolic model. Answer the quick check. Choose the next resource.
phase1-class-11-relations-and-functions-01-types-of-relations,/lessons/school/class-11/class-11-relations-and-functions-types-of-relations,Types of Relations,school,Relations and Functions,Relations and Functions,relations-and-functions.relations-and-functions.types-of-relations,CONCEPT,learn,graphing,graph-2d,school-interactive-lab,family,lesson-preset,family-specific,needs-review,P1,available,applicable-missing,applicable-missing,applicable-missing,applicable-missing,not-applicable,applicable-missing,applicable-missing,Read the core idea for Types of Relations. Inspect the visual or symbolic model. Answer the quick check. Choose the next resource.
phase1-class-11-relations-and-functions-02-reflexive-relations,/lessons/school/class-11/class-11-relations-and-functions-reflexive-relations,Reflexive Relations,school,Relations and Functions,Relations and Functions,relations-and-functions.relations-and-functions.reflexive-relations,CONCEPT,learn,graphing,graph-2d,school-interactive-lab,family,lesson-preset,family-specific,needs-review,P1,available,applicable-missing,applicable-missing,applicable-missing,applicable-missing,not-applicable,applicable-missing,applicable-missing,Read the core idea for Reflexive Relations. Inspect the visual or symbolic model. Answer the quick check. Choose the next resource.
phase1-class-11-relations-and-functions-03-symmetric-relations,/lessons/school/class-11/class-11-relations-and-functions-symmetric-relations,Symmetric Relations,school,Relations and Functions,Relations and Functions,relations-and-functions.relations-and-functions.symmetric-relations,CONCEPT,learn,graphing,graph-2d,school-interactive-lab,family,lesson-preset,family-specific,needs-review,P1,available,applicable-missing,applicable-missing,applicable-missing,applicable-missing,not-applicable,applicable-missing,applicable-missing,Read the core idea for Symmetric Relations. Inspect the visual or symbolic model. Answer the quick check. Choose the next resource.
phase1-class-11-relations-and-functions-04-transitive-relations,/lessons/school/class-11/class-11-relations-and-functions-transitive-relations,Transitive Relations,school,Relations and Functions,Relations and Functions,relations-and-functions.relations-and-functions.transitive-relations,CONCEPT,learn,graphing,graph-2d,school-interactive-lab,family,lesson-preset,family-specific,needs-review,P1,available,applicable-missing,applicable-missing,applicable-missing,applicable-missing,not-applicable,applicable-missing,applicable-missing,Read the core idea for Transitive Relations. Inspect the visual or symbolic model. Answer the quick check. Choose the next resource.
phase1-class-11-relations-and-functions-05-equivalence-relations,/lessons/school/class-11/class-11-relations-and-functions-equivalence-relations,Equivalence Relations,school,Relations and Functions,Relations and Functions,relations-and-functions.relations-and-functions.equivalence-relations,CONCEPT,learn,graphing,graph-2d,school-interactive-lab,family,lesson-preset,family-specific,needs-review,P1,available,applicable-missing,applicable-missing,applicable-missing,applicable-missing,not-applicable,applicable-missing,applicable-missing,Read the core idea for Equivalence Relations. Inspect the visual or symbolic model. Answer the quick check. Choose the next resource.
phase1-class-11-relations-and-functions-06-one-one-functions,/lessons/school/class-11/class-11-relations-and-functions-one-one-functions,One-One Functions,school,Relations and Functions,Relations and Functions,relations-and-functions.relations-and-functions.one-one-functions,CONCEPT,learn,graphing,graph-2d,school-interactive-lab,family,lesson-preset,family-specific,needs-review,P1,available,applicable-missing,applicable-missing,applicable-missing,applicable-missing,not-applicable,applicable-missing,applicable-missing,Read the core idea for One-One Functions. Inspect the visual or symbolic model. Answer the quick check. Choose the next resource.
phase1-class-11-relations-and-functions-07-many-one-functions,/lessons/school/class-11/class-11-relations-and-functions-many-one-functions,Many-One Functions,school,Relations and Functions,Relations and Functions,relations-and-functions.relations-and-functions.many-one-functions,CONCEPT,learn,graphing,graph-2d,school-interactive-lab,family,lesson-preset,family-specific,needs-review,P1,available,applicable-missing,applicable-missing,applicable-missing,applicable-missing,not-applicable,applicable-missing,applicable-missing,Read the core idea for Many-One Functions. Inspect the visual or symbolic model. Answer the quick check. Choose the next resource.
phase1-class-11-relations-and-functions-08-into-functions,/lessons/school/class-11/class-11-relations-and-functions-into-functions,Into Functions,school,Relations and Functions,Relations and Functions,relations-and-functions.relations-and-functions.into-functions,CONCEPT,learn,graphing,graph-2d,school-interactive-lab,family,lesson-preset,family-specific,needs-review,P1,available,applicable-missing,applicable-missing,applicable-missing,applicable-missing,not-applicable,applicable-missing,applicable-missing,Read the core idea for Into Functions. Inspect the visual or symbolic model. Answer the quick check. Choose the next resource.
phase1-class-11-relations-and-functions-09-onto-functions,/lessons/school/class-11/class-11-relations-and-functions-onto-functions,Onto Functions,school,Relations and Functions,Relations and Functions,relations-and-functions.relations-and-functions.onto-functions,CONCEPT,learn,graphing,graph-2d,school-interactive-lab,family,lesson-preset,family-specific,needs-review,P1,available,applicable-missing,applicable-missing,applicable-missing,applicable-missing,not-applicable,applicable-missing,applicable-missing,Read the core idea for Onto Functions. Inspect the visual or symbolic model. Answer the quick check. Choose the next resource.
phase1-class-11-relations-and-functions-10-composition-of-functions,/lessons/school/class-11/class-11-relations-and-functions-composition-of-functions,Composition of Functions,school,Relations and Functions,Relations and Functions,relations-and-functions.relations-and-functions.composition-of-functions,CONCEPT,learn,graphing,graph-2d,school-interactive-lab,family,lesson-preset,family-specific,needs-review,P1,available,applicable-missing,applicable-missing,applicable-missing,applicable-missing,not-applicable,applicable-missing,applicable-missing,Read the core idea for Composition of Functions. Inspect the visual or symbolic model. Answer the quick check. Choose the next resource.
phase1-class-11-relations-and-functions-11-invertible-functions,/lessons/school/class-11/class-11-relations-and-functions-invertible-functions,Invertible Functions,school,Relations and Functions,Relations and Functions,relations-and-functions.relations-and-functions.invertible-functions,CONCEPT,learn,graphing,graph-2d,school-interactive-lab,family,lesson-preset,family-specific,needs-review,P1,available,applicable-missing,applicable-missing,applicable-missing,applicable-missing,not-applicable,applicable-missing,applicable-missing,Read the core idea for Invertible Functions. Inspect the visual or symbolic model. Answer the quick check. Choose the next resource.
phase1-class-11-relations-and-functions-12-binary-operations,/lessons/school/class-11/class-11-relations-and-functions-binary-operations,Binary Operations,school,Relations and Functions,Relations and Functions,relations-and-functions.relations-and-functions.binary-operations,CONCEPT,learn,graphing,graph-2d,school-interactive-lab,family,lesson-preset,family-specific,needs-review,P1,available,applicable-missing,applicable-missing,applicable-missing,applicable-missing,not-applicable,applicable-missing,applicable-missing,Read the core idea for Binary Operations. Inspect the visual or symbolic model. Answer the quick check. Choose the next resource.
phase1-class-11-trigonometry-01-domain-and-range-of-trigonometric-functions,/lessons/school/class-11/class-11-trigonometry-domain-and-range-of-trigonometric-functions,Domain and Range of Trigonometric Functions,school,Trigonometry,Trigonometry,trigonometry.trigonometry.domain-and-range-of-trigonometric-functions,CONCEPT,learn,graphing,graph-2d,school-interactive-lab,family,lesson-preset,family-specific,needs-review,P1,available,applicable-missing,applicable-missing,applicable-missing,applicable-missing,not-applicable,applicable-missing,applicable-missing,Read the core idea for Domain and Range of Trigonometric Functions. Inspect the visual or symbolic model. Answer the quick check. Choose the next resource.
phase1-class-11-trigonometry-02-transformation-of-trigonometric-graphs,/lessons/school/class-11/class-11-trigonometry-transformation-of-trigonometric-graphs,Transformation of Trigonometric Graphs,school,Trigonometry,Trigonometry,trigonometry.trigonometry.transformation-of-trigonometric-graphs,CONCEPT,explore,graphing|slider,graph-2d,school-interactive-lab,family,lesson-preset,family-specific,needs-review,P1,applicable-missing,available,applicable-missing,applicable-missing,applicable-missing,not-applicable,applicable-missing,applicable-missing,Predict what will change. Drag or adjust one control. Observe the exact output. Explain the relationship.
phase1-class-11-trigonometry-03-general-solutions-of-trigonometric-equations,/lessons/school/class-11/class-11-trigonometry-general-solutions-of-trigonometric-equations,General Solutions of Trigonometric Equations,school,Trigonometry,Trigonometry,trigonometry.trigonometry.general-solutions-of-trigonometric-equations,CONCEPT,learn,cas,cas-data,school-interactive-lab,family,lesson-preset,family-specific,needs-review,P1,available,applicable-missing,applicable-missing,applicable-missing,applicable-missing,not-applicable,applicable-missing,applicable-missing,Read the core idea for General Solutions of Trigonometric Equations. Inspect the visual or symbolic model. Answer the quick check. Choose the next resource.
phase1-class-11-trigonometry-04-principal-solutions,/lessons/school/class-11/class-11-trigonometry-principal-solutions,Principal Solutions,school,Trigonometry,Trigonometry,trigonometry.trigonometry.principal-solutions,CONCEPT,learn,open-response,none,school-interactive-lab,family,lesson-preset,family-specific,needs-review,P1,available,applicable-missing,applicable-missing,optional,not-applicable,not-applicable,applicable-missing,applicable-missing,Read the core idea for Principal Solutions. Inspect the visual or symbolic model. Answer the quick check. Choose the next resource.
phase1-class-11-mathematical-induction-01-logic-of-mathematical-induction,/lessons/school/class-11/class-11-mathematical-induction-logic-of-mathematical-induction,Logic of Mathematical Induction,school,Mathematical Induction,Mathematical Induction,mathematical-induction.mathematical-induction.logic-of-mathematical-induction,PROOF,visual-proof,open-response,none,school-interactive-lab,family,theorem-specific,family-specific,needs-review,P0,applicable-missing,applicable-missing,applicable-missing,optional,not-applicable,available,applicable-missing,applicable-missing,Priority theorem-specific visual proof remediation required.
phase1-class-11-mathematical-induction-02-base-case-and-inductive-step,/lessons/school/class-11/class-11-mathematical-induction-base-case-and-inductive-step,Base Case and Inductive Step,school,Mathematical Induction,Mathematical Induction,mathematical-induction.mathematical-induction.base-case-and-inductive-step,CONCEPT,learn,cas,cas-data,school-interactive-lab,family,lesson-preset,family-specific,needs-review,P1,available,applicable-missing,applicable-missing,applicable-missing,applicable-missing,not-applicable,applicable-missing,applicable-missing,Read the core idea for Base Case and Inductive Step. Inspect the visual or symbolic model. Answer the quick check. Choose the next resource.
phase1-class-11-mathematical-induction-03-sum-formula-by-induction,/lessons/school/class-11/class-11-mathematical-induction-sum-formula-by-induction,Sum Formula by Induction,school,Mathematical Induction,Mathematical Induction,mathematical-induction.mathematical-induction.sum-formula-by-induction,PROOF,visual-proof,open-response,none,school-interactive-lab,family,theorem-specific,family-specific,needs-review,P0,applicable-missing,applicable-missing,applicable-missing,optional,not-applicable,available,applicable-missing,applicable-missing,Priority theorem-specific visual proof remediation required.
phase1-class-11-mathematical-induction-04-divisibility-by-induction,/lessons/school/class-11/class-11-mathematical-induction-divisibility-by-induction,Divisibility by Induction,school,Mathematical Induction,Mathematical Induction,mathematical-induction.mathematical-induction.divisibility-by-induction,PROOF,visual-proof,open-response,none,school-interactive-lab,family,theorem-specific,family-specific,needs-review,P0,applicable-missing,applicable-missing,applicable-missing,optional,not-applicable,available,applicable-missing,applicable-missing,Priority theorem-specific visual proof remediation required.
phase1-class-11-mathematical-induction-05-inequality-by-induction,/lessons/school/class-11/class-11-mathematical-induction-inequality-by-induction,Inequality by Induction,school,Mathematical Induction,Mathematical Induction,mathematical-induction.mathematical-induction.inequality-by-induction,PROOF,visual-proof,graphing|open-response,graph-2d,school-interactive-lab,family,theorem-specific,family-specific,needs-review,P0,applicable-missing,applicable-missing,applicable-missing,applicable-missing,applicable-missing,available,applicable-missing,applicable-missing,Priority theorem-specific visual proof remediation required.
phase1-class-11-mathematical-induction-06-strong-induction-introduction,/lessons/school/class-11/class-11-mathematical-induction-strong-induction-introduction,Strong Induction Introduction,school,Mathematical Induction,Mathematical Induction,mathematical-induction.mathematical-induction.strong-induction-introduction,PROOF,visual-proof,open-response,none,school-interactive-lab,family,theorem-specific,family-specific,needs-review,P0,applicable-missing,applicable-missing,applicable-missing,optional,not-applicable,available,applicable-missing,applicable-missing,Priority theorem-specific visual proof remediation required.
phase1-class-11-binomial-theorem-01-binomial-expansion,/lessons/school/class-11/class-11-binomial-theorem-binomial-expansion,Binomial Expansion,school,Binomial Theorem,Binomial Theorem,binomial-theorem.binomial-theorem.binomial-expansion,CONCEPT,visual-proof,open-response,none,school-interactive-lab,family,theorem-specific,family-specific,needs-review,P0,applicable-missing,applicable-missing,applicable-missing,optional,not-applicable,available,applicable-missing,applicable-missing,Priority theorem-specific visual proof remediation required.
phase1-class-11-binomial-theorem-02-general-term,/lessons/school/class-11/class-11-binomial-theorem-general-term,General Term,school,Binomial Theorem,Binomial Theorem,binomial-theorem.binomial-theorem.general-term,CONCEPT,visual-proof,open-response,none,school-interactive-lab,family,theorem-specific,family-specific,needs-review,P0,applicable-missing,applicable-missing,applicable-missing,optional,not-applicable,available,applicable-missing,applicable-missing,Priority theorem-specific visual proof remediation required.
phase1-class-11-binomial-theorem-03-middle-term,/lessons/school/class-11/class-11-binomial-theorem-middle-term,Middle Term,school,Binomial Theorem,Binomial Theorem,binomial-theorem.binomial-theorem.middle-term,CONCEPT,visual-proof,open-response,none,school-interactive-lab,family,theorem-specific,family-specific,needs-review,P0,applicable-missing,applicable-missing,applicable-missing,optional,not-applicable,available,applicable-missing,applicable-missing,Priority theorem-specific visual proof remediation required.
phase1-class-11-binomial-theorem-04-independent-term,/lessons/school/class-11/class-11-binomial-theorem-independent-term,Independent Term,school,Binomial Theorem,Binomial Theorem,binomial-theorem.binomial-theorem.independent-term,CONCEPT,visual-proof,open-response,none,school-interactive-lab,family,theorem-specific,family-specific,needs-review,P0,applicable-missing,applicable-missing,applicable-missing,optional,not-applicable,available,applicable-missing,applicable-missing,Priority theorem-specific visual proof remediation required.
phase1-class-11-binomial-theorem-05-binomial-approximation,/lessons/school/class-11/class-11-binomial-theorem-binomial-approximation,Binomial Approximation,school,Binomial Theorem,Binomial Theorem,binomial-theorem.binomial-theorem.binomial-approximation,CONCEPT,visual-proof,open-response,none,school-interactive-lab,family,theorem-specific,family-specific,needs-review,P0,applicable-missing,applicable-missing,applicable-missing,optional,not-applicable,available,applicable-missing,applicable-missing,Priority theorem-specific visual proof remediation required.
phase1-class-11-binomial-theorem-06-pascal-identity,/lessons/school/class-11/class-11-binomial-theorem-pascal-identity,Pascal Identity,school,Binomial Theorem,Binomial Theorem,binomial-theorem.binomial-theorem.pascal-identity,CONCEPT,visual-proof,open-response,none,school-interactive-lab,family,theorem-specific,family-specific,needs-review,P0,applicable-missing,applicable-missing,applicable-missing,optional,not-applicable,available,applicable-missing,applicable-missing,Priority theorem-specific visual proof remediation required.
phase1-class-11-binomial-theorem-07-combinatorial-interpretation,/lessons/school/class-11/class-11-binomial-theorem-combinatorial-interpretation,Combinatorial Interpretation,school,Binomial Theorem,Binomial Theorem,binomial-theorem.binomial-theorem.combinatorial-interpretation,CONCEPT,visual-proof,open-response,none,school-interactive-lab,family,theorem-specific,family-specific,needs-review,P0,applicable-missing,applicable-missing,applicable-missing,optional,not-applicable,available,applicable-missing,applicable-missing,Priority theorem-specific visual proof remediation required.
phase1-class-11-conic-sections-01-parabola-standard-forms,/lessons/school/class-11/class-11-conic-sections-parabola-standard-forms,Parabola Standard Forms,school,Conic Sections,Conic Sections,conic-sections.conic-sections.parabola-standard-forms,CONCEPT,learn,graphing,graph-2d,school-interactive-lab,family,lesson-preset,family-specific,needs-review,P1,available,applicable-missing,applicable-missing,applicable-missing,applicable-missing,not-applicable,applicable-missing,applicable-missing,Read the core idea for Parabola Standard Forms. Inspect the visual or symbolic model. Answer the quick check. Choose the next resource.
phase1-class-11-conic-sections-02-focus-directrix-definition,/lessons/school/class-11/class-11-conic-sections-focus-directrix-definition,Focus-Directrix Definition,school,Conic Sections,Conic Sections,conic-sections.conic-sections.focus-directrix-definition,CONCEPT,learn,graphing,graph-2d,school-interactive-lab,family,lesson-preset,family-specific,needs-review,P1,available,applicable-missing,applicable-missing,applicable-missing,applicable-missing,not-applicable,applicable-missing,applicable-missing,Read the core idea for Focus-Directrix Definition. Inspect the visual or symbolic model. Answer the quick check. Choose the next resource.
phase1-class-11-conic-sections-03-ellipse-standard-forms,/lessons/school/class-11/class-11-conic-sections-ellipse-standard-forms,Ellipse Standard Forms,school,Conic Sections,Conic Sections,conic-sections.conic-sections.ellipse-standard-forms,CONCEPT,learn,graphing,graph-2d,school-interactive-lab,family,lesson-preset,family-specific,needs-review,P1,available,applicable-missing,applicable-missing,applicable-missing,applicable-missing,not-applicable,applicable-missing,applicable-missing,Read the core idea for Ellipse Standard Forms. Inspect the visual or symbolic model. Answer the quick check. Choose the next resource.
phase1-class-11-conic-sections-04-hyperbola-standard-forms,/lessons/school/class-11/class-11-conic-sections-hyperbola-standard-forms,Hyperbola Standard Forms,school,Conic Sections,Conic Sections,conic-sections.conic-sections.hyperbola-standard-forms,CONCEPT,learn,graphing,graph-2d,school-interactive-lab,family,lesson-preset,family-specific,needs-review,P1,available,applicable-missing,applicable-missing,applicable-missing,applicable-missing,not-applicable,applicable-missing,applicable-missing,Read the core idea for Hyperbola Standard Forms. Inspect the visual or symbolic model. Answer the quick check. Choose the next resource.
phase1-class-11-conic-sections-05-eccentricity,/lessons/school/class-11/class-11-conic-sections-eccentricity,Eccentricity,school,Conic Sections,Conic Sections,conic-sections.conic-sections.eccentricity,CONCEPT,learn,graphing,graph-2d,school-interactive-lab,family,lesson-preset,family-specific,needs-review,P1,available,applicable-missing,applicable-missing,applicable-missing,applicable-missing,not-applicable,applicable-missing,applicable-missing,Read the core idea for Eccentricity. Inspect the visual or symbolic model. Answer the quick check. Choose the next resource.
phase1-class-11-conic-sections-06-parametric-coordinates,/lessons/school/class-11/class-11-conic-sections-parametric-coordinates,Parametric Coordinates,school,Conic Sections,Conic Sections,conic-sections.conic-sections.parametric-coordinates,CONCEPT,learn,construction,geometry-2d,school-interactive-lab,family,lesson-preset,family-specific,needs-review,P1,available,applicable-missing,applicable-missing,applicable-missing,applicable-missing,not-applicable,applicable-missing,applicable-missing,Read the core idea for Parametric Coordinates. Inspect the visual or symbolic model. Answer the quick check. Choose the next resource.
phase1-class-11-conic-sections-07-tangent-to-a-parabola,/lessons/school/class-11/class-11-conic-sections-tangent-to-a-parabola,Tangent to a Parabola,school,Conic Sections,Conic Sections,conic-sections.conic-sections.tangent-to-a-parabola,PROOF,visual-proof,construction|open-response,geometry-2d,school-interactive-lab,family,theorem-specific,family-specific,needs-review,P0,applicable-missing,applicable-missing,applicable-missing,applicable-missing,applicable-missing,available,applicable-missing,applicable-missing,Priority theorem-specific visual proof remediation required.
phase1-class-11-conic-sections-08-normal-to-a-parabola,/lessons/school/class-11/class-11-conic-sections-normal-to-a-parabola,Normal to a Parabola,school,Conic Sections,Conic Sections,conic-sections.conic-sections.normal-to-a-parabola,CONCEPT,learn,graphing,graph-2d,school-interactive-lab,family,lesson-preset,family-specific,needs-review,P1,available,applicable-missing,applicable-missing,applicable-missing,applicable-missing,not-applicable,applicable-missing,applicable-missing,Read the core idea for Normal to a Parabola. Inspect the visual or symbolic model. Answer the quick check. Choose the next resource.
phase1-class-11-conic-sections-09-tangent-to-an-ellipse,/lessons/school/class-11/class-11-conic-sections-tangent-to-an-ellipse,Tangent to an Ellipse,school,Conic Sections,Conic Sections,conic-sections.conic-sections.tangent-to-an-ellipse,PROOF,visual-proof,construction|open-response,geometry-2d,school-interactive-lab,family,theorem-specific,family-specific,needs-review,P0,applicable-missing,applicable-missing,applicable-missing,applicable-missing,applicable-missing,available,applicable-missing,applicable-missing,Priority theorem-specific visual proof remediation required.
phase1-class-11-conic-sections-10-tangent-to-a-hyperbola,/lessons/school/class-11/class-11-conic-sections-tangent-to-a-hyperbola,Tangent to a Hyperbola,school,Conic Sections,Conic Sections,conic-sections.conic-sections.tangent-to-a-hyperbola,PROOF,visual-proof,construction|open-response,geometry-2d,school-interactive-lab,family,theorem-specific,family-specific,needs-review,P0,applicable-missing,applicable-missing,applicable-missing,applicable-missing,applicable-missing,available,applicable-missing,applicable-missing,Priority theorem-specific visual proof remediation required.
phase1-class-11-conic-sections-11-conic-identification-from-general-equation,/lessons/school/class-11/class-11-conic-sections-conic-identification-from-general-equation,Conic Identification from General Equation,school,Conic Sections,Conic Sections,conic-sections.conic-sections.conic-identification-from-general-equation,CONCEPT,learn,cas,cas-data,school-interactive-lab,family,lesson-preset,family-specific,needs-review,P1,available,applicable-missing,applicable-missing,applicable-missing,applicable-missing,not-applicable,applicable-missing,applicable-missing,Read the core idea for Conic Identification from General Equation. Inspect the visual or symbolic model. Answer the quick check. Choose the next resource.
phase1-class-12-three-dimensional-geometry-01-direction-ratios,/lessons/school/class-12/class-12-three-dimensional-geometry-direction-ratios,Direction Ratios,school,Three-Dimensional Geometry,Three-Dimensional Geometry,three-dimensional-geometry.three-dimensional-geometry.direction-ratios,CONCEPT,learn,construction,geometry-2d,school-interactive-lab,family,lesson-preset,family-specific,needs-review,P1,available,applicable-missing,applicable-missing,applicable-missing,applicable-missing,not-applicable,applicable-missing,applicable-missing,Read the core idea for Direction Ratios. Inspect the visual or symbolic model. Answer the quick check. Choose the next resource.
phase1-class-12-three-dimensional-geometry-02-direction-cosines,/lessons/school/class-12/class-12-three-dimensional-geometry-direction-cosines,Direction Cosines,school,Three-Dimensional Geometry,Three-Dimensional Geometry,three-dimensional-geometry.three-dimensional-geometry.direction-cosines,CONCEPT,learn,construction,geometry-2d,school-interactive-lab,family,lesson-preset,family-specific,needs-review,P1,available,applicable-missing,applicable-missing,applicable-missing,applicable-missing,not-applicable,applicable-missing,applicable-missing,Read the core idea for Direction Cosines. Inspect the visual or symbolic model. Answer the quick check. Choose the next resource.
phase1-class-12-three-dimensional-geometry-03-line-through-two-points-in-3d,/lessons/school/class-12/class-12-three-dimensional-geometry-line-through-two-points-in-3d,Line Through Two Points in 3D,school,Three-Dimensional Geometry,Three-Dimensional Geometry,three-dimensional-geometry.three-dimensional-geometry.line-through-two-points-in-3d,CONCEPT,learn,construction|3d|drag-and-observe,geometry-3d,school-interactive-lab,family,lesson-preset,family-specific,needs-review,P1,available,applicable-missing,applicable-missing,applicable-missing,applicable-missing,not-applicable,applicable-missing,applicable-missing,Predict what will change. Drag or adjust one control. Observe the exact output. Explain the relationship.
phase1-class-12-three-dimensional-geometry-04-vector-equation-of-a-line,/lessons/school/class-12/class-12-three-dimensional-geometry-vector-equation-of-a-line,Vector Equation of a Line,school,Three-Dimensional Geometry,Three-Dimensional Geometry,three-dimensional-geometry.three-dimensional-geometry.vector-equation-of-a-line,CONCEPT,learn,construction,geometry-2d,school-interactive-lab,family,lesson-preset,family-specific,needs-review,P1,available,applicable-missing,applicable-missing,applicable-missing,applicable-missing,not-applicable,applicable-missing,applicable-missing,Read the core idea for Vector Equation of a Line. Inspect the visual or symbolic model. Answer the quick check. Choose the next resource.
phase1-class-12-three-dimensional-geometry-05-cartesian-equation-of-a-line,/lessons/school/class-12/class-12-three-dimensional-geometry-cartesian-equation-of-a-line,Cartesian Equation of a Line,school,Three-Dimensional Geometry,Three-Dimensional Geometry,three-dimensional-geometry.three-dimensional-geometry.cartesian-equation-of-a-line,CONCEPT,learn,construction,geometry-2d,school-interactive-lab,family,lesson-preset,family-specific,needs-review,P1,available,applicable-missing,applicable-missing,applicable-missing,applicable-missing,not-applicable,applicable-missing,applicable-missing,Read the core idea for Cartesian Equation of a Line. Inspect the visual or symbolic model. Answer the quick check. Choose the next resource.
phase1-class-12-three-dimensional-geometry-06-skew-lines,/lessons/school/class-12/class-12-three-dimensional-geometry-skew-lines,Skew Lines,school,Three-Dimensional Geometry,Three-Dimensional Geometry,three-dimensional-geometry.three-dimensional-geometry.skew-lines,CONCEPT,learn,construction,geometry-2d,school-interactive-lab,family,lesson-preset,family-specific,needs-review,P1,available,applicable-missing,applicable-missing,applicable-missing,applicable-missing,not-applicable,applicable-missing,applicable-missing,Read the core idea for Skew Lines. Inspect the visual or symbolic model. Answer the quick check. Choose the next resource.
phase1-class-12-three-dimensional-geometry-07-shortest-distance-between-lines,/lessons/school/class-12/class-12-three-dimensional-geometry-shortest-distance-between-lines,Shortest Distance Between Lines,school,Three-Dimensional Geometry,Three-Dimensional Geometry,three-dimensional-geometry.three-dimensional-geometry.shortest-distance-between-lines,CONCEPT,assessment,construction,geometry-2d,school-interactive-lab,family,lesson-preset,family-specific,needs-review,P1,applicable-missing,applicable-missing,applicable-missing,applicable-missing,applicable-missing,not-applicable,available,applicable-missing,Complete mixed items. Submit once ready. Review skill-level feedback. Open remediation links.
phase1-class-12-three-dimensional-geometry-08-plane-equation,/lessons/school/class-12/class-12-three-dimensional-geometry-plane-equation,Plane Equation,school,Three-Dimensional Geometry,Three-Dimensional Geometry,three-dimensional-geometry.three-dimensional-geometry.plane-equation,CONCEPT,learn,construction|3d,geometry-3d,school-interactive-lab,family,lesson-preset,family-specific,needs-review,P1,available,applicable-missing,applicable-missing,applicable-missing,applicable-missing,not-applicable,applicable-missing,applicable-missing,Read the core idea for Plane Equation. Inspect the visual or symbolic model. Answer the quick check. Choose the next resource.
phase1-class-12-three-dimensional-geometry-09-point-normal-form,/lessons/school/class-12/class-12-three-dimensional-geometry-point-normal-form,Point-Normal Form,school,Three-Dimensional Geometry,Three-Dimensional Geometry,three-dimensional-geometry.three-dimensional-geometry.point-normal-form,CONCEPT,learn,construction|drag-and-observe,geometry-2d,school-interactive-lab,family,lesson-preset,family-specific,needs-review,P1,available,applicable-missing,applicable-missing,applicable-missing,applicable-missing,not-applicable,applicable-missing,applicable-missing,Predict what will change. Drag or adjust one control. Observe the exact output. Explain the relationship.
phase1-class-12-three-dimensional-geometry-10-intercept-form-of-a-plane,/lessons/school/class-12/class-12-three-dimensional-geometry-intercept-form-of-a-plane,Intercept Form of a Plane,school,Three-Dimensional Geometry,Three-Dimensional Geometry,three-dimensional-geometry.three-dimensional-geometry.intercept-form-of-a-plane,CONCEPT,learn,construction|3d,geometry-3d,school-interactive-lab,family,lesson-preset,family-specific,needs-review,P1,available,applicable-missing,applicable-missing,applicable-missing,applicable-missing,not-applicable,applicable-missing,applicable-missing,Read the core idea for Intercept Form of a Plane. Inspect the visual or symbolic model. Answer the quick check. Choose the next resource.
phase1-class-12-three-dimensional-geometry-11-distance-from-point-to-plane,/lessons/school/class-12/class-12-three-dimensional-geometry-distance-from-point-to-plane,Distance from Point to Plane,school,Three-Dimensional Geometry,Three-Dimensional Geometry,three-dimensional-geometry.three-dimensional-geometry.distance-from-point-to-plane,CONCEPT,learn,construction|3d|drag-and-observe,geometry-3d,school-interactive-lab,family,lesson-preset,family-specific,needs-review,P1,available,applicable-missing,applicable-missing,applicable-missing,applicable-missing,not-applicable,applicable-missing,applicable-missing,Predict what will change. Drag or adjust one control. Observe the exact output. Explain the relationship.
phase1-class-12-three-dimensional-geometry-12-angle-between-two-planes,/lessons/school/class-12/class-12-three-dimensional-geometry-angle-between-two-planes,Angle Between Two Planes,school,Three-Dimensional Geometry,Three-Dimensional Geometry,three-dimensional-geometry.three-dimensional-geometry.angle-between-two-planes,VISUAL_EXPLORATION,explore,construction|3d,geometry-3d,school-interactive-lab,family,lesson-preset,family-specific,needs-review,P1,applicable-missing,available,applicable-missing,applicable-missing,applicable-missing,not-applicable,applicable-missing,applicable-missing,Read the core idea for Angle Between Two Planes. Inspect the visual or symbolic model. Answer the quick check. Choose the next resource.
phase1-class-12-three-dimensional-geometry-13-angle-between-line-and-plane,/lessons/school/class-12/class-12-three-dimensional-geometry-angle-between-line-and-plane,Angle Between Line and Plane,school,Three-Dimensional Geometry,Three-Dimensional Geometry,three-dimensional-geometry.three-dimensional-geometry.angle-between-line-and-plane,VISUAL_EXPLORATION,explore,construction|3d,geometry-3d,school-interactive-lab,family,lesson-preset,family-specific,needs-review,P1,applicable-missing,available,applicable-missing,applicable-missing,applicable-missing,not-applicable,applicable-missing,applicable-missing,Read the core idea for Angle Between Line and Plane. Inspect the visual or symbolic model. Answer the quick check. Choose the next resource.
phase1-class-12-formal-calculus-01-left-hand-and-right-hand-limits,/lessons/school/class-12/class-12-formal-calculus-left-hand-and-right-hand-limits,Left-Hand and Right-Hand Limits,school,Formal Calculus,Formal Calculus,formal-calculus.formal-calculus.left-hand-and-right-hand-limits,CONCEPT,learn,open-response,none,school-interactive-lab,family,lesson-preset,family-specific,needs-review,P1,available,applicable-missing,applicable-missing,optional,not-applicable,not-applicable,applicable-missing,applicable-missing,Read the core idea for Left-Hand and Right-Hand Limits. Inspect the visual or symbolic model. Answer the quick check. Choose the next resource.
phase1-class-12-formal-calculus-02-continuity-at-a-point,/lessons/school/class-12/class-12-formal-calculus-continuity-at-a-point,Continuity at a Point,school,Formal Calculus,Formal Calculus,formal-calculus.formal-calculus.continuity-at-a-point,CONCEPT,learn,drag-and-observe,none,school-interactive-lab,family,lesson-preset,family-specific,needs-review,P1,available,applicable-missing,applicable-missing,optional,not-applicable,not-applicable,applicable-missing,applicable-missing,Predict what will change. Drag or adjust one control. Observe the exact output. Explain the relationship.
phase1-class-12-formal-calculus-03-continuity-on-an-interval,/lessons/school/class-12/class-12-formal-calculus-continuity-on-an-interval,Continuity on an Interval,school,Formal Calculus,Formal Calculus,formal-calculus.formal-calculus.continuity-on-an-interval,CONCEPT,learn,open-response,none,school-interactive-lab,family,lesson-preset,family-specific,needs-review,P1,available,applicable-missing,applicable-missing,optional,not-applicable,not-applicable,applicable-missing,applicable-missing,Read the core idea for Continuity on an Interval. Inspect the visual or symbolic model. Answer the quick check. Choose the next resource.
phase1-class-12-formal-calculus-04-removable-discontinuity,/lessons/school/class-12/class-12-formal-calculus-removable-discontinuity,Removable Discontinuity,school,Formal Calculus,Formal Calculus,formal-calculus.formal-calculus.removable-discontinuity,CONCEPT,learn,open-response,none,school-interactive-lab,family,lesson-preset,family-specific,needs-review,P1,available,applicable-missing,applicable-missing,optional,not-applicable,not-applicable,applicable-missing,applicable-missing,Read the core idea for Removable Discontinuity. Inspect the visual or symbolic model. Answer the quick check. Choose the next resource.
phase1-class-12-formal-calculus-05-jump-discontinuity,/lessons/school/class-12/class-12-formal-calculus-jump-discontinuity,Jump Discontinuity,school,Formal Calculus,Formal Calculus,formal-calculus.formal-calculus.jump-discontinuity,CONCEPT,learn,open-response,none,school-interactive-lab,family,lesson-preset,family-specific,needs-review,P1,available,applicable-missing,applicable-missing,optional,not-applicable,not-applicable,applicable-missing,applicable-missing,Read the core idea for Jump Discontinuity. Inspect the visual or symbolic model. Answer the quick check. Choose the next resource.
phase1-class-12-formal-calculus-06-infinite-discontinuity,/lessons/school/class-12/class-12-formal-calculus-infinite-discontinuity,Infinite Discontinuity,school,Formal Calculus,Formal Calculus,formal-calculus.formal-calculus.infinite-discontinuity,CONCEPT,learn,open-response,none,school-interactive-lab,family,lesson-preset,family-specific,needs-review,P1,available,applicable-missing,applicable-missing,optional,not-applicable,not-applicable,applicable-missing,applicable-missing,Read the core idea for Infinite Discontinuity. Inspect the visual or symbolic model. Answer the quick check. Choose the next resource.
phase1-class-12-formal-calculus-07-differentiability-versus-continuity,/lessons/school/class-12/class-12-formal-calculus-differentiability-versus-continuity,Differentiability versus Continuity,school,Formal Calculus,Formal Calculus,formal-calculus.formal-calculus.differentiability-versus-continuity,CONCEPT,learn,open-response,none,school-interactive-lab,family,lesson-preset,family-specific,needs-review,P1,available,applicable-missing,applicable-missing,optional,not-applicable,not-applicable,applicable-missing,applicable-missing,Read the core idea for Differentiability versus Continuity. Inspect the visual or symbolic model. Answer the quick check. Choose the next resource.
phase1-class-12-formal-calculus-08-rolle-s-theorem,/lessons/school/class-12/class-12-formal-calculus-rolle-s-theorem,Rolle's Theorem,school,Formal Calculus,Formal Calculus,formal-calculus.formal-calculus.rolle-s-theorem,PROOF,visual-proof,open-response,none,school-interactive-lab,family,theorem-specific,family-specific,needs-review,P0,applicable-missing,applicable-missing,applicable-missing,optional,not-applicable,available,applicable-missing,applicable-missing,Priority theorem-specific visual proof remediation required.
phase1-class-12-formal-calculus-09-lagrange-mean-value-theorem,/lessons/school/class-12/class-12-formal-calculus-lagrange-mean-value-theorem,Lagrange Mean Value Theorem,school,Formal Calculus,Formal Calculus,formal-calculus.formal-calculus.lagrange-mean-value-theorem,PROOF,visual-proof,open-response,none,school-interactive-lab,family,theorem-specific,family-specific,needs-review,P0,applicable-missing,applicable-missing,applicable-missing,optional,not-applicable,available,applicable-missing,applicable-missing,Priority theorem-specific visual proof remediation required.
phase1-class-12-formal-calculus-10-rate-of-change,/lessons/school/class-12/class-12-formal-calculus-rate-of-change,Rate of Change,school,Formal Calculus,Formal Calculus,formal-calculus.formal-calculus.rate-of-change,CONCEPT,learn,slider,none,school-interactive-lab,family,lesson-preset,family-specific,needs-review,P1,available,applicable-missing,applicable-missing,optional,not-applicable,not-applicable,applicable-missing,applicable-missing,Predict what will change. Drag or adjust one control. Observe the exact output. Explain the relationship.
phase1-class-12-formal-calculus-11-tangents-and-normals,/lessons/school/class-12/class-12-formal-calculus-tangents-and-normals,Tangents and Normals,school,Formal Calculus,Formal Calculus,formal-calculus.formal-calculus.tangents-and-normals,PROOF,visual-proof,construction|open-response,geometry-2d,school-interactive-lab,family,theorem-specific,family-specific,needs-review,P0,applicable-missing,applicable-missing,applicable-missing,applicable-missing,applicable-missing,available,applicable-missing,applicable-missing,Priority theorem-specific visual proof remediation required.
phase1-class-12-formal-calculus-12-increasing-and-decreasing-functions,/lessons/school/class-12/class-12-formal-calculus-increasing-and-decreasing-functions,Increasing and Decreasing Functions,school,Formal Calculus,Formal Calculus,formal-calculus.formal-calculus.increasing-and-decreasing-functions,CONCEPT,learn,graphing,graph-2d,school-interactive-lab,family,lesson-preset,family-specific,needs-review,P1,available,applicable-missing,applicable-missing,applicable-missing,applicable-missing,not-applicable,applicable-missing,applicable-missing,Read the core idea for Increasing and Decreasing Functions. Inspect the visual or symbolic model. Answer the quick check. Choose the next resource.
phase1-class-12-formal-calculus-13-local-maxima-and-minima,/lessons/school/class-12/class-12-formal-calculus-local-maxima-and-minima,Local Maxima and Minima,school,Formal Calculus,Formal Calculus,formal-calculus.formal-calculus.local-maxima-and-minima,CONCEPT,learn,open-response,none,school-interactive-lab,family,lesson-preset,family-specific,needs-review,P1,available,applicable-missing,applicable-missing,optional,not-applicable,not-applicable,applicable-missing,applicable-missing,Read the core idea for Local Maxima and Minima. Inspect the visual or symbolic model. Answer the quick check. Choose the next resource.
phase1-class-12-formal-calculus-14-absolute-maxima-and-minima,/lessons/school/class-12/class-12-formal-calculus-absolute-maxima-and-minima,Absolute Maxima and Minima,school,Formal Calculus,Formal Calculus,formal-calculus.formal-calculus.absolute-maxima-and-minima,CONCEPT,learn,open-response,none,school-interactive-lab,family,lesson-preset,family-specific,needs-review,P1,available,applicable-missing,applicable-missing,optional,not-applicable,not-applicable,applicable-missing,applicable-missing,Read the core idea for Absolute Maxima and Minima. Inspect the visual or symbolic model. Answer the quick check. Choose the next resource.
phase1-class-12-formal-calculus-15-approximation-using-differentials,/lessons/school/class-12/class-12-formal-calculus-approximation-using-differentials,Approximation Using Differentials,school,Formal Calculus,Formal Calculus,formal-calculus.formal-calculus.approximation-using-differentials,CONCEPT,learn,open-response,none,school-interactive-lab,family,lesson-preset,family-specific,needs-review,P1,available,applicable-missing,applicable-missing,optional,not-applicable,not-applicable,applicable-missing,applicable-missing,Read the core idea for Approximation Using Differentials. Inspect the visual or symbolic model. Answer the quick check. Choose the next resource.
phase1-class-12-formal-calculus-16-integration-by-substitution,/lessons/school/class-12/class-12-formal-calculus-integration-by-substitution,Integration by Substitution,school,Formal Calculus,Formal Calculus,formal-calculus.formal-calculus.integration-by-substitution,CONCEPT,learn,numeric-answer,none,school-interactive-lab,family,lesson-preset,family-specific,needs-review,P1,available,applicable-missing,applicable-missing,optional,not-applicable,not-applicable,applicable-missing,applicable-missing,Read the core idea for Integration by Substitution. Inspect the visual or symbolic model. Answer the quick check. Choose the next resource.
phase1-class-12-formal-calculus-17-integration-by-parts,/lessons/school/class-12/class-12-formal-calculus-integration-by-parts,Integration by Parts,school,Formal Calculus,Formal Calculus,formal-calculus.formal-calculus.integration-by-parts,CONCEPT,learn,numeric-answer,none,school-interactive-lab,family,lesson-preset,family-specific,needs-review,P1,available,applicable-missing,applicable-missing,optional,not-applicable,not-applicable,applicable-missing,applicable-missing,Read the core idea for Integration by Parts. Inspect the visual or symbolic model. Answer the quick check. Choose the next resource.
phase1-class-12-formal-calculus-18-integration-by-partial-fractions,/lessons/school/class-12/class-12-formal-calculus-integration-by-partial-fractions,Integration by Partial Fractions,school,Formal Calculus,Formal Calculus,formal-calculus.formal-calculus.integration-by-partial-fractions,CONCEPT,learn,numeric-answer,none,school-interactive-lab,family,lesson-preset,family-specific,needs-review,P1,available,applicable-missing,applicable-missing,optional,not-applicable,not-applicable,applicable-missing,applicable-missing,Read the core idea for Integration by Partial Fractions. Inspect the visual or symbolic model. Answer the quick check. Choose the next resource.
phase1-class-12-formal-calculus-19-definite-integral-properties,/lessons/school/class-12/class-12-formal-calculus-definite-integral-properties,Definite Integral Properties,school,Formal Calculus,Formal Calculus,formal-calculus.formal-calculus.definite-integral-properties,CONCEPT,learn,cas,cas-data,school-interactive-lab,family,lesson-preset,family-specific,needs-review,P1,available,applicable-missing,applicable-missing,applicable-missing,applicable-missing,not-applicable,applicable-missing,applicable-missing,Read the core idea for Definite Integral Properties. Inspect the visual or symbolic model. Answer the quick check. Choose the next resource.
phase1-class-12-formal-calculus-20-area-under-a-curve,/lessons/school/class-12/class-12-formal-calculus-area-under-a-curve,Area Under a Curve,school,Formal Calculus,Formal Calculus,formal-calculus.formal-calculus.area-under-a-curve,CONCEPT,learn,graphing,graph-2d,school-interactive-lab,family,lesson-preset,family-specific,needs-review,P1,available,applicable-missing,applicable-missing,applicable-missing,applicable-missing,not-applicable,applicable-missing,applicable-missing,Read the core idea for Area Under a Curve. Inspect the visual or symbolic model. Answer the quick check. Choose the next resource.
phase1-class-12-formal-calculus-21-area-between-curves,/lessons/school/class-12/class-12-formal-calculus-area-between-curves,Area Between Curves,school,Formal Calculus,Formal Calculus,formal-calculus.formal-calculus.area-between-curves,CONCEPT,learn,graphing,graph-2d,school-interactive-lab,family,lesson-preset,family-specific,needs-review,P1,available,applicable-missing,applicable-missing,applicable-missing,applicable-missing,not-applicable,applicable-missing,applicable-missing,Read the core idea for Area Between Curves. Inspect the visual or symbolic model. Answer the quick check. Choose the next resource.
phase1-class-12-differential-equations-01-formation-of-differential-equations,/lessons/school/class-12/class-12-differential-equations-formation-of-differential-equations,Formation of Differential Equations,school,Differential Equations,Differential Equations,differential-equations.differential-equations.formation-of-differential-equations,CONCEPT,learn,cas,cas-data,school-interactive-lab,family,lesson-preset,family-specific,needs-review,P1,available,applicable-missing,applicable-missing,applicable-missing,applicable-missing,not-applicable,applicable-missing,applicable-missing,Read the core idea for Formation of Differential Equations. Inspect the visual or symbolic model. Answer the quick check. Choose the next resource.
phase1-class-12-differential-equations-02-order-and-degree,/lessons/school/class-12/class-12-differential-equations-order-and-degree,Order and Degree,school,Differential Equations,Differential Equations,differential-equations.differential-equations.order-and-degree,CONCEPT,learn,cas,cas-data,school-interactive-lab,family,lesson-preset,family-specific,needs-review,P1,available,applicable-missing,applicable-missing,applicable-missing,applicable-missing,not-applicable,applicable-missing,applicable-missing,Read the core idea for Order and Degree. Inspect the visual or symbolic model. Answer the quick check. Choose the next resource.
phase1-class-12-differential-equations-03-variable-separable-equations,/lessons/school/class-12/class-12-differential-equations-variable-separable-equations,Variable-Separable Equations,school,Differential Equations,Differential Equations,differential-equations.differential-equations.variable-separable-equations,CONCEPT,learn,cas,cas-data,school-interactive-lab,family,lesson-preset,family-specific,needs-review,P1,available,applicable-missing,applicable-missing,applicable-missing,applicable-missing,not-applicable,applicable-missing,applicable-missing,Read the core idea for Variable-Separable Equations. Inspect the visual or symbolic model. Answer the quick check. Choose the next resource.
phase1-class-12-differential-equations-04-homogeneous-first-order-equations,/lessons/school/class-12/class-12-differential-equations-homogeneous-first-order-equations,Homogeneous First-Order Equations,school,Differential Equations,Differential Equations,differential-equations.differential-equations.homogeneous-first-order-equations,CONCEPT,learn,cas,cas-data,school-interactive-lab,family,lesson-preset,family-specific,needs-review,P1,available,applicable-missing,applicable-missing,applicable-missing,applicable-missing,not-applicable,applicable-missing,applicable-missing,Read the core idea for Homogeneous First-Order Equations. Inspect the visual or symbolic model. Answer the quick check. Choose the next resource.
phase1-class-12-differential-equations-05-linear-first-order-equations,/lessons/school/class-12/class-12-differential-equations-linear-first-order-equations,Linear First-Order Equations,school,Differential Equations,Differential Equations,differential-equations.differential-equations.linear-first-order-equations,CONCEPT,learn,cas,cas-data,school-interactive-lab,family,lesson-preset,family-specific,needs-review,P1,available,applicable-missing,applicable-missing,applicable-missing,applicable-missing,not-applicable,applicable-missing,applicable-missing,Read the core idea for Linear First-Order Equations. Inspect the visual or symbolic model. Answer the quick check. Choose the next resource.
phase1-class-12-differential-equations-06-general-and-particular-solutions,/lessons/school/class-12/class-12-differential-equations-general-and-particular-solutions,General and Particular Solutions,school,Differential Equations,Differential Equations,differential-equations.differential-equations.general-and-particular-solutions,CONCEPT,learn,cas,cas-data,school-interactive-lab,family,lesson-preset,family-specific,needs-review,P1,available,applicable-missing,applicable-missing,applicable-missing,applicable-missing,not-applicable,applicable-missing,applicable-missing,Read the core idea for General and Particular Solutions. Inspect the visual or symbolic model. Answer the quick check. Choose the next resource.
phase1-class-12-differential-equations-07-direction-fields,/lessons/school/class-12/class-12-differential-equations-direction-fields,Direction Fields,school,Differential Equations,Differential Equations,differential-equations.differential-equations.direction-fields,CONCEPT,learn,cas,cas-data,school-interactive-lab,family,lesson-preset,family-specific,needs-review,P1,available,applicable-missing,applicable-missing,applicable-missing,applicable-missing,not-applicable,applicable-missing,applicable-missing,Read the core idea for Direction Fields. Inspect the visual or symbolic model. Answer the quick check. Choose the next resource.
phase1-class-12-matrices-and-determinants-01-minors-and-cofactors,/lessons/school/class-12/class-12-matrices-and-determinants-minors-and-cofactors,Minors and Cofactors,school,Matrices and Determinants,Matrices and Determinants,matrices-and-determinants.matrices-and-determinants.minors-and-cofactors,CONCEPT,learn,cas,cas-data,school-interactive-lab,family,lesson-preset,family-specific,needs-review,P1,available,applicable-missing,applicable-missing,applicable-missing,applicable-missing,not-applicable,applicable-missing,applicable-missing,Read the core idea for Minors and Cofactors. Inspect the visual or symbolic model. Answer the quick check. Choose the next resource.
phase1-class-12-matrices-and-determinants-02-adjoint-of-a-matrix,/lessons/school/class-12/class-12-matrices-and-determinants-adjoint-of-a-matrix,Adjoint of a Matrix,school,Matrices and Determinants,Matrices and Determinants,matrices-and-determinants.matrices-and-determinants.adjoint-of-a-matrix,CONCEPT,learn,cas,cas-data,school-interactive-lab,family,lesson-preset,family-specific,needs-review,P1,available,applicable-missing,applicable-missing,applicable-missing,applicable-missing,not-applicable,applicable-missing,applicable-missing,Read the core idea for Adjoint of a Matrix. Inspect the visual or symbolic model. Answer the quick check. Choose the next resource.
phase1-class-12-matrices-and-determinants-03-inverse-by-adjoint,/lessons/school/class-12/class-12-matrices-and-determinants-inverse-by-adjoint,Inverse by Adjoint,school,Matrices and Determinants,Matrices and Determinants,matrices-and-determinants.matrices-and-determinants.inverse-by-adjoint,CONCEPT,learn,cas,cas-data,school-interactive-lab,family,lesson-preset,family-specific,needs-review,P1,available,applicable-missing,applicable-missing,applicable-missing,applicable-missing,not-applicable,applicable-missing,applicable-missing,Read the core idea for Inverse by Adjoint. Inspect the visual or symbolic model. Answer the quick check. Choose the next resource.
phase1-class-12-matrices-and-determinants-04-determinants-and-geometric-area,/lessons/school/class-12/class-12-matrices-and-determinants-determinants-and-geometric-area,Determinants and Geometric Area,school,Matrices and Determinants,Matrices and Determinants,matrices-and-determinants.matrices-and-determinants.determinants-and-geometric-area,CONCEPT,learn,cas,cas-data,school-interactive-lab,family,lesson-preset,family-specific,needs-review,P1,available,applicable-missing,applicable-missing,applicable-missing,applicable-missing,applicable-missing,applicable-missing,applicable-missing,Read the core idea for Determinants and Geometric Area. Inspect the visual or symbolic model. Answer the quick check. Choose the next resource.
phase1-class-12-matrices-and-determinants-05-solving-linear-equations-by-matrices,/lessons/school/class-12/class-12-matrices-and-determinants-solving-linear-equations-by-matrices,Solving Linear Equations by Matrices,school,Matrices and Determinants,Matrices and Determinants,matrices-and-determinants.matrices-and-determinants.solving-linear-equations-by-matrices,CONCEPT,learn,cas,cas-data,school-interactive-lab,family,lesson-preset,family-specific,needs-review,P1,available,applicable-missing,applicable-missing,applicable-missing,applicable-missing,not-applicable,applicable-missing,applicable-missing,Read the core idea for Solving Linear Equations by Matrices. Inspect the visual or symbolic model. Answer the quick check. Choose the next resource.
phase1-class-12-matrices-and-determinants-06-cramer-s-rule,/lessons/school/class-12/class-12-matrices-and-determinants-cramer-s-rule,Cramer's Rule,school,Matrices and Determinants,Matrices and Determinants,matrices-and-determinants.matrices-and-determinants.cramer-s-rule,CONCEPT,learn,cas,cas-data,school-interactive-lab,family,lesson-preset,family-specific,needs-review,P1,available,applicable-missing,applicable-missing,applicable-missing,applicable-missing,not-applicable,applicable-missing,applicable-missing,Read the core idea for Cramer's Rule. Inspect the visual or symbolic model. Answer the quick check. Choose the next resource.
phase1-class-12-matrices-and-determinants-07-consistency-of-linear-systems,/lessons/school/class-12/class-12-matrices-and-determinants-consistency-of-linear-systems,Consistency of Linear Systems,school,Matrices and Determinants,Matrices and Determinants,matrices-and-determinants.matrices-and-determinants.consistency-of-linear-systems,CONCEPT,learn,cas,cas-data,school-interactive-lab,family,lesson-preset,family-specific,needs-review,P1,available,applicable-missing,applicable-missing,applicable-missing,applicable-missing,not-applicable,applicable-missing,applicable-missing,Read the core idea for Consistency of Linear Systems. Inspect the visual or symbolic model. Answer the quick check. Choose the next resource.
phase1-class-12-linear-programming-01-formulating-linear-programming-problems,/lessons/school/class-12/class-12-linear-programming-formulating-linear-programming-problems,Formulating Linear Programming Problems,school,Linear Programming,Linear Programming,linear-programming.linear-programming.formulating-linear-programming-problems,PRACTICE,practice,graphing|numeric-answer,graph-2d,school-interactive-lab,family,lesson-preset,family-specific,needs-review,P1,applicable-missing,applicable-missing,available,applicable-missing,applicable-missing,not-applicable,applicable-missing,applicable-missing,Review the method. Answer a deterministic question. Check with visual or symbolic verification. Try another value.
phase1-class-12-linear-programming-02-feasible-region,/lessons/school/class-12/class-12-linear-programming-feasible-region,Feasible Region,school,Linear Programming,Linear Programming,linear-programming.linear-programming.feasible-region,CONCEPT,learn,graphing,graph-2d,school-interactive-lab,family,lesson-preset,family-specific,needs-review,P1,available,applicable-missing,applicable-missing,applicable-missing,applicable-missing,not-applicable,applicable-missing,applicable-missing,Read the core idea for Feasible Region. Inspect the visual or symbolic model. Answer the quick check. Choose the next resource.
phase1-class-12-linear-programming-03-corner-point-method,/lessons/school/class-12/class-12-linear-programming-corner-point-method,Corner-Point Method,school,Linear Programming,Linear Programming,linear-programming.linear-programming.corner-point-method,CONCEPT,learn,graphing|drag-and-observe,graph-2d,school-interactive-lab,family,lesson-preset,family-specific,needs-review,P1,available,applicable-missing,applicable-missing,applicable-missing,applicable-missing,not-applicable,applicable-missing,applicable-missing,Predict what will change. Drag or adjust one control. Observe the exact output. Explain the relationship.
phase1-class-12-linear-programming-04-bounded-feasible-region,/lessons/school/class-12/class-12-linear-programming-bounded-feasible-region,Bounded Feasible Region,school,Linear Programming,Linear Programming,linear-programming.linear-programming.bounded-feasible-region,CONCEPT,learn,graphing,graph-2d,school-interactive-lab,family,lesson-preset,family-specific,needs-review,P1,available,applicable-missing,applicable-missing,applicable-missing,applicable-missing,not-applicable,applicable-missing,applicable-missing,Read the core idea for Bounded Feasible Region. Inspect the visual or symbolic model. Answer the quick check. Choose the next resource.
phase1-class-12-linear-programming-05-unbounded-feasible-region,/lessons/school/class-12/class-12-linear-programming-unbounded-feasible-region,Unbounded Feasible Region,school,Linear Programming,Linear Programming,linear-programming.linear-programming.unbounded-feasible-region,CONCEPT,learn,graphing,graph-2d,school-interactive-lab,family,lesson-preset,family-specific,needs-review,P1,available,applicable-missing,applicable-missing,applicable-missing,applicable-missing,not-applicable,applicable-missing,applicable-missing,Read the core idea for Unbounded Feasible Region. Inspect the visual or symbolic model. Answer the quick check. Choose the next resource.
phase1-class-12-linear-programming-06-multiple-optimal-solutions,/lessons/school/class-12/class-12-linear-programming-multiple-optimal-solutions,Multiple Optimal Solutions,school,Linear Programming,Linear Programming,linear-programming.linear-programming.multiple-optimal-solutions,CONCEPT,learn,graphing,graph-2d,school-interactive-lab,family,lesson-preset,family-specific,needs-review,P1,available,applicable-missing,applicable-missing,applicable-missing,applicable-missing,not-applicable,applicable-missing,applicable-missing,Read the core idea for Multiple Optimal Solutions. Inspect the visual or symbolic model. Answer the quick check. Choose the next resource.
phase1-class-12-linear-programming-07-infeasible-problems,/lessons/school/class-12/class-12-linear-programming-infeasible-problems,Infeasible Problems,school,Linear Programming,Linear Programming,linear-programming.linear-programming.infeasible-problems,PRACTICE,practice,graphing|numeric-answer,graph-2d,school-interactive-lab,family,lesson-preset,family-specific,needs-review,P1,applicable-missing,applicable-missing,available,applicable-missing,applicable-missing,not-applicable,applicable-missing,applicable-missing,Review the method. Answer a deterministic question. Check with visual or symbolic verification. Try another value.
phase1-class-12-linear-programming-08-diet-problem,/lessons/school/class-12/class-12-linear-programming-diet-problem,Diet Problem,school,Linear Programming,Linear Programming,linear-programming.linear-programming.diet-problem,CONCEPT,practice,graphing,graph-2d,school-interactive-lab,family,lesson-preset,family-specific,needs-review,P1,applicable-missing,applicable-missing,available,applicable-missing,applicable-missing,not-applicable,applicable-missing,applicable-missing,Review the method. Answer a deterministic question. Check with visual or symbolic verification. Try another value.
phase1-class-12-linear-programming-09-production-planning-problem,/lessons/school/class-12/class-12-linear-programming-production-planning-problem,Production Planning Problem,school,Linear Programming,Linear Programming,linear-programming.linear-programming.production-planning-problem,CONCEPT,practice,graphing,graph-2d,school-interactive-lab,family,lesson-preset,family-specific,needs-review,P1,applicable-missing,applicable-missing,available,applicable-missing,applicable-missing,not-applicable,applicable-missing,applicable-missing,Review the method. Answer a deterministic question. Check with visual or symbolic verification. Try another value.
phase1-class-12-linear-programming-10-transportation-style-lpp-introduction,/lessons/school/class-12/class-12-linear-programming-transportation-style-lpp-introduction,Transportation-Style LPP Introduction,school,Linear Programming,Linear Programming,linear-programming.linear-programming.transportation-style-lpp-introduction,CONCEPT,learn,graphing,graph-2d,school-interactive-lab,family,lesson-preset,family-specific,needs-review,P1,available,applicable-missing,applicable-missing,applicable-missing,applicable-missing,not-applicable,applicable-missing,applicable-missing,Read the core idea for Transportation-Style LPP Introduction. Inspect the visual or symbolic model. Answer the quick check. Choose the next resource.
phase1-class-12-probability-01-conditional-probability,/lessons/school/class-12/class-12-probability-conditional-probability,Conditional Probability,school,Probability,Probability,probability.probability.conditional-probability,CONCEPT,learn,data-experiment,cas-data,school-interactive-lab,family,lesson-preset,family-specific,needs-review,P1,available,applicable-missing,applicable-missing,applicable-missing,applicable-missing,not-applicable,applicable-missing,applicable-missing,Read the core idea for Conditional Probability. Inspect the visual or symbolic model. Answer the quick check. Choose the next resource.
phase1-class-12-probability-02-multiplication-rule,/lessons/school/class-12/class-12-probability-multiplication-rule,Multiplication Rule,school,Probability,Probability,probability.probability.multiplication-rule,CONCEPT,learn,data-experiment,cas-data,school-interactive-lab,family,lesson-preset,family-specific,needs-review,P1,available,applicable-missing,applicable-missing,applicable-missing,applicable-missing,not-applicable,applicable-missing,applicable-missing,Read the core idea for Multiplication Rule. Inspect the visual or symbolic model. Answer the quick check. Choose the next resource.
phase1-class-12-probability-03-independent-events,/lessons/school/class-12/class-12-probability-independent-events,Independent Events,school,Probability,Probability,probability.probability.independent-events,CONCEPT,learn,data-experiment,cas-data,school-interactive-lab,family,lesson-preset,family-specific,needs-review,P1,available,applicable-missing,applicable-missing,applicable-missing,applicable-missing,not-applicable,applicable-missing,applicable-missing,Read the core idea for Independent Events. Inspect the visual or symbolic model. Answer the quick check. Choose the next resource.
phase1-class-12-probability-04-total-probability-theorem,/lessons/school/class-12/class-12-probability-total-probability-theorem,Total Probability Theorem,school,Probability,Probability,probability.probability.total-probability-theorem,PROOF,visual-proof,data-experiment|open-response,cas-data,school-interactive-lab,family,theorem-specific,family-specific,needs-review,P0,applicable-missing,applicable-missing,applicable-missing,applicable-missing,applicable-missing,available,applicable-missing,applicable-missing,Priority theorem-specific visual proof remediation required.
phase1-class-12-probability-05-bayes-theorem,/lessons/school/class-12/class-12-probability-bayes-theorem,Bayes' Theorem,school,Probability,Probability,probability.probability.bayes-theorem,PROOF,visual-proof,data-experiment|open-response,cas-data,school-interactive-lab,family,theorem-specific,family-specific,needs-review,P0,applicable-missing,applicable-missing,applicable-missing,applicable-missing,applicable-missing,available,applicable-missing,applicable-missing,Priority theorem-specific visual proof remediation required.
phase1-class-12-probability-06-random-variables,/lessons/school/class-12/class-12-probability-random-variables,Random Variables,school,Probability,Probability,probability.probability.random-variables,CONCEPT,learn,data-experiment|simulation,cas-data,school-interactive-lab,family,lesson-preset,family-specific,needs-review,P1,available,applicable-missing,applicable-missing,applicable-missing,applicable-missing,not-applicable,applicable-missing,applicable-missing,Read the core idea for Random Variables. Inspect the visual or symbolic model. Answer the quick check. Choose the next resource.
phase1-class-12-probability-07-probability-distribution-of-a-random-variable,/lessons/school/class-12/class-12-probability-probability-distribution-of-a-random-variable,Probability Distribution of a Random Variable,school,Probability,Probability,probability.probability.probability-distribution-of-a-random-variable,CONCEPT,learn,data-experiment|simulation,cas-data,school-interactive-lab,family,lesson-preset,family-specific,needs-review,P1,available,applicable-missing,applicable-missing,applicable-missing,applicable-missing,not-applicable,applicable-missing,applicable-missing,Read the core idea for Probability Distribution of a Random Variable. Inspect the visual or symbolic model. Answer the quick check. Choose the next resource.
phase1-class-12-probability-08-expected-value,/lessons/school/class-12/class-12-probability-expected-value,Expected Value,school,Probability,Probability,probability.probability.expected-value,CONCEPT,learn,data-experiment,cas-data,school-interactive-lab,family,lesson-preset,family-specific,needs-review,P1,available,applicable-missing,applicable-missing,applicable-missing,applicable-missing,not-applicable,applicable-missing,applicable-missing,Read the core idea for Expected Value. Inspect the visual or symbolic model. Answer the quick check. Choose the next resource.
phase1-class-12-probability-09-variance,/lessons/school/class-12/class-12-probability-variance,Variance,school,Probability,Probability,probability.probability.variance,CONCEPT,learn,data-experiment,cas-data,school-interactive-lab,family,lesson-preset,family-specific,needs-review,P1,available,applicable-missing,applicable-missing,applicable-missing,applicable-missing,not-applicable,applicable-missing,applicable-missing,Read the core idea for Variance. Inspect the visual or symbolic model. Answer the quick check. Choose the next resource.
phase1-class-12-probability-10-bernoulli-trials,/lessons/school/class-12/class-12-probability-bernoulli-trials,Bernoulli Trials,school,Probability,Probability,probability.probability.bernoulli-trials,CONCEPT,learn,data-experiment,cas-data,school-interactive-lab,family,lesson-preset,family-specific,needs-review,P1,available,applicable-missing,applicable-missing,applicable-missing,applicable-missing,not-applicable,applicable-missing,applicable-missing,Read the core idea for Bernoulli Trials. Inspect the visual or symbolic model. Answer the quick check. Choose the next resource.
phase1-class-12-probability-11-binomial-distribution,/lessons/school/class-12/class-12-probability-binomial-distribution,Binomial Distribution,school,Probability,Probability,probability.probability.binomial-distribution,CONCEPT,learn,data-experiment,cas-data,school-interactive-lab,family,lesson-preset,family-specific,needs-review,P1,available,applicable-missing,applicable-missing,applicable-missing,applicable-missing,not-applicable,applicable-missing,applicable-missing,Read the core idea for Binomial Distribution. Inspect the visual or symbolic model. Answer the quick check. Choose the next resource.
advanced-2001,/lessons/advanced-concepts/2001-partial-quotients,Partial Quotients,advanced,Advanced Concepts,Continued Fractions,advanced-concepts.continued-fractions.partial-quotients,advanced concept,learn,cas,cas-data,advanced-interactive-lab,lesson,lesson-preset,lesson-specific,needs-review,P2,available,applicable-missing,applicable-missing,applicable-missing,applicable-missing,not-applicable,applicable-missing,applicable-missing,Advanced resource is concept-specific; numerical approximation outputs need explicit labels where applicable.
advanced-2002,/lessons/advanced-concepts/2002-convergents,Convergents,advanced,Advanced Concepts,Continued Fractions,advanced-concepts.continued-fractions.convergents,advanced concept,learn,cas,cas-data,advanced-interactive-lab,lesson,lesson-preset,lesson-specific,needs-review,P2,available,applicable-missing,applicable-missing,applicable-missing,applicable-missing,not-applicable,applicable-missing,applicable-missing,Advanced resource is concept-specific; numerical approximation outputs need explicit labels where applicable.
advanced-2003,/lessons/advanced-concepts/2003-euclidean-algorithm-continued-fractions,Euclidean Algorithm Link,advanced,Advanced Concepts,Continued Fractions,advanced-concepts.continued-fractions.euclidean-algorithm-link,advanced concept,learn,construction,geometry-2d,advanced-interactive-lab,lesson,lesson-preset,lesson-specific,needs-review,P2,available,applicable-missing,applicable-missing,applicable-missing,applicable-missing,not-applicable,applicable-missing,applicable-missing,Advanced resource is concept-specific; numerical approximation outputs need explicit labels where applicable.
advanced-2004,/lessons/advanced-concepts/2004-best-rational-approximations,Best Rational Approximations,advanced,Advanced Concepts,Continued Fractions,advanced-concepts.continued-fractions.best-rational-approximations,advanced concept,learn,cas,cas-data,advanced-interactive-lab,lesson,lesson-preset,lesson-specific,needs-review,P2,available,applicable-missing,applicable-missing,applicable-missing,applicable-missing,not-applicable,applicable-missing,applicable-missing,Advanced resource is concept-specific; numerical approximation outputs need explicit labels where applicable.
advanced-2005,/lessons/advanced-concepts/2005-periodic-square-root-continued-fractions,Periodic Square Roots,advanced,Advanced Concepts,Continued Fractions,advanced-concepts.continued-fractions.periodic-square-roots,advanced concept,learn,cas,cas-data,advanced-interactive-lab,lesson,lesson-preset,lesson-specific,needs-review,P2,available,applicable-missing,applicable-missing,applicable-missing,applicable-missing,not-applicable,applicable-missing,applicable-missing,Advanced resource is concept-specific; numerical approximation outputs need explicit labels where applicable.
advanced-2006,/lessons/advanced-concepts/2006-collatz-conjecture,Collatz Conjecture,advanced,Advanced Concepts,Famous Problems,advanced-concepts.famous-problems.collatz-conjecture,advanced concept,practice,cas,cas-data,advanced-interactive-lab,lesson,lesson-preset,lesson-specific,needs-review,P2,applicable-missing,applicable-missing,available,applicable-missing,applicable-missing,not-applicable,applicable-missing,applicable-missing,Advanced resource is concept-specific; numerical approximation outputs need explicit labels where applicable.
advanced-2007,/lessons/advanced-concepts/2007-goldbach-conjecture,Goldbach Conjecture,advanced,Advanced Concepts,Famous Problems,advanced-concepts.famous-problems.goldbach-conjecture,advanced concept,practice,cas,cas-data,advanced-interactive-lab,lesson,lesson-preset,lesson-specific,needs-review,P2,applicable-missing,applicable-missing,available,applicable-missing,applicable-missing,not-applicable,applicable-missing,applicable-missing,Advanced resource is concept-specific; numerical approximation outputs need explicit labels where applicable.
advanced-2008,/lessons/advanced-concepts/2008-riemann-hypothesis-primes,Riemann Hypothesis and Primes,advanced,Advanced Concepts,Famous Problems,advanced-concepts.famous-problems.riemann-hypothesis-and-primes,advanced concept,practice,cas,cas-data,advanced-interactive-lab,lesson,lesson-preset,lesson-specific,needs-review-approximation-label,P1,applicable-missing,applicable-missing,available,applicable-missing,applicable-missing,not-applicable,applicable-missing,applicable-missing,Advanced resource is concept-specific; numerical approximation outputs need explicit labels where applicable.
advanced-2009,/lessons/advanced-concepts/2009-fermats-last-theorem,Fermat's Last Theorem,advanced,Advanced Concepts,Famous Problems,advanced-concepts.famous-problems.fermat-s-last-theorem,advanced concept,visual-proof,cas|open-response,cas-data,advanced-interactive-lab,lesson,lesson-preset,lesson-specific,needs-review,P2,applicable-missing,applicable-missing,applicable-missing,applicable-missing,applicable-missing,available,applicable-missing,applicable-missing,Advanced resource is concept-specific; numerical approximation outputs need explicit labels where applicable.
advanced-2010,/lessons/advanced-concepts/2010-four-color-theorem,Four-Color Theorem,advanced,Advanced Concepts,Famous Problems,advanced-concepts.famous-problems.four-color-theorem,advanced concept,visual-proof,cas|open-response,cas-data,advanced-interactive-lab,lesson,lesson-preset,lesson-specific,needs-review,P2,applicable-missing,applicable-missing,applicable-missing,applicable-missing,applicable-missing,available,applicable-missing,applicable-missing,Advanced resource is concept-specific; numerical approximation outputs need explicit labels where applicable.
advanced-2011,/lessons/advanced-concepts/2011-confidence-intervals,Confidence Intervals,advanced,Advanced Concepts,Statistical Inference,advanced-concepts.statistical-inference.confidence-intervals,advanced concept,learn,cas,cas-data,advanced-interactive-lab,lesson,lesson-preset,lesson-specific,needs-review,P2,available,applicable-missing,applicable-missing,applicable-missing,applicable-missing,not-applicable,applicable-missing,applicable-missing,Advanced resource is concept-specific; numerical approximation outputs need explicit labels where applicable.
advanced-2012,/lessons/advanced-concepts/2012-margin-of-error-sample-size,Margin of Error and Sample Size,advanced,Advanced Concepts,Statistical Inference,advanced-concepts.statistical-inference.margin-of-error-and-sample-size,advanced concept,learn,cas,cas-data,advanced-interactive-lab,lesson,lesson-preset,lesson-specific,needs-review,P2,available,applicable-missing,applicable-missing,applicable-missing,applicable-missing,not-applicable,applicable-missing,applicable-missing,Advanced resource is concept-specific; numerical approximation outputs need explicit labels where applicable.
advanced-2013,/lessons/advanced-concepts/2013-hypothesis-tests,Hypothesis Tests,advanced,Advanced Concepts,Statistical Inference,advanced-concepts.statistical-inference.hypothesis-tests,advanced concept,assessment,cas,cas-data,advanced-interactive-lab,lesson,lesson-preset,lesson-specific,needs-review,P2,applicable-missing,applicable-missing,applicable-missing,applicable-missing,applicable-missing,not-applicable,available,applicable-missing,Advanced resource is concept-specific; numerical approximation outputs need explicit labels where applicable.
advanced-2014,/lessons/advanced-concepts/2014-p-values,p-Values,advanced,Advanced Concepts,Statistical Inference,advanced-concepts.statistical-inference.p-values,advanced concept,learn,cas,cas-data,advanced-interactive-lab,lesson,lesson-preset,lesson-specific,needs-review,P2,available,applicable-missing,applicable-missing,applicable-missing,applicable-missing,not-applicable,applicable-missing,applicable-missing,Advanced resource is concept-specific; numerical approximation outputs need explicit labels where applicable.
advanced-2015,/lessons/advanced-concepts/2015-type-i-type-ii-error,Type I and Type II Error,advanced,Advanced Concepts,Statistical Inference,advanced-concepts.statistical-inference.type-i-and-type-ii-error,advanced concept,learn,cas,cas-data,advanced-interactive-lab,lesson,lesson-preset,lesson-specific,needs-review,P2,available,applicable-missing,applicable-missing,applicable-missing,applicable-missing,not-applicable,applicable-missing,applicable-missing,Advanced resource is concept-specific; numerical approximation outputs need explicit labels where applicable.
advanced-2016,/lessons/advanced-concepts/2016-slope-fields,Slope Fields,advanced,Advanced Concepts,Differential Equations,advanced-concepts.differential-equations.slope-fields,advanced concept,learn,cas,cas-data,advanced-interactive-lab,lesson,lesson-preset,lesson-specific,needs-review,P2,available,applicable-missing,applicable-missing,applicable-missing,applicable-missing,not-applicable,applicable-missing,applicable-missing,Advanced resource is concept-specific; numerical approximation outputs need explicit labels where applicable.
advanced-2017,/lessons/advanced-concepts/2017-euler-method,Euler Method,advanced,Advanced Concepts,Differential Equations,advanced-concepts.differential-equations.euler-method,advanced concept,learn,cas,cas-data,advanced-interactive-lab,lesson,lesson-preset,lesson-specific,needs-review,P2,available,applicable-missing,applicable-missing,applicable-missing,applicable-missing,not-applicable,applicable-missing,applicable-missing,Advanced resource is concept-specific; numerical approximation outputs need explicit labels where applicable.
advanced-2018,/lessons/advanced-concepts/2018-growth-decay-ivps,Growth and Decay IVPs,advanced,Advanced Concepts,Differential Equations,advanced-concepts.differential-equations.growth-and-decay-ivps,advanced concept,learn,cas,cas-data,advanced-interactive-lab,lesson,lesson-preset,lesson-specific,needs-review,P2,available,applicable-missing,applicable-missing,applicable-missing,applicable-missing,not-applicable,applicable-missing,applicable-missing,Advanced resource is concept-specific; numerical approximation outputs need explicit labels where applicable.
advanced-2019,/lessons/advanced-concepts/2019-logistic-differential-equation,Logistic Differential Equation,advanced,Advanced Concepts,Differential Equations,advanced-concepts.differential-equations.logistic-differential-equation,advanced concept,learn,cas,cas-data,advanced-interactive-lab,lesson,lesson-preset,lesson-specific,needs-review,P2,available,applicable-missing,applicable-missing,applicable-missing,applicable-missing,not-applicable,applicable-missing,applicable-missing,Advanced resource is concept-specific; numerical approximation outputs need explicit labels where applicable.
advanced-2020,/lessons/advanced-concepts/2020-second-order-oscillator,Second-Order Oscillator,advanced,Advanced Concepts,Differential Equations,advanced-concepts.differential-equations.second-order-oscillator,advanced concept,learn,cas,cas-data,advanced-interactive-lab,lesson,lesson-preset,lesson-specific,needs-review,P2,available,applicable-missing,applicable-missing,applicable-missing,applicable-missing,not-applicable,applicable-missing,applicable-missing,Advanced resource is concept-specific; numerical approximation outputs need explicit labels where applicable.
advanced-2021,/lessons/advanced-concepts/2021-gamma-function,Gamma Function,advanced,Advanced Concepts,Special Functions,advanced-concepts.special-functions.gamma-function,advanced concept,learn,cas,cas-data,advanced-interactive-lab,lesson,lesson-preset,lesson-specific,needs-review-approximation-label,P1,available,applicable-missing,applicable-missing,applicable-missing,applicable-missing,not-applicable,applicable-missing,applicable-missing,Advanced resource is concept-specific; numerical approximation outputs need explicit labels where applicable.
advanced-2022,/lessons/advanced-concepts/2022-beta-function,Beta Function,advanced,Advanced Concepts,Special Functions,advanced-concepts.special-functions.beta-function,advanced concept,learn,cas,cas-data,advanced-interactive-lab,lesson,lesson-preset,lesson-specific,needs-review,P2,available,applicable-missing,applicable-missing,applicable-missing,applicable-missing,not-applicable,applicable-missing,applicable-missing,Advanced resource is concept-specific; numerical approximation outputs need explicit labels where applicable.
advanced-2023,/lessons/advanced-concepts/2023-error-function,Error Function,advanced,Advanced Concepts,Special Functions,advanced-concepts.special-functions.error-function,advanced concept,learn,cas,cas-data,advanced-interactive-lab,lesson,lesson-preset,lesson-specific,needs-review,P2,available,applicable-missing,applicable-missing,applicable-missing,applicable-missing,not-applicable,applicable-missing,applicable-missing,Advanced resource is concept-specific; numerical approximation outputs need explicit labels where applicable.
advanced-2024,/lessons/advanced-concepts/2024-zeta-function,Zeta Function,advanced,Advanced Concepts,Special Functions,advanced-concepts.special-functions.zeta-function,advanced concept,learn,cas,cas-data,advanced-interactive-lab,lesson,lesson-preset,lesson-specific,needs-review-approximation-label,P1,available,applicable-missing,applicable-missing,applicable-missing,applicable-missing,not-applicable,applicable-missing,applicable-missing,Advanced resource is concept-specific; numerical approximation outputs need explicit labels where applicable.
advanced-2025,/lessons/advanced-concepts/2025-bessel-function,Bessel Function,advanced,Advanced Concepts,Special Functions,advanced-concepts.special-functions.bessel-function,advanced concept,learn,cas,cas-data,advanced-interactive-lab,lesson,lesson-preset,lesson-specific,needs-review,P2,available,applicable-missing,applicable-missing,applicable-missing,applicable-missing,not-applicable,applicable-missing,applicable-missing,Advanced resource is concept-specific; numerical approximation outputs need explicit labels where applicable.
