lessonId,title,displayedFormula,sourceWithinApplication,enginePreset,exampleInputs,expectedOutputs,reviewStatus
1,Basic Calculator,"brackets, powers, multiply/divide, add/subtract",core lesson content formula card,calculator.basic-arithmetic,calculator-expression,calculator-result,needs-review
1,Basic Calculator,a+b\times c=a+(b\times c),core lesson content formula card,calculator.basic-arithmetic,calculator-expression,calculator-result,needs-review
2,Fraction Calculator,a/b = a divided by b,core lesson content formula card,calculator.fractions,calculator-expression,calculator-result,needs-review
2,Fraction Calculator,a+b\times c=a+(b\times c),core lesson content formula card,calculator.fractions,calculator-expression,calculator-result,needs-review
3,Mixed Numbers,a b/c = a + b/c,core lesson content formula card,calculator.mixed-numbers,calculator-expression,calculator-result,needs-review
3,Mixed Numbers,a+b\times c=a+(b\times c),core lesson content formula card,calculator.mixed-numbers,calculator-expression,calculator-result,needs-review
4,Percentage Calculator,p% of x = (p/100)x,core lesson content formula card,calculator.percentages,calculator-expression,calculator-result,needs-review
4,Percentage Calculator,a+b\times c=a+(b\times c),core lesson content formula card,calculator.percentages,calculator-expression,calculator-result,needs-review
5,Ratio Calculator,a:b = ka:kb,core lesson content formula card,calculator.ratios,calculator-expression,calculator-result,needs-review
5,Ratio Calculator,a+b\times c=a+(b\times c),core lesson content formula card,calculator.ratios,calculator-expression,calculator-result,needs-review
6,Powers and Roots,sqrt(a)=b means b^2=a,core lesson content formula card,calculator.powers-roots,calculator-expression,calculator-result,needs-review
6,Powers and Roots,a+b\times c=a+(b\times c),core lesson content formula card,calculator.powers-roots,calculator-expression,calculator-result,needs-review
7,Scientific Notation,N = a x 10^n,core lesson content formula card,calculator.scientific-notation,calculator-expression,calculator-result,needs-review
7,Scientific Notation,a+b\times c=a+(b\times c),core lesson content formula card,calculator.scientific-notation,calculator-expression,calculator-result,needs-review
8,Logarithms,log_b(x)=y means b^y=x,core lesson content formula card,calculator.logarithms,calculator-expression,calculator-result,needs-review
8,Logarithms,a+b\times c=a+(b\times c),core lesson content formula card,calculator.logarithms,calculator-expression,calculator-result,needs-review
9,Exponential Calculations,a^n = a x a x ... x a,core lesson content formula card,calculator.exponentials,calculator-expression,calculator-result,needs-review
9,Exponential Calculations,a+b\times c=a+(b\times c),core lesson content formula card,calculator.exponentials,calculator-expression,calculator-result,needs-review
10,Trigonometric Calculator,"sin(theta)=opposite/hypotenuse, cos(theta)=adjacent/hypotenuse",core lesson content formula card,calculator.trigonometric-values,calculator-expression,calculator-result,needs-review
10,Trigonometric Calculator,a+b\times c=a+(b\times c),core lesson content formula card,calculator.trigonometric-values,calculator-expression,calculator-result,needs-review
11,Inverse Trigonometry,sin^-1(r)=theta means sin(theta)=r,core lesson content formula card,calculator.inverse-trigonometry,calculator-expression,calculator-result,needs-review
11,Inverse Trigonometry,a+b\times c=a+(b\times c),core lesson content formula card,calculator.inverse-trigonometry,calculator-expression,calculator-result,needs-review
12,Hyperbolic Functions,sinh(x)=(e^x-e^-x)/2,core lesson content formula card,calculator.hyperbolic-functions,calculator-expression,calculator-result,needs-review
12,Hyperbolic Functions,a+b\times c=a+(b\times c),core lesson content formula card,calculator.hyperbolic-functions,calculator-expression,calculator-result,needs-review
13,"Factorial, Permutation and Combination",nCr = n!/(r!(n-r)!),core lesson content formula card,calculator.factorial-permutation-combination,calculator-expression,calculator-result,needs-review
13,"Factorial, Permutation and Combination",a+b\times c=a+(b\times c),core lesson content formula card,calculator.factorial-permutation-combination,calculator-expression,calculator-result,needs-review
14,Absolute Value,|x| = distance from 0,core lesson content formula card,calculator.absolute-value,calculator-expression,calculator-result,needs-review
14,Absolute Value,a+b\times c=a+(b\times c),core lesson content formula card,calculator.absolute-value,calculator-expression,calculator-result,needs-review
15,Rounding and Precision,error <= half of one unit in the last place,core lesson content formula card,calculator.rounding-precision,calculator-expression,calculator-result,needs-review
15,Rounding and Precision,a+b\times c=a+(b\times c),core lesson content formula card,calculator.rounding-precision,calculator-expression,calculator-result,needs-review
16,Constants Library,C = 2 pi r,core lesson content formula card,calculator.constants-library,calculator-expression,calculator-result,needs-review
16,Constants Library,a+b\times c=a+(b\times c),core lesson content formula card,calculator.constants-library,calculator-expression,calculator-result,needs-review
17,Calculation History,count = number of stored rows,core lesson content formula card,calculator.calculation-history,calculator-expression,calculator-result,needs-review
17,Calculation History,a+b\times c=a+(b\times c),core lesson content formula card,calculator.calculation-history,calculator-expression,calculator-result,needs-review
18,Exact and Decimal Modes,sqrt(2) is exact; 1.414... is approximate,core lesson content formula card,calculator.exact-decimal-modes,calculator-expression,calculator-result,needs-review
18,Exact and Decimal Modes,a+b\times c=a+(b\times c),core lesson content formula card,calculator.exact-decimal-modes,calculator-expression,calculator-result,needs-review
19,Algebra Workspace,A = B iff A-B = 0,core lesson content formula card,algebra.core-model,primary-control,linked-equation|linked-graph,needs-review
19,Algebra Workspace,f(x)=mx+b,core lesson content formula card,algebra.core-model,primary-control,linked-equation|linked-graph,needs-review
20,Variable Explorer,f(c)=f(x) with x=c,core lesson content formula card,algebra.core-model,primary-control,linked-equation|linked-graph,needs-review
20,Variable Explorer,f(x)=mx+b,core lesson content formula card,algebra.core-model,primary-control,linked-equation|linked-graph,needs-review
21,Numeric Sliders,y = ax + b,core lesson content formula card,algebra.core-model,primary-control,linked-equation|linked-graph,needs-review
21,Numeric Sliders,f(x)=mx+b,core lesson content formula card,algebra.core-model,primary-control,linked-equation|linked-graph,needs-review
22,Integer Sliders,next value = current value + k,core lesson content formula card,algebra.core-model,primary-control,linked-equation|linked-graph,needs-review
22,Integer Sliders,f(x)=mx+b,core lesson content formula card,algebra.core-model,primary-control,linked-equation|linked-graph,needs-review
23,Angle Sliders,360 degrees = 2 pi radians,core lesson content formula card,algebra.core-model,primary-control,linked-equation|linked-graph,needs-review
23,Angle Sliders,f(x)=mx+b,core lesson content formula card,algebra.core-model,primary-control,linked-equation|linked-graph,needs-review
24,Animation Controls,new value = old value + step,core lesson content formula card,algebra.core-model,primary-control,linked-equation|linked-graph,needs-review
24,Animation Controls,f(x)=mx+b,core lesson content formula card,algebra.core-model,primary-control,linked-equation|linked-graph,needs-review
25,Dependent and Independent Objects,y = f(x),core lesson content formula card,algebra.core-model,primary-control,linked-equation|linked-graph,needs-review
25,Dependent and Independent Objects,f(x)=mx+b,core lesson content formula card,algebra.core-model,primary-control,linked-equation|linked-graph,needs-review
26,Conditional Visibility,show object if x > c,core lesson content formula card,algebra.core-model,primary-control,linked-equation|linked-graph,needs-review
26,Conditional Visibility,f(x)=mx+b,core lesson content formula card,algebra.core-model,primary-control,linked-equation|linked-graph,needs-review
27,Dynamic Labels,label = name + value,core lesson content formula card,algebra.core-model,primary-control,linked-equation|linked-graph,needs-review
27,Dynamic Labels,f(x)=mx+b,core lesson content formula card,algebra.core-model,primary-control,linked-equation|linked-graph,needs-review
28,Algebraic Input,expression = terms joined by operations,core lesson content formula card,algebra.core-model,primary-control,linked-equation|linked-graph,needs-review
28,Algebraic Input,f(x)=mx+b,core lesson content formula card,algebra.core-model,primary-control,linked-equation|linked-graph,needs-review
29,Object Redefinition,old object -> new definition,core lesson content formula card,algebra.core-model,primary-control,linked-equation|linked-graph,needs-review
29,Object Redefinition,f(x)=mx+b,core lesson content formula card,algebra.core-model,primary-control,linked-equation|linked-graph,needs-review
30,Equation Input,ax+b=c,core lesson content formula card,algebra.core-model,primary-control,linked-equation|linked-graph,needs-review
30,Equation Input,f(x)=mx+b,core lesson content formula card,algebra.core-model,primary-control,linked-equation|linked-graph,needs-review
31,Inequality Input,ax+b<c,core lesson content formula card,algebra.core-model,primary-control,linked-equation|linked-graph,needs-review
31,Inequality Input,f(x)=mx+b,core lesson content formula card,algebra.core-model,primary-control,linked-equation|linked-graph,needs-review
32,Lists,length = number of entries,core lesson content formula card,algebra.core-model,primary-control,linked-equation|linked-graph,needs-review
32,Lists,f(x)=mx+b,core lesson content formula card,algebra.core-model,primary-control,linked-equation|linked-graph,needs-review
33,Matrices,rows x columns,core lesson content formula card,algebra.core-model,primary-control,linked-equation|linked-graph,needs-review
33,Matrices,f(x)=mx+b,core lesson content formula card,algebra.core-model,primary-control,linked-equation|linked-graph,needs-review
34,Sequences,a_n=a_1+(n-1)d,core lesson content formula card,algebra.core-model,primary-control,linked-equation|linked-graph,needs-review
34,Sequences,f(x)=mx+b,core lesson content formula card,algebra.core-model,primary-control,linked-equation|linked-graph,needs-review
35,Piecewise Definitions,f(x)=rule1 if condition1; rule2 if condition2,core lesson content formula card,algebra.core-model,primary-control,linked-equation|linked-graph,needs-review
35,Piecewise Definitions,f(x)=mx+b,core lesson content formula card,algebra.core-model,primary-control,linked-equation|linked-graph,needs-review
36,Boolean Variables,P and Q is true only when P and Q are both true,core lesson content formula card,algebra.core-model,primary-control,linked-equation|linked-graph,needs-review
36,Boolean Variables,f(x)=mx+b,core lesson content formula card,algebra.core-model,primary-control,linked-equation|linked-graph,needs-review
37,Dynamic Text,display = fixed text + live value,core lesson content formula card,algebra.core-model,primary-control,linked-equation|linked-graph,needs-review
37,Dynamic Text,f(x)=mx+b,core lesson content formula card,algebra.core-model,primary-control,linked-equation|linked-graph,needs-review
38,LaTeX Formula Display,\\frac{a}{b},core lesson content formula card,algebra.core-model,primary-control,linked-equation|linked-graph,needs-review
38,LaTeX Formula Display,f(x)=mx+b,core lesson content formula card,algebra.core-model,primary-control,linked-equation|linked-graph,needs-review
57,Natural Numbers,\frac{a}{b}=a\div b,core lesson content formula card,number.core-model,primary-control,number-model,needs-review
57,Natural Numbers,"ab=\gcd(a,b)\cdot\operatorname{lcm}(a,b)",core lesson content formula card,number.core-model,primary-control,number-model,needs-review
58,Whole Numbers,\frac{a}{b}=a\div b,core lesson content formula card,number.core-model,primary-control,number-model,needs-review
58,Whole Numbers,"ab=\gcd(a,b)\cdot\operatorname{lcm}(a,b)",core lesson content formula card,number.core-model,primary-control,number-model,needs-review
59,Integers,\frac{a}{b}=a\div b,core lesson content formula card,number.core-model,primary-control,number-model,needs-review
59,Integers,"ab=\gcd(a,b)\cdot\operatorname{lcm}(a,b)",core lesson content formula card,number.core-model,primary-control,number-model,needs-review
60,Rational Numbers,a/b,core lesson content formula card,number.core-model,primary-control,number-model,needs-review
60,Rational Numbers,\frac{a}{b}=a\div b,core lesson content formula card,number.core-model,primary-control,number-model,needs-review
61,Irrational Numbers,\frac{a}{b}=a\div b,core lesson content formula card,number.core-model,primary-control,number-model,needs-review
61,Irrational Numbers,"ab=\gcd(a,b)\cdot\operatorname{lcm}(a,b)",core lesson content formula card,number.core-model,primary-control,number-model,needs-review
62,Real Numbers,\frac{a}{b}=a\div b,core lesson content formula card,number.core-model,primary-control,number-model,needs-review
62,Real Numbers,"ab=\gcd(a,b)\cdot\operatorname{lcm}(a,b)",core lesson content formula card,number.core-model,primary-control,number-model,needs-review
63,Complex Numbers,z=a+bi,core lesson content formula card,number.core-model,primary-control,number-model,needs-review
63,Complex Numbers,\frac{a}{b}=a\div b,core lesson content formula card,number.core-model,primary-control,number-model,needs-review
64,Place Value,abc = 100a + 10b + c,core lesson content formula card,number.core-model,primary-control,number-model,needs-review
64,Place Value,\frac{a}{b}=a\div b,core lesson content formula card,number.core-model,primary-control,number-model,needs-review
65,Factors,\frac{a}{b}=a\div b,core lesson content formula card,number.core-model,primary-control,number-model,needs-review
65,Factors,"ab=\gcd(a,b)\cdot\operatorname{lcm}(a,b)",core lesson content formula card,number.core-model,primary-control,number-model,needs-review
66,Multiples,\frac{a}{b}=a\div b,core lesson content formula card,number.core-model,primary-control,number-model,needs-review
66,Multiples,"ab=\gcd(a,b)\cdot\operatorname{lcm}(a,b)",core lesson content formula card,number.core-model,primary-control,number-model,needs-review
67,Prime Numbers,\frac{a}{b}=a\div b,core lesson content formula card,number.core-model,primary-control,number-model,needs-review
67,Prime Numbers,"ab=\gcd(a,b)\cdot\operatorname{lcm}(a,b)",core lesson content formula card,number.core-model,primary-control,number-model,needs-review
68,Prime Factorisation,\frac{a}{b}=a\div b,core lesson content formula card,number.core-model,primary-control,number-model,needs-review
68,Prime Factorisation,"ab=\gcd(a,b)\cdot\operatorname{lcm}(a,b)",core lesson content formula card,number.core-model,primary-control,number-model,needs-review
69,HCF / GCD,\frac{a}{b}=a\div b,core lesson content formula card,number.core-model,primary-control,number-model,needs-review
69,HCF / GCD,"ab=\gcd(a,b)\cdot\operatorname{lcm}(a,b)",core lesson content formula card,number.core-model,primary-control,number-model,needs-review
70,LCM,\frac{a}{b}=a\div b,core lesson content formula card,number.core-model,primary-control,number-model,needs-review
70,LCM,"ab=\gcd(a,b)\cdot\operatorname{lcm}(a,b)",core lesson content formula card,number.core-model,primary-control,number-model,needs-review
71,Divisibility Rules,\frac{a}{b}=a\div b,core lesson content formula card,number.core-model,primary-control,number-model,needs-review
71,Divisibility Rules,"ab=\gcd(a,b)\cdot\operatorname{lcm}(a,b)",core lesson content formula card,number.core-model,primary-control,number-model,needs-review
72,Modular Arithmetic,a = qn + r,core lesson content formula card,number.core-model,primary-control,number-model,needs-review
72,Modular Arithmetic,\frac{a}{b}=a\div b,core lesson content formula card,number.core-model,primary-control,number-model,needs-review
73,Base Systems,\frac{a}{b}=a\div b,core lesson content formula card,number.core-model,primary-control,number-model,needs-review
73,Base Systems,"ab=\gcd(a,b)\cdot\operatorname{lcm}(a,b)",core lesson content formula card,number.core-model,primary-control,number-model,needs-review
74,Continued Fractions,\frac{a}{b}=a\div b,core lesson content formula card,number.core-model,primary-control,number-model,needs-review
74,Continued Fractions,"ab=\gcd(a,b)\cdot\operatorname{lcm}(a,b)",core lesson content formula card,number.core-model,primary-control,number-model,needs-review
75,Fraction Models,a/b,core lesson content formula card,number.core-model,primary-control,number-model,needs-review
75,Fraction Models,\frac{a}{b}=a\div b,core lesson content formula card,number.core-model,primary-control,number-model,needs-review
76,Equivalent Fractions,a/b = ka/kb,core lesson content formula card,number.core-model,primary-control,number-model,needs-review
76,Equivalent Fractions,\frac{a}{b}=a\div b,core lesson content formula card,number.core-model,primary-control,number-model,needs-review
77,Comparing Fractions,\frac{a}{b}=a\div b,core lesson content formula card,number.core-model,primary-control,number-model,needs-review
77,Comparing Fractions,"ab=\gcd(a,b)\cdot\operatorname{lcm}(a,b)",core lesson content formula card,number.core-model,primary-control,number-model,needs-review
78,Fraction Operations,\frac{a}{b}=a\div b,core lesson content formula card,number.core-model,primary-control,number-model,needs-review
78,Fraction Operations,"ab=\gcd(a,b)\cdot\operatorname{lcm}(a,b)",core lesson content formula card,number.core-model,primary-control,number-model,needs-review
79,Decimal Place Value,\frac{a}{b}=a\div b,core lesson content formula card,number.core-model,primary-control,number-model,needs-review
79,Decimal Place Value,"ab=\gcd(a,b)\cdot\operatorname{lcm}(a,b)",core lesson content formula card,number.core-model,primary-control,number-model,needs-review
80,Decimal Operations,\frac{a}{b}=a\div b,core lesson content formula card,number.core-model,primary-control,number-model,needs-review
80,Decimal Operations,"ab=\gcd(a,b)\cdot\operatorname{lcm}(a,b)",core lesson content formula card,number.core-model,primary-control,number-model,needs-review
81,Fraction–Decimal Conversion,a/b = a div b,core lesson content formula card,number.core-model,primary-control,number-model,needs-review
81,Fraction–Decimal Conversion,\frac{a}{b}=a\div b,core lesson content formula card,number.core-model,primary-control,number-model,needs-review
82,Recurring Decimals,\frac{a}{b}=a\div b,core lesson content formula card,number.core-model,primary-control,number-model,needs-review
82,Recurring Decimals,"ab=\gcd(a,b)\cdot\operatorname{lcm}(a,b)",core lesson content formula card,number.core-model,primary-control,number-model,needs-review
83,Ratio Models,\frac{a}{b}=a\div b,core lesson content formula card,number.core-model,primary-control,number-model,needs-review
83,Ratio Models,"ab=\gcd(a,b)\cdot\operatorname{lcm}(a,b)",core lesson content formula card,number.core-model,primary-control,number-model,needs-review
84,Proportion,a/b = c/d iff ad = bc,core lesson content formula card,number.core-model,primary-control,number-model,needs-review
84,Proportion,\frac{a}{b}=a\div b,core lesson content formula card,number.core-model,primary-control,number-model,needs-review
85,Direct Proportion,y = kx,core lesson content formula card,number.core-model,primary-control,number-model,needs-review
85,Direct Proportion,\frac{a}{b}=a\div b,core lesson content formula card,number.core-model,primary-control,number-model,needs-review
86,Inverse Proportion,xy = k,core lesson content formula card,number.core-model,primary-control,number-model,needs-review
86,Inverse Proportion,\frac{a}{b}=a\div b,core lesson content formula card,number.core-model,primary-control,number-model,needs-review
87,Unit Rates,\frac{a}{b}=a\div b,core lesson content formula card,number.core-model,primary-control,number-model,needs-review
87,Unit Rates,"ab=\gcd(a,b)\cdot\operatorname{lcm}(a,b)",core lesson content formula card,number.core-model,primary-control,number-model,needs-review
88,Percentages,(p/100) x,core lesson content formula card,number.core-model,primary-control,number-model,needs-review
88,Percentages,\frac{a}{b}=a\div b,core lesson content formula card,number.core-model,primary-control,number-model,needs-review
89,Percentage Change,((new - original)/original) x 100,core lesson content formula card,number.core-model,primary-control,number-model,needs-review
89,Percentage Change,\frac{a}{b}=a\div b,core lesson content formula card,number.core-model,primary-control,number-model,needs-review
90,Compound Change,A = P(1 + r)^n,core lesson content formula card,number.core-model,primary-control,number-model,needs-review
90,Compound Change,\frac{a}{b}=a\div b,core lesson content formula card,number.core-model,primary-control,number-model,needs-review
91,Scale Drawings,\frac{a}{b}=a\div b,core lesson content formula card,number.core-model,primary-control,number-model,needs-review
91,Scale Drawings,"ab=\gcd(a,b)\cdot\operatorname{lcm}(a,b)",core lesson content formula card,number.core-model,primary-control,number-model,needs-review
618,Slider Component,output=f(input),core lesson content formula card,authoring.core-model,primary-control,authoring-preview,needs-review
618,Slider Component,prediction\rightarrow action\rightarrow observation\rightarrow revision,core lesson content formula card,authoring.core-model,primary-control,authoring-preview,needs-review
619,Checkbox,output=f(input),core lesson content formula card,authoring.core-model,primary-control,authoring-preview,needs-review
619,Checkbox,prediction\rightarrow action\rightarrow observation\rightarrow revision,core lesson content formula card,authoring.core-model,primary-control,authoring-preview,needs-review
620,Button,output=f(input),core lesson content formula card,authoring.core-model,primary-control,authoring-preview,needs-review
620,Button,prediction\rightarrow action\rightarrow observation\rightarrow revision,core lesson content formula card,authoring.core-model,primary-control,authoring-preview,needs-review
621,Input Box,output=f(input),core lesson content formula card,authoring.core-model,primary-control,authoring-preview,needs-review
621,Input Box,prediction\rightarrow action\rightarrow observation\rightarrow revision,core lesson content formula card,authoring.core-model,primary-control,authoring-preview,needs-review
622,Drop-Down List,output=f(input),core lesson content formula card,authoring.core-model,primary-control,authoring-preview,needs-review
622,Drop-Down List,prediction\rightarrow action\rightarrow observation\rightarrow revision,core lesson content formula card,authoring.core-model,primary-control,authoring-preview,needs-review
623,Dynamic Text,output=f(input),core lesson content formula card,authoring.core-model,primary-control,authoring-preview,needs-review
623,Dynamic Text,prediction\rightarrow action\rightarrow observation\rightarrow revision,core lesson content formula card,authoring.core-model,primary-control,authoring-preview,needs-review
624,Formula Display,output=f(input),core lesson content formula card,authoring.core-model,primary-control,authoring-preview,needs-review
624,Formula Display,prediction\rightarrow action\rightarrow observation\rightarrow revision,core lesson content formula card,authoring.core-model,primary-control,authoring-preview,needs-review
625,Image Object,output=f(input),core lesson content formula card,authoring.core-model,primary-control,authoring-preview,needs-review
625,Image Object,prediction\rightarrow action\rightarrow observation\rightarrow revision,core lesson content formula card,authoring.core-model,primary-control,authoring-preview,needs-review
626,Audio and Video,output=f(input),core lesson content formula card,authoring.core-model,primary-control,authoring-preview,needs-review
626,Audio and Video,prediction\rightarrow action\rightarrow observation\rightarrow revision,core lesson content formula card,authoring.core-model,primary-control,authoring-preview,needs-review
627,Pen and Highlighter,output=f(input),core lesson content formula card,authoring.core-model,primary-control,authoring-preview,needs-review
627,Pen and Highlighter,prediction\rightarrow action\rightarrow observation\rightarrow revision,core lesson content formula card,authoring.core-model,primary-control,authoring-preview,needs-review
628,Tables,output=f(input),core lesson content formula card,authoring.core-model,primary-control,authoring-preview,needs-review
628,Tables,prediction\rightarrow action\rightarrow observation\rightarrow revision,core lesson content formula card,authoring.core-model,primary-control,authoring-preview,needs-review
629,Multiple Pages,output=f(input),core lesson content formula card,authoring.core-model,primary-control,authoring-preview,needs-review
629,Multiple Pages,prediction\rightarrow action\rightarrow observation\rightarrow revision,core lesson content formula card,authoring.core-model,primary-control,authoring-preview,needs-review
630,Reset Construction,output=f(input),core lesson content formula card,authoring.core-model,primary-control,authoring-preview,needs-review
630,Reset Construction,prediction\rightarrow action\rightarrow observation\rightarrow revision,core lesson content formula card,authoring.core-model,primary-control,authoring-preview,needs-review
631,Undo and Redo,output=f(input),core lesson content formula card,authoring.core-model,primary-control,authoring-preview,needs-review
631,Undo and Redo,prediction\rightarrow action\rightarrow observation\rightarrow revision,core lesson content formula card,authoring.core-model,primary-control,authoring-preview,needs-review
632,Object Locking,output=f(input),core lesson content formula card,authoring.core-model,primary-control,authoring-preview,needs-review
632,Object Locking,prediction\rightarrow action\rightarrow observation\rightarrow revision,core lesson content formula card,authoring.core-model,primary-control,authoring-preview,needs-review
633,Conditional Feedback,output=f(input),core lesson content formula card,authoring.core-model,primary-control,authoring-preview,needs-review
633,Conditional Feedback,prediction\rightarrow action\rightarrow observation\rightarrow revision,core lesson content formula card,authoring.core-model,primary-control,authoring-preview,needs-review
634,Custom Tool Builder,output=f(input),core lesson content formula card,authoring.core-model,primary-control,authoring-preview,needs-review
634,Custom Tool Builder,prediction\rightarrow action\rightarrow observation\rightarrow revision,core lesson content formula card,authoring.core-model,primary-control,authoring-preview,needs-review
635,Command Library,output=f(input),core lesson content formula card,authoring.core-model,primary-control,authoring-preview,needs-review
635,Command Library,prediction\rightarrow action\rightarrow observation\rightarrow revision,core lesson content formula card,authoring.core-model,primary-control,authoring-preview,needs-review
636,Object Scripting,output=f(input),core lesson content formula card,authoring.core-model,primary-control,authoring-preview,needs-review
636,Object Scripting,prediction\rightarrow action\rightarrow observation\rightarrow revision,core lesson content formula card,authoring.core-model,primary-control,authoring-preview,needs-review
637,Randomisation,output=f(input),core lesson content formula card,authoring.core-model,primary-control,authoring-preview,needs-review
637,Randomisation,prediction\rightarrow action\rightarrow observation\rightarrow revision,core lesson content formula card,authoring.core-model,primary-control,authoring-preview,needs-review
638,Automatic Checking,output=f(input),core lesson content formula card,authoring.core-model,primary-control,authoring-preview,needs-review
638,Automatic Checking,prediction\rightarrow action\rightarrow observation\rightarrow revision,core lesson content formula card,authoring.core-model,primary-control,authoring-preview,needs-review
639,Import and Export,output=f(input),core lesson content formula card,authoring.core-model,primary-control,authoring-preview,needs-review
639,Import and Export,prediction\rightarrow action\rightarrow observation\rightarrow revision,core lesson content formula card,authoring.core-model,primary-control,authoring-preview,needs-review
640,Concept Introduction,predict\rightarrow test\rightarrow explain,core lesson content formula card,learning.core-model,primary-control,learning-step,needs-review
640,Concept Introduction,mastery=\frac{correct\ checks}{total\ checks},core lesson content formula card,learning.core-model,primary-control,learning-step,needs-review
641,Visualise,predict\rightarrow test\rightarrow explain,core lesson content formula card,learning.core-model,primary-control,learning-step,needs-review
641,Visualise,mastery=\frac{correct\ checks}{total\ checks},core lesson content formula card,learning.core-model,primary-control,learning-step,needs-review
642,Manipulative Laboratory,predict\rightarrow test\rightarrow explain,core lesson content formula card,learning.core-model,primary-control,learning-step,needs-review
642,Manipulative Laboratory,mastery=\frac{correct\ checks}{total\ checks},core lesson content formula card,learning.core-model,primary-control,learning-step,needs-review
643,Guided Exploration,predict\rightarrow test\rightarrow explain,core lesson content formula card,learning.core-model,primary-control,learning-step,needs-review
643,Guided Exploration,mastery=\frac{correct\ checks}{total\ checks},core lesson content formula card,learning.core-model,primary-control,learning-step,needs-review
644,Predict–Test–Explain,predict\rightarrow test\rightarrow explain,core lesson content formula card,learning.core-model,primary-control,learning-step,needs-review
644,Predict–Test–Explain,mastery=\frac{correct\ checks}{total\ checks},core lesson content formula card,learning.core-model,primary-control,learning-step,needs-review
645,Worked Example,predict\rightarrow test\rightarrow explain,core lesson content formula card,learning.core-model,primary-control,learning-step,needs-review
645,Worked Example,mastery=\frac{correct\ checks}{total\ checks},core lesson content formula card,learning.core-model,primary-control,learning-step,needs-review
646,Step-by-Step Practice,predict\rightarrow test\rightarrow explain,core lesson content formula card,learning.core-model,primary-control,learning-step,needs-review
646,Step-by-Step Practice,mastery=\frac{correct\ checks}{total\ checks},core lesson content formula card,learning.core-model,primary-control,learning-step,needs-review
647,Construction Challenge,predict\rightarrow test\rightarrow explain,core lesson content formula card,learning.core-model,primary-control,learning-step,needs-review
647,Construction Challenge,mastery=\frac{correct\ checks}{total\ checks},core lesson content formula card,learning.core-model,primary-control,learning-step,needs-review
648,Graph Matching,predict\rightarrow test\rightarrow explain,core lesson content formula card,learning.core-model,primary-control,learning-step,needs-review
648,Graph Matching,mastery=\frac{correct\ checks}{total\ checks},core lesson content formula card,learning.core-model,primary-control,learning-step,needs-review
649,Error Diagnosis,predict\rightarrow test\rightarrow explain,core lesson content formula card,learning.core-model,primary-control,learning-step,needs-review
649,Error Diagnosis,mastery=\frac{correct\ checks}{total\ checks},core lesson content formula card,learning.core-model,primary-control,learning-step,needs-review
650,Multiple Representations,predict\rightarrow test\rightarrow explain,core lesson content formula card,learning.core-model,primary-control,learning-step,needs-review
650,Multiple Representations,mastery=\frac{correct\ checks}{total\ checks},core lesson content formula card,learning.core-model,primary-control,learning-step,needs-review
651,Real-World Application,predict\rightarrow test\rightarrow explain,core lesson content formula card,learning.core-model,primary-control,learning-step,needs-review
651,Real-World Application,mastery=\frac{correct\ checks}{total\ checks},core lesson content formula card,learning.core-model,primary-control,learning-step,needs-review
652,Open Investigation,predict\rightarrow test\rightarrow explain,core lesson content formula card,learning.core-model,primary-control,learning-step,needs-review
652,Open Investigation,mastery=\frac{correct\ checks}{total\ checks},core lesson content formula card,learning.core-model,primary-control,learning-step,needs-review
653,Dynamic Question Generator,predict\rightarrow test\rightarrow explain,core lesson content formula card,learning.core-model,primary-control,learning-step,needs-review
653,Dynamic Question Generator,mastery=\frac{correct\ checks}{total\ checks},core lesson content formula card,learning.core-model,primary-control,learning-step,needs-review
654,Mastery Challenge,predict\rightarrow test\rightarrow explain,core lesson content formula card,learning.core-model,primary-control,learning-step,needs-review
654,Mastery Challenge,mastery=\frac{correct\ checks}{total\ checks},core lesson content formula card,learning.core-model,primary-control,learning-step,needs-review
655,Exit Ticket,predict\rightarrow test\rightarrow explain,core lesson content formula card,learning.core-model,primary-control,learning-step,needs-review
655,Exit Ticket,mastery=\frac{correct\ checks}{total\ checks},core lesson content formula card,learning.core-model,primary-control,learning-step,needs-review
656,Revision Summary,predict\rightarrow test\rightarrow explain,core lesson content formula card,learning.core-model,primary-control,learning-step,needs-review
656,Revision Summary,mastery=\frac{correct\ checks}{total\ checks},core lesson content formula card,learning.core-model,primary-control,learning-step,needs-review
657,Drag and Manipulate,new\ size=scale\times original\ size,core lesson content formula card,platform.core-model,primary-control,capability-state,needs-review
657,Drag and Manipulate,control\ state\leftrightarrow visual\ state\leftrightarrow text\ summary,core lesson content formula card,platform.core-model,primary-control,capability-state,needs-review
658,Zoom and Pan,new\ size=scale\times original\ size,core lesson content formula card,platform.core-model,primary-control,capability-state,needs-review
658,Zoom and Pan,control\ state\leftrightarrow visual\ state\leftrightarrow text\ summary,core lesson content formula card,platform.core-model,primary-control,capability-state,needs-review
659,Reset View,new\ size=scale\times original\ size,core lesson content formula card,platform.core-model,primary-control,capability-state,needs-review
659,Reset View,control\ state\leftrightarrow visual\ state\leftrightarrow text\ summary,core lesson content formula card,platform.core-model,primary-control,capability-state,needs-review
660,Undo and Redo,new\ size=scale\times original\ size,core lesson content formula card,platform.core-model,primary-control,capability-state,needs-review
660,Undo and Redo,control\ state\leftrightarrow visual\ state\leftrightarrow text\ summary,core lesson content formula card,platform.core-model,primary-control,capability-state,needs-review
661,Animation Player,new\ size=scale\times original\ size,core lesson content formula card,platform.core-model,primary-control,capability-state,needs-review
661,Animation Player,control\ state\leftrightarrow visual\ state\leftrightarrow text\ summary,core lesson content formula card,platform.core-model,primary-control,capability-state,needs-review
662,Snap Controls,new\ size=scale\times original\ size,core lesson content formula card,platform.core-model,primary-control,capability-state,needs-review
662,Snap Controls,control\ state\leftrightarrow visual\ state\leftrightarrow text\ summary,core lesson content formula card,platform.core-model,primary-control,capability-state,needs-review
663,Trace and Locus,new\ size=scale\times original\ size,core lesson content formula card,platform.core-model,primary-control,capability-state,needs-review
663,Trace and Locus,control\ state\leftrightarrow visual\ state\leftrightarrow text\ summary,core lesson content formula card,platform.core-model,primary-control,capability-state,needs-review
664,Exact and Decimal Output,new\ size=scale\times original\ size,core lesson content formula card,platform.core-model,primary-control,capability-state,needs-review
664,Exact and Decimal Output,control\ state\leftrightarrow visual\ state\leftrightarrow text\ summary,core lesson content formula card,platform.core-model,primary-control,capability-state,needs-review
665,Linked Views,new\ size=scale\times original\ size,core lesson content formula card,platform.core-model,primary-control,capability-state,needs-review
665,Linked Views,control\ state\leftrightarrow visual\ state\leftrightarrow text\ summary,core lesson content formula card,platform.core-model,primary-control,capability-state,needs-review
666,"Save, Duplicate and Share",new\ size=scale\times original\ size,core lesson content formula card,platform.core-model,primary-control,capability-state,needs-review
666,"Save, Duplicate and Share",control\ state\leftrightarrow visual\ state\leftrightarrow text\ summary,core lesson content formula card,platform.core-model,primary-control,capability-state,needs-review
667,Export,new\ size=scale\times original\ size,core lesson content formula card,platform.core-model,primary-control,capability-state,needs-review
667,Export,control\ state\leftrightarrow visual\ state\leftrightarrow text\ summary,core lesson content formula card,platform.core-model,primary-control,capability-state,needs-review
668,Teacher Presentation Mode,new\ size=scale\times original\ size,core lesson content formula card,platform.core-model,primary-control,capability-state,needs-review
668,Teacher Presentation Mode,control\ state\leftrightarrow visual\ state\leftrightarrow text\ summary,core lesson content formula card,platform.core-model,primary-control,capability-state,needs-review
669,Learner Practice Mode,new\ size=scale\times original\ size,core lesson content formula card,platform.core-model,primary-control,capability-state,needs-review
669,Learner Practice Mode,control\ state\leftrightarrow visual\ state\leftrightarrow text\ summary,core lesson content formula card,platform.core-model,primary-control,capability-state,needs-review
670,Exam Mode,new\ size=scale\times original\ size,core lesson content formula card,platform.core-model,primary-control,capability-state,needs-review
670,Exam Mode,control\ state\leftrightarrow visual\ state\leftrightarrow text\ summary,core lesson content formula card,platform.core-model,primary-control,capability-state,needs-review
671,Keyboard Navigation,new\ size=scale\times original\ size,core lesson content formula card,platform.core-model,primary-control,capability-state,needs-review
671,Keyboard Navigation,control\ state\leftrightarrow visual\ state\leftrightarrow text\ summary,core lesson content formula card,platform.core-model,primary-control,capability-state,needs-review
672,Screen Reader Support,new\ size=scale\times original\ size,core lesson content formula card,platform.core-model,primary-control,capability-state,needs-review
672,Screen Reader Support,control\ state\leftrightarrow visual\ state\leftrightarrow text\ summary,core lesson content formula card,platform.core-model,primary-control,capability-state,needs-review
673,High Contrast and Large Text,new\ size=scale\times original\ size,core lesson content formula card,platform.core-model,primary-control,capability-state,needs-review
673,High Contrast and Large Text,control\ state\leftrightarrow visual\ state\leftrightarrow text\ summary,core lesson content formula card,platform.core-model,primary-control,capability-state,needs-review
674,Multi-Language Terminology,new\ size=scale\times original\ size,core lesson content formula card,platform.core-model,primary-control,capability-state,needs-review
674,Multi-Language Terminology,control\ state\leftrightarrow visual\ state\leftrightarrow text\ summary,core lesson content formula card,platform.core-model,primary-control,capability-state,needs-review
39,Cartesian Graphing,"(x,y)",core lesson content formula card,graph.core-model,primary-control,graph-layer|value-table,needs-review
39,Cartesian Graphing,y=f(x),core lesson content formula card,graph.core-model,primary-control,graph-layer|value-table,needs-review
40,Function Plotter,y=f(x),core lesson content formula card,graph.core-model,primary-control,graph-layer|value-table,needs-review
40,Function Plotter,y=a f(x)+b,core lesson content formula card,graph.core-model,primary-control,graph-layer|value-table,needs-review
41,Equation Grapher,y=mx+b,core lesson content formula card,graph.core-model,primary-control,graph-layer|value-table,needs-review
41,Equation Grapher,y=f(x),core lesson content formula card,graph.core-model,primary-control,graph-layer|value-table,needs-review
42,Inequality Grapher,test a point in y<mx+b,core lesson content formula card,graph.inequality,primary-control,graph-layer|value-table,needs-review
42,Inequality Grapher,y=f(x),core lesson content formula card,graph.inequality,primary-control,graph-layer|value-table,needs-review
43,Parametric Curves,"x=f(t), y=g(t)",core lesson content formula card,graph.parametric,primary-control,graph-layer|value-table,needs-review
43,Parametric Curves,y=f(x),core lesson content formula card,graph.parametric,primary-control,graph-layer|value-table,needs-review
44,Polar Graphs,"(r,theta)",core lesson content formula card,graph.polar,primary-control,graph-layer|value-table,needs-review
44,Polar Graphs,y=f(x),core lesson content formula card,graph.polar,primary-control,graph-layer|value-table,needs-review
45,Point Plotter,"P=(x,y)",core lesson content formula card,graph.core-model,primary-control,graph-layer|value-table,needs-review
45,Point Plotter,y=f(x),core lesson content formula card,graph.core-model,primary-control,graph-layer|value-table,needs-review
46,Data Plotter,"(input, output)",core lesson content formula card,graph.core-model,primary-control,graph-layer|value-table,needs-review
46,Data Plotter,y=f(x),core lesson content formula card,graph.core-model,primary-control,graph-layer|value-table,needs-review
47,Table of Values,y=f(x),core lesson content formula card,graph.core-model,primary-control,graph-layer|value-table,needs-review
47,Table of Values,y=a f(x)+b,core lesson content formula card,graph.core-model,primary-control,graph-layer|value-table,needs-review
48,Trace Mode,"(x,f(x))",core lesson content formula card,graph.core-model,primary-control,graph-layer|value-table,needs-review
48,Trace Mode,y=f(x),core lesson content formula card,graph.core-model,primary-control,graph-layer|value-table,needs-review
49,Zoom and Pan,xMax-xMin,core lesson content formula card,graph.core-model,primary-control,graph-layer|value-table,needs-review
49,Zoom and Pan,y=f(x),core lesson content formula card,graph.core-model,primary-control,graph-layer|value-table,needs-review
50,Axis Controls,max-min,core lesson content formula card,graph.core-model,primary-control,graph-layer|value-table,needs-review
50,Axis Controls,y=f(x),core lesson content formula card,graph.core-model,primary-control,graph-layer|value-table,needs-review
51,Grid Controls,next line = current line + step,core lesson content formula card,graph.core-model,primary-control,graph-layer|value-table,needs-review
51,Grid Controls,y=f(x),core lesson content formula card,graph.core-model,primary-control,graph-layer|value-table,needs-review
52,Multiple Graphics Views,view1(object)=view2(object),core lesson content formula card,graph.core-model,primary-control,graph-layer|value-table,needs-review
52,Multiple Graphics Views,y=f(x),core lesson content formula card,graph.core-model,primary-control,graph-layer|value-table,needs-review
53,Special Points,f(x)=0,core lesson content formula card,graph.core-model,primary-control,graph-layer|value-table,needs-review
53,Special Points,y=f(x),core lesson content formula card,graph.core-model,primary-control,graph-layer|value-table,needs-review
54,Graph Inspector,"selected point = (x,y)",core lesson content formula card,graph.core-model,primary-control,graph-layer|value-table,needs-review
54,Graph Inspector,y=f(x),core lesson content formula card,graph.core-model,primary-control,graph-layer|value-table,needs-review
55,Dynamic Parameters,y=ax+b,core lesson content formula card,graph.core-model,primary-control,graph-layer|value-table,needs-review
55,Dynamic Parameters,y=f(x),core lesson content formula card,graph.core-model,primary-control,graph-layer|value-table,needs-review
56,Export Graph,export = graph + axes + labels + scale,core lesson content formula card,graph.core-model,primary-control,graph-layer|value-table,needs-review
56,Export Graph,y=f(x),core lesson content formula card,graph.core-model,primary-control,graph-layer|value-table,needs-review
92,Algebra Tiles,2x + 3x = 5x,core lesson content formula card,algebra-cas.core-model,primary-control,symbolic-result,needs-review
92,Algebra Tiles,A=B\iff A-B=0,core lesson content formula card,algebra-cas.core-model,primary-control,symbolic-result,needs-review
93,Like Terms,ax + bx = (a + b)x,core lesson content formula card,algebra-cas.core-model,primary-control,symbolic-result,needs-review
93,Like Terms,A=B\iff A-B=0,core lesson content formula card,algebra-cas.core-model,primary-control,symbolic-result,needs-review
94,Substitution,f(a) means replace x by a,core lesson content formula card,algebra-cas.core-model,primary-control,symbolic-result,needs-review
94,Substitution,A=B\iff A-B=0,core lesson content formula card,algebra-cas.core-model,primary-control,symbolic-result,needs-review
95,Expanding Brackets,a(b + c) = ab + ac,core lesson content formula card,algebra-cas.core-model,primary-control,symbolic-result,needs-review
95,Expanding Brackets,A=B\iff A-B=0,core lesson content formula card,algebra-cas.core-model,primary-control,symbolic-result,needs-review
96,Double Brackets,(a + b)(c + d) = ac + ad + bc + bd,core lesson content formula card,algebra-cas.core-model,primary-control,symbolic-result,needs-review
96,Double Brackets,A=B\iff A-B=0,core lesson content formula card,algebra-cas.core-model,primary-control,symbolic-result,needs-review
97,Factorisation,expand(factors) = original expression,core lesson content formula card,algebra-cas.core-model,primary-control,symbolic-result,needs-review
97,Factorisation,A=B\iff A-B=0,core lesson content formula card,algebra-cas.core-model,primary-control,symbolic-result,needs-review
98,Algebraic Fractions,denominator != 0,core lesson content formula card,algebra-cas.core-model,primary-control,symbolic-result,needs-review
98,Algebraic Fractions,A=B\iff A-B=0,core lesson content formula card,algebra-cas.core-model,primary-control,symbolic-result,needs-review
99,Indices,x^a x^b = x^(a+b),core lesson content formula card,algebra-cas.core-model,primary-control,symbolic-result,needs-review
99,Indices,A=B\iff A-B=0,core lesson content formula card,algebra-cas.core-model,primary-control,symbolic-result,needs-review
100,Surds,sqrt(ab) = sqrt(a)sqrt(b),core lesson content formula card,algebra-cas.core-model,primary-control,symbolic-result,needs-review
100,Surds,A=B\iff A-B=0,core lesson content formula card,algebra-cas.core-model,primary-control,symbolic-result,needs-review
101,Rationalisation,1/sqrt(a) = sqrt(a)/a,core lesson content formula card,algebra-cas.core-model,primary-control,symbolic-result,needs-review
101,Rationalisation,A=B\iff A-B=0,core lesson content formula card,algebra-cas.core-model,primary-control,symbolic-result,needs-review
102,Polynomial Operations,ax^n + bx^n = (a+b)x^n,core lesson content formula card,algebra-cas.core-model,primary-control,symbolic-result,needs-review
102,Polynomial Operations,A=B\iff A-B=0,core lesson content formula card,algebra-cas.core-model,primary-control,symbolic-result,needs-review
103,Synthetic Division,f(a) = remainder when dividing by x - a,core lesson content formula card,algebra-cas.core-model,primary-control,symbolic-result,needs-review
103,Synthetic Division,A=B\iff A-B=0,core lesson content formula card,algebra-cas.core-model,primary-control,symbolic-result,needs-review
104,Remainder Theorem,remainder = f(a),core lesson content formula card,algebra-cas.core-model,primary-control,symbolic-result,needs-review
104,Remainder Theorem,A=B\iff A-B=0,core lesson content formula card,algebra-cas.core-model,primary-control,symbolic-result,needs-review
105,Factor Theorem,x - a factor iff f(a)=0,core lesson content formula card,algebra-cas.core-model,primary-control,symbolic-result,needs-review
105,Factor Theorem,A=B\iff A-B=0,core lesson content formula card,algebra-cas.core-model,primary-control,symbolic-result,needs-review
106,Identities,(a + b)^2 = a^2 + 2ab + b^2,core lesson content formula card,algebra-cas.core-model,primary-control,symbolic-result,needs-review
106,Identities,A=B\iff A-B=0,core lesson content formula card,algebra-cas.core-model,primary-control,symbolic-result,needs-review
107,One-Step Equations,x + a = b => x = b - a,core lesson content formula card,algebra-cas.core-model,primary-control,symbolic-result,needs-review
107,One-Step Equations,A=B\iff A-B=0,core lesson content formula card,algebra-cas.core-model,primary-control,symbolic-result,needs-review
108,Multi-Step Equations,ax + b = c => x = (c-b)/a,core lesson content formula card,algebra-cas.core-model,primary-control,symbolic-result,needs-review
108,Multi-Step Equations,A=B\iff A-B=0,core lesson content formula card,algebra-cas.core-model,primary-control,symbolic-result,needs-review
109,Equations with Fractions,multiply both sides by the LCD,core lesson content formula card,algebra-cas.core-model,primary-control,symbolic-result,needs-review
109,Equations with Fractions,A=B\iff A-B=0,core lesson content formula card,algebra-cas.core-model,primary-control,symbolic-result,needs-review
110,Literal Equations,"A = lw => w = A/l, l != 0",core lesson content formula card,algebra-cas.core-model,primary-control,symbolic-result,needs-review
110,Literal Equations,A=B\iff A-B=0,core lesson content formula card,algebra-cas.core-model,primary-control,symbolic-result,needs-review
111,Linear Equations,ax + b = c,core lesson content formula card,algebra-cas.core-model,primary-control,symbolic-result,needs-review
111,Linear Equations,A=B\iff A-B=0,core lesson content formula card,algebra-cas.core-model,primary-control,symbolic-result,needs-review
112,Simultaneous Linear Equations,both equations true,core lesson content formula card,algebra-cas.core-model,primary-control,symbolic-result,needs-review
112,Simultaneous Linear Equations,A=B\iff A-B=0,core lesson content formula card,algebra-cas.core-model,primary-control,symbolic-result,needs-review
113,Three-Variable Systems,three unknowns need enough independent equations,core lesson content formula card,algebra-cas.core-model,primary-control,symbolic-result,needs-review
113,Three-Variable Systems,A=B\iff A-B=0,core lesson content formula card,algebra-cas.core-model,primary-control,symbolic-result,needs-review
114,Quadratic Equations,ab = 0 => a = 0 or b = 0,core lesson content formula card,algebra-cas.core-model,primary-control,symbolic-result,needs-review
114,Quadratic Equations,A=B\iff A-B=0,core lesson content formula card,algebra-cas.core-model,primary-control,symbolic-result,needs-review
115,Polynomial Equations,product = 0 means at least one factor is 0,core lesson content formula card,algebra-cas.core-model,primary-control,symbolic-result,needs-review
115,Polynomial Equations,A=B\iff A-B=0,core lesson content formula card,algebra-cas.core-model,primary-control,symbolic-result,needs-review
116,Rational Equations,denominator != 0,core lesson content formula card,algebra-cas.core-model,primary-control,symbolic-result,needs-review
116,Rational Equations,A=B\iff A-B=0,core lesson content formula card,algebra-cas.core-model,primary-control,symbolic-result,needs-review
117,Radical Equations,"sqrt(A)=b => A=b^2, b>=0",core lesson content formula card,algebra-cas.core-model,primary-control,symbolic-result,needs-review
117,Radical Equations,A=B\iff A-B=0,core lesson content formula card,algebra-cas.core-model,primary-control,symbolic-result,needs-review
118,Exponential Equations,a^m = a^n => m = n,core lesson content formula card,algebra-cas.core-model,primary-control,symbolic-result,needs-review
118,Exponential Equations,A=B\iff A-B=0,core lesson content formula card,algebra-cas.core-model,primary-control,symbolic-result,needs-review
119,Logarithmic Equations,log_b(x)=c means x=b^c,core lesson content formula card,algebra-cas.core-model,primary-control,symbolic-result,needs-review
119,Logarithmic Equations,A=B\iff A-B=0,core lesson content formula card,algebra-cas.core-model,primary-control,symbolic-result,needs-review
120,Trigonometric Equations,sin(x) = sin(180 - x),core lesson content formula card,algebra-cas.core-model,primary-control,symbolic-result,needs-review
120,Trigonometric Equations,A=B\iff A-B=0,core lesson content formula card,algebra-cas.core-model,primary-control,symbolic-result,needs-review
121,Absolute-Value Equations,|A| = k => A = k or A = -k,core lesson content formula card,algebra-cas.core-model,primary-control,symbolic-result,needs-review
121,Absolute-Value Equations,A=B\iff A-B=0,core lesson content formula card,algebra-cas.core-model,primary-control,symbolic-result,needs-review
122,Linear Inequalities,"if a < b, then -a > -b",core lesson content formula card,algebra-cas.core-model,primary-control,symbolic-result,needs-review
122,Linear Inequalities,A=B\iff A-B=0,core lesson content formula card,algebra-cas.core-model,primary-control,symbolic-result,needs-review
123,Compound Inequalities,and means intersection,core lesson content formula card,algebra-cas.core-model,primary-control,symbolic-result,needs-review
123,Compound Inequalities,A=B\iff A-B=0,core lesson content formula card,algebra-cas.core-model,primary-control,symbolic-result,needs-review
124,Quadratic Inequalities,test between roots,core lesson content formula card,algebra-cas.core-model,primary-control,symbolic-result,needs-review
124,Quadratic Inequalities,A=B\iff A-B=0,core lesson content formula card,algebra-cas.core-model,primary-control,symbolic-result,needs-review
125,Polynomial Inequalities,roots split intervals,core lesson content formula card,algebra-cas.core-model,primary-control,symbolic-result,needs-review
125,Polynomial Inequalities,A=B\iff A-B=0,core lesson content formula card,algebra-cas.core-model,primary-control,symbolic-result,needs-review
126,Two-Variable Inequalities,test point satisfies inequality,core lesson content formula card,algebra-cas.core-model,primary-control,symbolic-result,needs-review
126,Two-Variable Inequalities,A=B\iff A-B=0,core lesson content formula card,algebra-cas.core-model,primary-control,symbolic-result,needs-review
127,Systems of Inequalities,solution = intersection of half-planes,core lesson content formula card,algebra-cas.core-model,primary-control,symbolic-result,needs-review
127,Systems of Inequalities,A=B\iff A-B=0,core lesson content formula card,algebra-cas.core-model,primary-control,symbolic-result,needs-review
128,Numerical Solver,residual = left side - right side,core lesson content formula card,algebra-cas.core-model,primary-control,symbolic-result,needs-review
128,Numerical Solver,A=B\iff A-B=0,core lesson content formula card,algebra-cas.core-model,primary-control,symbolic-result,needs-review
129,Function Concept,f: input -> output,core lesson content formula card,graph.core-model,primary-control,graph-layer|value-table,needs-review
129,Function Concept,y=f(x),core lesson content formula card,graph.core-model,primary-control,graph-layer|value-table,needs-review
130,Domain and Range,"domain = allowed x, range = possible y",core lesson content formula card,graph.core-model,primary-control,graph-layer|value-table,needs-review
130,Domain and Range,y=f(x),core lesson content formula card,graph.core-model,primary-control,graph-layer|value-table,needs-review
131,Function Notation,f(a) means use input a,core lesson content formula card,graph.core-model,primary-control,graph-layer|value-table,needs-review
131,Function Notation,y=f(x),core lesson content formula card,graph.core-model,primary-control,graph-layer|value-table,needs-review
132,Vertical-Line Test,one x -> one y,core lesson content formula card,graph.core-model,primary-control,graph-layer|value-table,needs-review
132,Vertical-Line Test,y=f(x),core lesson content formula card,graph.core-model,primary-control,graph-layer|value-table,needs-review
133,Linear Functions,f(x)=mx+b,core lesson content formula card,graph.core-model,primary-control,graph-layer|value-table,needs-review
133,Linear Functions,y=f(x),core lesson content formula card,graph.core-model,primary-control,graph-layer|value-table,needs-review
134,Quadratic Functions,f(x)=a(x-h)^2+k,core lesson content formula card,graph.quadratic,primary-control,graph-layer|value-table,needs-review
134,Quadratic Functions,y=f(x),core lesson content formula card,graph.quadratic,primary-control,graph-layer|value-table,needs-review
135,Cubic Functions,f(x)=x^3,core lesson content formula card,graph.cubic,primary-control,graph-layer|value-table,needs-review
135,Cubic Functions,y=f(x),core lesson content formula card,graph.cubic,primary-control,graph-layer|value-table,needs-review
136,Higher-Degree Polynomials,degree n -> at most n real roots,core lesson content formula card,graph.core-model,primary-control,graph-layer|value-table,needs-review
136,Higher-Degree Polynomials,y=f(x),core lesson content formula card,graph.core-model,primary-control,graph-layer|value-table,needs-review
137,Reciprocal Functions,"f(x)=1/x, x!=0",core lesson content formula card,graph.rational,primary-control,graph-layer|value-table,needs-review
137,Reciprocal Functions,y=f(x),core lesson content formula card,graph.rational,primary-control,graph-layer|value-table,needs-review
138,Rational Functions,denominator != 0,core lesson content formula card,graph.rational,primary-control,graph-layer|value-table,needs-review
138,Rational Functions,y=f(x),core lesson content formula card,graph.rational,primary-control,graph-layer|value-table,needs-review
139,Square-Root Functions,"f(x)=sqrt(x), x>=0",core lesson content formula card,graph.core-model,primary-control,graph-layer|value-table,needs-review
139,Square-Root Functions,y=f(x),core lesson content formula card,graph.core-model,primary-control,graph-layer|value-table,needs-review
140,Cube-Root Functions,f(x)=cuberoot(x),core lesson content formula card,graph.core-model,primary-control,graph-layer|value-table,needs-review
140,Cube-Root Functions,y=f(x),core lesson content formula card,graph.core-model,primary-control,graph-layer|value-table,needs-review
141,Absolute-Value Functions,|x| = distance from 0,core lesson content formula card,graph.absolute-value,primary-control,graph-layer|value-table,needs-review
141,Absolute-Value Functions,y=f(x),core lesson content formula card,graph.absolute-value,primary-control,graph-layer|value-table,needs-review
142,Exponential Functions,f(x)=a*b^x,core lesson content formula card,graph.exponential,primary-control,graph-layer|value-table,needs-review
142,Exponential Functions,y=f(x),core lesson content formula card,graph.exponential,primary-control,graph-layer|value-table,needs-review
143,Logarithmic Functions,log_b(x)=y means b^y=x,core lesson content formula card,graph.logarithmic,primary-control,graph-layer|value-table,needs-review
143,Logarithmic Functions,y=f(x),core lesson content formula card,graph.logarithmic,primary-control,graph-layer|value-table,needs-review
144,Trigonometric Functions,sin(theta) = y-coordinate,core lesson content formula card,graph.trigonometric,primary-control,graph-layer|value-table,needs-review
144,Trigonometric Functions,y=f(x),core lesson content formula card,graph.trigonometric,primary-control,graph-layer|value-table,needs-review
145,Hyperbolic Functions,cosh(x)=(e^x+e^-x)/2,core lesson content formula card,graph.core-model,primary-control,graph-layer|value-table,needs-review
145,Hyperbolic Functions,y=f(x),core lesson content formula card,graph.core-model,primary-control,graph-layer|value-table,needs-review
146,Floor Function,floor(x)<=x,core lesson content formula card,graph.core-model,primary-control,graph-layer|value-table,needs-review
146,Floor Function,y=f(x),core lesson content formula card,graph.core-model,primary-control,graph-layer|value-table,needs-review
147,Ceiling Function,ceiling(x)>=x,core lesson content formula card,graph.core-model,primary-control,graph-layer|value-table,needs-review
147,Ceiling Function,y=f(x),core lesson content formula card,graph.core-model,primary-control,graph-layer|value-table,needs-review
148,Sign Function,"sign(x) in {-1,0,1}",core lesson content formula card,graph.core-model,primary-control,graph-layer|value-table,needs-review
148,Sign Function,y=f(x),core lesson content formula card,graph.core-model,primary-control,graph-layer|value-table,needs-review
149,Piecewise Functions,use the matching condition,core lesson content formula card,graph.core-model,primary-control,graph-layer|value-table,needs-review
149,Piecewise Functions,y=f(x),core lesson content formula card,graph.core-model,primary-control,graph-layer|value-table,needs-review
150,Composite Functions,(f o g)(x)=f(g(x)),core lesson content formula card,graph.core-model,primary-control,graph-layer|value-table,needs-review
150,Composite Functions,y=f(x),core lesson content formula card,graph.core-model,primary-control,graph-layer|value-table,needs-review
151,Inverse Functions,f^-1(f(x))=x,core lesson content formula card,graph.core-model,primary-control,graph-layer|value-table,needs-review
151,Inverse Functions,y=f(x),core lesson content formula card,graph.core-model,primary-control,graph-layer|value-table,needs-review
152,Even and Odd Functions,"even: f(-x)=f(x), odd: f(-x)=-f(x)",core lesson content formula card,graph.core-model,primary-control,graph-layer|value-table,needs-review
152,Even and Odd Functions,y=f(x),core lesson content formula card,graph.core-model,primary-control,graph-layer|value-table,needs-review
153,Increasing and Decreasing,x increases => compare y,core lesson content formula card,graph.core-model,primary-control,graph-layer|value-table,needs-review
153,Increasing and Decreasing,y=f(x),core lesson content formula card,graph.core-model,primary-control,graph-layer|value-table,needs-review
154,Periodic Functions,f(x+T)=f(x),core lesson content formula card,graph.core-model,primary-control,graph-layer|value-table,needs-review
154,Periodic Functions,y=f(x),core lesson content formula card,graph.core-model,primary-control,graph-layer|value-table,needs-review
155,Recursive Functions,a_n depends on a_(n-1),core lesson content formula card,graph.core-model,primary-control,graph-layer|value-table,needs-review
155,Recursive Functions,y=f(x),core lesson content formula card,graph.core-model,primary-control,graph-layer|value-table,needs-review
156,Vertical Translation,g(x)=f(x)+k,core lesson content formula card,graph.core-model,primary-control,graph-layer|value-table,needs-review
156,Vertical Translation,y=f(x),core lesson content formula card,graph.core-model,primary-control,graph-layer|value-table,needs-review
157,Horizontal Translation,g(x)=f(x-h),core lesson content formula card,graph.core-model,primary-control,graph-layer|value-table,needs-review
157,Horizontal Translation,y=f(x),core lesson content formula card,graph.core-model,primary-control,graph-layer|value-table,needs-review
158,Vertical Stretch and Compression,g(x)=a f(x),core lesson content formula card,graph.core-model,primary-control,graph-layer|value-table,needs-review
158,Vertical Stretch and Compression,y=f(x),core lesson content formula card,graph.core-model,primary-control,graph-layer|value-table,needs-review
159,Horizontal Stretch and Compression,g(x)=f(cx),core lesson content formula card,graph.core-model,primary-control,graph-layer|value-table,needs-review
159,Horizontal Stretch and Compression,y=f(x),core lesson content formula card,graph.core-model,primary-control,graph-layer|value-table,needs-review
160,Reflection in x-Axis,"(x,y)->(x,-y)",core lesson content formula card,graph.core-model,primary-control,graph-layer|value-table,needs-review
160,Reflection in x-Axis,y=f(x),core lesson content formula card,graph.core-model,primary-control,graph-layer|value-table,needs-review
161,Reflection in y-Axis,"(x,y)->(-x,y)",core lesson content formula card,graph.core-model,primary-control,graph-layer|value-table,needs-review
161,Reflection in y-Axis,y=f(x),core lesson content formula card,graph.core-model,primary-control,graph-layer|value-table,needs-review
162,Combined Transformations,g(x)=a f(x-h)+k,core lesson content formula card,graph.core-model,primary-control,graph-layer|value-table,needs-review
162,Combined Transformations,y=f(x),core lesson content formula card,graph.core-model,primary-control,graph-layer|value-table,needs-review
163,Transformation Order,new value uses previous value,core lesson content formula card,graph.core-model,primary-control,graph-layer|value-table,needs-review
163,Transformation Order,y=f(x),core lesson content formula card,graph.core-model,primary-control,graph-layer|value-table,needs-review
164,Parameter Explorer,y=a x+b,core lesson content formula card,graph.core-model,primary-control,graph-layer|value-table,needs-review
164,Parameter Explorer,y=f(x),core lesson content formula card,graph.core-model,primary-control,graph-layer|value-table,needs-review
165,Parent-Function Library,simplest family rule,core lesson content formula card,graph.core-model,primary-control,graph-layer|value-table,needs-review
165,Parent-Function Library,y=f(x),core lesson content formula card,graph.core-model,primary-control,graph-layer|value-table,needs-review
166,Graph Matching,"formula, table, and graph agree",core lesson content formula card,graph.core-model,primary-control,graph-layer|value-table,needs-review
166,Graph Matching,y=f(x),core lesson content formula card,graph.core-model,primary-control,graph-layer|value-table,needs-review
167,Cartesian Plane,"(x,y)",core lesson content formula card,geometry2d.core-model,primary-control,geometry-measurement,needs-review
167,Cartesian Plane,d=\sqrt{(x_2-x_1)^2+(y_2-y_1)^2},core lesson content formula card,geometry2d.core-model,primary-control,geometry-measurement,needs-review
168,Plotting Points,"(x,y) means horizontal then vertical",core lesson content formula card,geometry2d.core-model,primary-control,geometry-measurement,needs-review
168,Plotting Points,d=\sqrt{(x_2-x_1)^2+(y_2-y_1)^2},core lesson content formula card,geometry2d.core-model,primary-control,geometry-measurement,needs-review
169,Distance Between Points,d=sqrt((x2-x1)^2+(y2-y1)^2),core lesson content formula card,geometry2d.core-model,primary-control,geometry-measurement,needs-review
169,Distance Between Points,d=\sqrt{(x_2-x_1)^2+(y_2-y_1)^2},core lesson content formula card,geometry2d.core-model,primary-control,geometry-measurement,needs-review
170,Midpoint,"M=((x1+x2)/2,(y1+y2)/2)",core lesson content formula card,geometry2d.core-model,primary-control,geometry-measurement,needs-review
170,Midpoint,d=\sqrt{(x_2-x_1)^2+(y_2-y_1)^2},core lesson content formula card,geometry2d.core-model,primary-control,geometry-measurement,needs-review
171,Section Formula,"P=((nx1+mx2)/(m+n),(ny1+my2)/(m+n))",core lesson content formula card,geometry2d.core-model,primary-control,geometry-measurement,needs-review
171,Section Formula,d=\sqrt{(x_2-x_1)^2+(y_2-y_1)^2},core lesson content formula card,geometry2d.core-model,primary-control,geometry-measurement,needs-review
172,Gradient / Slope,m=(y2-y1)/(x2-x1),core lesson content formula card,geometry2d.core-model,primary-control,geometry-measurement,needs-review
172,Gradient / Slope,d=\sqrt{(x_2-x_1)^2+(y_2-y_1)^2},core lesson content formula card,geometry2d.core-model,primary-control,geometry-measurement,needs-review
173,Equation of a Line,y=mx+b,core lesson content formula card,geometry2d.core-model,primary-control,geometry-measurement,needs-review
173,Equation of a Line,d=\sqrt{(x_2-x_1)^2+(y_2-y_1)^2},core lesson content formula card,geometry2d.core-model,primary-control,geometry-measurement,needs-review
174,Parallel Lines,m1=m2,core lesson content formula card,geometry2d.core-model,primary-control,geometry-measurement,needs-review
174,Parallel Lines,d=\sqrt{(x_2-x_1)^2+(y_2-y_1)^2},core lesson content formula card,geometry2d.core-model,primary-control,geometry-measurement,needs-review
175,Perpendicular Lines,m1*m2=-1,core lesson content formula card,geometry2d.core-model,primary-control,geometry-measurement,needs-review
175,Perpendicular Lines,d=\sqrt{(x_2-x_1)^2+(y_2-y_1)^2},core lesson content formula card,geometry2d.core-model,primary-control,geometry-measurement,needs-review
176,Angle Between Lines,"parallel 0 degrees, perpendicular 90 degrees",core lesson content formula card,geometry2d.core-model,primary-control,geometry-measurement,needs-review
176,Angle Between Lines,d=\sqrt{(x_2-x_1)^2+(y_2-y_1)^2},core lesson content formula card,geometry2d.core-model,primary-control,geometry-measurement,needs-review
177,Point-to-Line Distance,perpendicular to the line,core lesson content formula card,geometry2d.core-model,primary-control,geometry-measurement,needs-review
177,Point-to-Line Distance,d=\sqrt{(x_2-x_1)^2+(y_2-y_1)^2},core lesson content formula card,geometry2d.core-model,primary-control,geometry-measurement,needs-review
178,Coordinate Loci,x^2+y^2=r^2,core lesson content formula card,geometry2d.core-model,primary-control,geometry-measurement,needs-review
178,Coordinate Loci,d=\sqrt{(x_2-x_1)^2+(y_2-y_1)^2},core lesson content formula card,geometry2d.core-model,primary-control,geometry-measurement,needs-review
179,Coordinate Transformations,"(x,y)->(x+a,y+b)",core lesson content formula card,geometry2d.core-model,primary-control,geometry-measurement,needs-review
179,Coordinate Transformations,d=\sqrt{(x_2-x_1)^2+(y_2-y_1)^2},core lesson content formula card,geometry2d.core-model,primary-control,geometry-measurement,needs-review
180,Polar Coordinates,"x=r cos theta, y=r sin theta",core lesson content formula card,geometry2d.core-model,primary-control,geometry-measurement,needs-review
180,Polar Coordinates,d=\sqrt{(x_2-x_1)^2+(y_2-y_1)^2},core lesson content formula card,geometry2d.core-model,primary-control,geometry-measurement,needs-review
181,Parametric Coordinates,"(x,y)=(x(t),y(t))",core lesson content formula card,geometry2d.core-model,primary-control,geometry-measurement,needs-review
181,Parametric Coordinates,d=\sqrt{(x_2-x_1)^2+(y_2-y_1)^2},core lesson content formula card,geometry2d.core-model,primary-control,geometry-measurement,needs-review
182,Barycentric Coordinates,"P=w1A+w2B+w3C, w1+w2+w3=1",core lesson content formula card,geometry2d.core-model,primary-control,geometry-measurement,needs-review
182,Barycentric Coordinates,d=\sqrt{(x_2-x_1)^2+(y_2-y_1)^2},core lesson content formula card,geometry2d.core-model,primary-control,geometry-measurement,needs-review
183,Vector Introduction,"v=(x,y)",core lesson content formula card,vector.core-model,primary-control,vector-result,needs-review
183,Vector Introduction,\|v\|=\sqrt{x^2+y^2},core lesson content formula card,vector.core-model,primary-control,vector-result,needs-review
184,Component Form,"v=(vx,vy)",core lesson content formula card,vector.core-model,primary-control,vector-result,needs-review
184,Component Form,\|v\|=\sqrt{x^2+y^2},core lesson content formula card,vector.core-model,primary-control,vector-result,needs-review
185,Position Vectors,"OP=(x,y)",core lesson content formula card,vector.core-model,primary-control,vector-result,needs-review
185,Position Vectors,\|v\|=\sqrt{x^2+y^2},core lesson content formula card,vector.core-model,primary-control,vector-result,needs-review
186,Vector Addition,"u+v=(ux+vx,uy+vy)",core lesson content formula card,vector.core-model,primary-control,vector-result,needs-review
186,Vector Addition,\|v\|=\sqrt{x^2+y^2},core lesson content formula card,vector.core-model,primary-control,vector-result,needs-review
187,Vector Subtraction,"u-v=(ux-vx,uy-vy)",core lesson content formula card,vector.core-model,primary-control,vector-result,needs-review
187,Vector Subtraction,\|v\|=\sqrt{x^2+y^2},core lesson content formula card,vector.core-model,primary-control,vector-result,needs-review
188,Scalar Multiplication,"kv=(kvx,kvy)",core lesson content formula card,vector.core-model,primary-control,vector-result,needs-review
188,Scalar Multiplication,\|v\|=\sqrt{x^2+y^2},core lesson content formula card,vector.core-model,primary-control,vector-result,needs-review
189,Magnitude and Unit Vectors,|v|=sqrt(x^2+y^2),core lesson content formula card,vector.core-model,primary-control,vector-result,needs-review
189,Magnitude and Unit Vectors,\|v\|=\sqrt{x^2+y^2},core lesson content formula card,vector.core-model,primary-control,vector-result,needs-review
190,Dot Product,u dot v=uxvx+uyvy,core lesson content formula card,vector.core-model,primary-control,vector-result,needs-review
190,Dot Product,\|v\|=\sqrt{x^2+y^2},core lesson content formula card,vector.core-model,primary-control,vector-result,needs-review
191,Cross Product,u x v is perpendicular to u and v,core lesson content formula card,vector.core-model,primary-control,vector-result,needs-review
191,Cross Product,\|v\|=\sqrt{x^2+y^2},core lesson content formula card,vector.core-model,primary-control,vector-result,needs-review
192,Vector Projection,proj_v u=((u dot v)/(v dot v))v,core lesson content formula card,vector.core-model,primary-control,vector-result,needs-review
192,Vector Projection,\|v\|=\sqrt{x^2+y^2},core lesson content formula card,vector.core-model,primary-control,vector-result,needs-review
193,Linear Combinations,au+bv,core lesson content formula card,vector.core-model,primary-control,vector-result,needs-review
193,Linear Combinations,\|v\|=\sqrt{x^2+y^2},core lesson content formula card,vector.core-model,primary-control,vector-result,needs-review
194,Vector Equation of a Line,r=a+tv,core lesson content formula card,vector.core-model,primary-control,vector-result,needs-review
194,Vector Equation of a Line,\|v\|=\sqrt{x^2+y^2},core lesson content formula card,vector.core-model,primary-control,vector-result,needs-review
195,Vector Equation of a Plane,r=a+su+tv,core lesson content formula card,vector.core-model,primary-control,vector-result,needs-review
195,Vector Equation of a Plane,\|v\|=\sqrt{x^2+y^2},core lesson content formula card,vector.core-model,primary-control,vector-result,needs-review
196,Relative Motion,v_relative=v_a-v_b,core lesson content formula card,vector.core-model,primary-control,vector-result,needs-review
196,Relative Motion,\|v\|=\sqrt{x^2+y^2},core lesson content formula card,vector.core-model,primary-control,vector-result,needs-review
197,Force Vectors,F_result=sum F_i,core lesson content formula card,vector.core-model,primary-control,vector-result,needs-review
197,Force Vectors,\|v\|=\sqrt{x^2+y^2},core lesson content formula card,vector.core-model,primary-control,vector-result,needs-review
198,Free Point,"P=(x,y)",core lesson content formula card,geometry2d.core-model,primary-control,geometry-measurement,needs-review
198,Free Point,d=\sqrt{(x_2-x_1)^2+(y_2-y_1)^2},core lesson content formula card,geometry2d.core-model,primary-control,geometry-measurement,needs-review
199,Point on Object,P on object,core lesson content formula card,geometry2d.core-model,primary-control,geometry-measurement,needs-review
199,Point on Object,d=\sqrt{(x_2-x_1)^2+(y_2-y_1)^2},core lesson content formula card,geometry2d.core-model,primary-control,geometry-measurement,needs-review
200,Intersection Point,object A meets object B,core lesson content formula card,geometry2d.core-model,primary-control,geometry-measurement,needs-review
200,Intersection Point,d=\sqrt{(x_2-x_1)^2+(y_2-y_1)^2},core lesson content formula card,geometry2d.core-model,primary-control,geometry-measurement,needs-review
201,Midpoint or Centre,"M=((x1+x2)/2,(y1+y2)/2)",core lesson content formula card,geometry2d.core-model,primary-control,geometry-measurement,needs-review
201,Midpoint or Centre,d=\sqrt{(x_2-x_1)^2+(y_2-y_1)^2},core lesson content formula card,geometry2d.core-model,primary-control,geometry-measurement,needs-review
202,Attach / Detach Point,attach means constrain,core lesson content formula card,geometry2d.core-model,primary-control,geometry-measurement,needs-review
202,Attach / Detach Point,d=\sqrt{(x_2-x_1)^2+(y_2-y_1)^2},core lesson content formula card,geometry2d.core-model,primary-control,geometry-measurement,needs-review
203,Line Through Two Points,line AB,core lesson content formula card,geometry2d.core-model,primary-control,geometry-measurement,needs-review
203,Line Through Two Points,d=\sqrt{(x_2-x_1)^2+(y_2-y_1)^2},core lesson content formula card,geometry2d.core-model,primary-control,geometry-measurement,needs-review
204,Segment,segment AB,core lesson content formula card,geometry2d.core-model,primary-control,geometry-measurement,needs-review
204,Segment,d=\sqrt{(x_2-x_1)^2+(y_2-y_1)^2},core lesson content formula card,geometry2d.core-model,primary-control,geometry-measurement,needs-review
205,Segment with Given Length,AB = fixed length,core lesson content formula card,geometry2d.core-model,primary-control,geometry-measurement,needs-review
205,Segment with Given Length,d=\sqrt{(x_2-x_1)^2+(y_2-y_1)^2},core lesson content formula card,geometry2d.core-model,primary-control,geometry-measurement,needs-review
206,Ray,ray AB,core lesson content formula card,geometry2d.core-model,primary-control,geometry-measurement,needs-review
206,Ray,d=\sqrt{(x_2-x_1)^2+(y_2-y_1)^2},core lesson content formula card,geometry2d.core-model,primary-control,geometry-measurement,needs-review
207,Polyline,A-B-C,core lesson content formula card,geometry2d.core-model,primary-control,geometry-measurement,needs-review
207,Polyline,d=\sqrt{(x_2-x_1)^2+(y_2-y_1)^2},core lesson content formula card,geometry2d.core-model,primary-control,geometry-measurement,needs-review
208,Perpendicular Line,l perpendicular m,core lesson content formula card,geometry2d.core-model,primary-control,geometry-measurement,needs-review
208,Perpendicular Line,d=\sqrt{(x_2-x_1)^2+(y_2-y_1)^2},core lesson content formula card,geometry2d.core-model,primary-control,geometry-measurement,needs-review
209,Parallel Line,l parallel m,core lesson content formula card,geometry2d.core-model,primary-control,geometry-measurement,needs-review
209,Parallel Line,d=\sqrt{(x_2-x_1)^2+(y_2-y_1)^2},core lesson content formula card,geometry2d.core-model,primary-control,geometry-measurement,needs-review
210,Perpendicular Bisector,perpendicular at midpoint,core lesson content formula card,geometry2d.core-model,primary-control,geometry-measurement,needs-review
210,Perpendicular Bisector,d=\sqrt{(x_2-x_1)^2+(y_2-y_1)^2},core lesson content formula card,geometry2d.core-model,primary-control,geometry-measurement,needs-review
211,Angle Bisector,angle A split equally,core lesson content formula card,geometry2d.core-model,primary-control,geometry-measurement,needs-review
211,Angle Bisector,d=\sqrt{(x_2-x_1)^2+(y_2-y_1)^2},core lesson content formula card,geometry2d.core-model,primary-control,geometry-measurement,needs-review
212,Tangent,tangent perpendicular radius,core lesson content formula card,geometry2d.core-model,primary-control,geometry-measurement,needs-review
212,Tangent,d=\sqrt{(x_2-x_1)^2+(y_2-y_1)^2},core lesson content formula card,geometry2d.core-model,primary-control,geometry-measurement,needs-review
213,Best-Fit Line,y=mx+b,core lesson content formula card,geometry2d.core-model,primary-control,geometry-measurement,needs-review
213,Best-Fit Line,d=\sqrt{(x_2-x_1)^2+(y_2-y_1)^2},core lesson content formula card,geometry2d.core-model,primary-control,geometry-measurement,needs-review
214,Triangle Constructor,A+B+C=180 degrees,core lesson content formula card,geometry2d.core-model,primary-control,geometry-measurement,needs-review
214,Triangle Constructor,d=\sqrt{(x_2-x_1)^2+(y_2-y_1)^2},core lesson content formula card,geometry2d.core-model,primary-control,geometry-measurement,needs-review
215,Regular Polygon,exterior angle=360 degrees/n,core lesson content formula card,geometry2d.core-model,primary-control,geometry-measurement,needs-review
215,Regular Polygon,d=\sqrt{(x_2-x_1)^2+(y_2-y_1)^2},core lesson content formula card,geometry2d.core-model,primary-control,geometry-measurement,needs-review
216,Rigid Polygon,lengths and angles stay equal,core lesson content formula card,geometry2d.core-model,primary-control,geometry-measurement,needs-review
216,Rigid Polygon,d=\sqrt{(x_2-x_1)^2+(y_2-y_1)^2},core lesson content formula card,geometry2d.core-model,primary-control,geometry-measurement,needs-review
217,General Polygon,P=sum of side lengths,core lesson content formula card,geometry2d.core-model,primary-control,geometry-measurement,needs-review
217,General Polygon,d=\sqrt{(x_2-x_1)^2+(y_2-y_1)^2},core lesson content formula card,geometry2d.core-model,primary-control,geometry-measurement,needs-review
218,Circle: Centre and Point,"r=distance(C,P)",core lesson content formula card,geometry2d.core-model,primary-control,geometry-measurement,needs-review
218,Circle: Centre and Point,d=\sqrt{(x_2-x_1)^2+(y_2-y_1)^2},core lesson content formula card,geometry2d.core-model,primary-control,geometry-measurement,needs-review
219,Circle: Centre and Radius,"distance(C,X)=r",core lesson content formula card,geometry2d.core-model,primary-control,geometry-measurement,needs-review
219,Circle: Centre and Radius,d=\sqrt{(x_2-x_1)^2+(y_2-y_1)^2},core lesson content formula card,geometry2d.core-model,primary-control,geometry-measurement,needs-review
220,Circle Through Three Points,CA=CB=CC,core lesson content formula card,geometry2d.core-model,primary-control,geometry-measurement,needs-review
220,Circle Through Three Points,d=\sqrt{(x_2-x_1)^2+(y_2-y_1)^2},core lesson content formula card,geometry2d.core-model,primary-control,geometry-measurement,needs-review
221,Compass,r_new=r_original,core lesson content formula card,geometry2d.core-model,primary-control,geometry-measurement,needs-review
221,Compass,d=\sqrt{(x_2-x_1)^2+(y_2-y_1)^2},core lesson content formula card,geometry2d.core-model,primary-control,geometry-measurement,needs-review
222,Semicircle,A=(1/2)pi r^2,core lesson content formula card,geometry2d.core-model,primary-control,geometry-measurement,needs-review
222,Semicircle,d=\sqrt{(x_2-x_1)^2+(y_2-y_1)^2},core lesson content formula card,geometry2d.core-model,primary-control,geometry-measurement,needs-review
223,Circular Arc,s=r theta,core lesson content formula card,geometry2d.core-model,primary-control,geometry-measurement,needs-review
223,Circular Arc,d=\sqrt{(x_2-x_1)^2+(y_2-y_1)^2},core lesson content formula card,geometry2d.core-model,primary-control,geometry-measurement,needs-review
224,Circumcircular Arc,OA=OB=OC,core lesson content formula card,geometry2d.core-model,primary-control,geometry-measurement,needs-review
224,Circumcircular Arc,d=\sqrt{(x_2-x_1)^2+(y_2-y_1)^2},core lesson content formula card,geometry2d.core-model,primary-control,geometry-measurement,needs-review
225,Circular Sector,A=(1/2)r^2 theta,core lesson content formula card,geometry2d.core-model,primary-control,geometry-measurement,needs-review
225,Circular Sector,d=\sqrt{(x_2-x_1)^2+(y_2-y_1)^2},core lesson content formula card,geometry2d.core-model,primary-control,geometry-measurement,needs-review
226,Conic Through Five Points,Ax^2+Bxy+Cy^2+Dx+Ey+F=0,core lesson content formula card,geometry2d.core-model,primary-control,geometry-measurement,needs-review
226,Conic Through Five Points,d=\sqrt{(x_2-x_1)^2+(y_2-y_1)^2},core lesson content formula card,geometry2d.core-model,primary-control,geometry-measurement,needs-review
227,Ellipse,PF1+PF2=constant,core lesson content formula card,geometry2d.core-model,primary-control,geometry-measurement,needs-review
227,Ellipse,d=\sqrt{(x_2-x_1)^2+(y_2-y_1)^2},core lesson content formula card,geometry2d.core-model,primary-control,geometry-measurement,needs-review
228,Hyperbola,|PF1-PF2|=constant,core lesson content formula card,geometry2d.core-model,primary-control,geometry-measurement,needs-review
228,Hyperbola,d=\sqrt{(x_2-x_1)^2+(y_2-y_1)^2},core lesson content formula card,geometry2d.core-model,primary-control,geometry-measurement,needs-review
229,Parabola,"PF=distance(P,directrix)",core lesson content formula card,geometry2d.core-model,primary-control,geometry-measurement,needs-review
229,Parabola,d=\sqrt{(x_2-x_1)^2+(y_2-y_1)^2},core lesson content formula card,geometry2d.core-model,primary-control,geometry-measurement,needs-review
230,Distance / Length,d=sqrt((x2-x1)^2+(y2-y1)^2),core lesson content formula card,geometry2d.core-model,primary-control,geometry-measurement,needs-review
230,Distance / Length,d=\sqrt{(x_2-x_1)^2+(y_2-y_1)^2},core lesson content formula card,geometry2d.core-model,primary-control,geometry-measurement,needs-review
231,Area,A=(1/2)bh,core lesson content formula card,geometry2d.core-model,primary-control,geometry-measurement,needs-review
231,Area,d=\sqrt{(x_2-x_1)^2+(y_2-y_1)^2},core lesson content formula card,geometry2d.core-model,primary-control,geometry-measurement,needs-review
232,Angle,360 degrees,core lesson content formula card,geometry2d.core-model,primary-control,geometry-measurement,needs-review
232,Angle,d=\sqrt{(x_2-x_1)^2+(y_2-y_1)^2},core lesson content formula card,geometry2d.core-model,primary-control,geometry-measurement,needs-review
233,Fixed Angle,measure(angle ABC)=constant,core lesson content formula card,geometry2d.core-model,primary-control,geometry-measurement,needs-review
233,Fixed Angle,d=\sqrt{(x_2-x_1)^2+(y_2-y_1)^2},core lesson content formula card,geometry2d.core-model,primary-control,geometry-measurement,needs-review
234,Relation Checker,"relation(object1,object2)=true or false",core lesson content formula card,geometry2d.core-model,primary-control,geometry-measurement,needs-review
234,Relation Checker,d=\sqrt{(x_2-x_1)^2+(y_2-y_1)^2},core lesson content formula card,geometry2d.core-model,primary-control,geometry-measurement,needs-review
235,Construction Steps,step n uses earlier steps,core lesson content formula card,geometry2d.core-model,primary-control,geometry-measurement,needs-review
235,Construction Steps,d=\sqrt{(x_2-x_1)^2+(y_2-y_1)^2},core lesson content formula card,geometry2d.core-model,primary-control,geometry-measurement,needs-review
236,Translation by Vector,P'=P+v,core lesson content formula card,geometry2d.core-model,primary-control,geometry-measurement,needs-review
236,Translation by Vector,d=\sqrt{(x_2-x_1)^2+(y_2-y_1)^2},core lesson content formula card,geometry2d.core-model,primary-control,geometry-measurement,needs-review
237,Reflection in Line,line is perpendicular bisector of PP',core lesson content formula card,geometry2d.core-model,primary-control,geometry-measurement,needs-review
237,Reflection in Line,d=\sqrt{(x_2-x_1)^2+(y_2-y_1)^2},core lesson content formula card,geometry2d.core-model,primary-control,geometry-measurement,needs-review
238,Reflection in Point,C midpoint of PP',core lesson content formula card,geometry2d.core-model,primary-control,geometry-measurement,needs-review
238,Reflection in Point,d=\sqrt{(x_2-x_1)^2+(y_2-y_1)^2},core lesson content formula card,geometry2d.core-model,primary-control,geometry-measurement,needs-review
239,Reflection in Circle,OP*OP'=r^2,core lesson content formula card,geometry2d.core-model,primary-control,geometry-measurement,needs-review
239,Reflection in Circle,d=\sqrt{(x_2-x_1)^2+(y_2-y_1)^2},core lesson content formula card,geometry2d.core-model,primary-control,geometry-measurement,needs-review
240,Rotation Around Point,OP=OP' and angle POP'=theta,core lesson content formula card,geometry2d.core-model,primary-control,geometry-measurement,needs-review
240,Rotation Around Point,d=\sqrt{(x_2-x_1)^2+(y_2-y_1)^2},core lesson content formula card,geometry2d.core-model,primary-control,geometry-measurement,needs-review
241,Dilation from Point,OP'=k*OP,core lesson content formula card,geometry2d.core-model,primary-control,geometry-measurement,needs-review
241,Dilation from Point,d=\sqrt{(x_2-x_1)^2+(y_2-y_1)^2},core lesson content formula card,geometry2d.core-model,primary-control,geometry-measurement,needs-review
242,Matrix Transformation,P'=AP,core lesson content formula card,geometry2d.core-model,primary-control,geometry-measurement,needs-review
242,Matrix Transformation,d=\sqrt{(x_2-x_1)^2+(y_2-y_1)^2},core lesson content formula card,geometry2d.core-model,primary-control,geometry-measurement,needs-review
243,Composite Transformations,T2(T1(P)),core lesson content formula card,geometry2d.core-model,primary-control,geometry-measurement,needs-review
243,Composite Transformations,d=\sqrt{(x_2-x_1)^2+(y_2-y_1)^2},core lesson content formula card,geometry2d.core-model,primary-control,geometry-measurement,needs-review
244,Transformation Mapping,P -> P',core lesson content formula card,geometry2d.core-model,primary-control,geometry-measurement,needs-review
244,Transformation Mapping,d=\sqrt{(x_2-x_1)^2+(y_2-y_1)^2},core lesson content formula card,geometry2d.core-model,primary-control,geometry-measurement,needs-review
245,Invariants,property before = property after,core lesson content formula card,geometry2d.core-model,primary-control,geometry-measurement,needs-review
245,Invariants,d=\sqrt{(x_2-x_1)^2+(y_2-y_1)^2},core lesson content formula card,geometry2d.core-model,primary-control,geometry-measurement,needs-review
246,Symmetry Explorer,T(shape)=shape,core lesson content formula card,geometry2d.core-model,primary-control,geometry-measurement,needs-review
246,Symmetry Explorer,d=\sqrt{(x_2-x_1)^2+(y_2-y_1)^2},core lesson content formula card,geometry2d.core-model,primary-control,geometry-measurement,needs-review
247,Locus Generator,P satisfies condition,core lesson content formula card,geometry2d.core-model,primary-control,geometry-measurement,needs-review
247,Locus Generator,d=\sqrt{(x_2-x_1)^2+(y_2-y_1)^2},core lesson content formula card,geometry2d.core-model,primary-control,geometry-measurement,needs-review
248,Equidistant Loci,"d(P,A)=d(P,B)",core lesson content formula card,geometry2d.core-model,primary-control,geometry-measurement,needs-review
248,Equidistant Loci,d=\sqrt{(x_2-x_1)^2+(y_2-y_1)^2},core lesson content formula card,geometry2d.core-model,primary-control,geometry-measurement,needs-review
249,Moving-Linkage Loci,P(t) follows linkage constraints,core lesson content formula card,geometry2d.core-model,primary-control,geometry-measurement,needs-review
249,Moving-Linkage Loci,d=\sqrt{(x_2-x_1)^2+(y_2-y_1)^2},core lesson content formula card,geometry2d.core-model,primary-control,geometry-measurement,needs-review
250,Envelope of Lines,line family touches curve,core lesson content formula card,geometry2d.core-model,primary-control,geometry-measurement,needs-review
250,Envelope of Lines,d=\sqrt{(x_2-x_1)^2+(y_2-y_1)^2},core lesson content formula card,geometry2d.core-model,primary-control,geometry-measurement,needs-review
251,Dynamic Trace,path={P(t)},core lesson content formula card,geometry2d.core-model,primary-control,geometry-measurement,needs-review
251,Dynamic Trace,d=\sqrt{(x_2-x_1)^2+(y_2-y_1)^2},core lesson content formula card,geometry2d.core-model,primary-control,geometry-measurement,needs-review
252,Conjecture Testing,many examples support claim,core lesson content formula card,geometry2d.core-model,primary-control,geometry-measurement,needs-review
252,Conjecture Testing,d=\sqrt{(x_2-x_1)^2+(y_2-y_1)^2},core lesson content formula card,geometry2d.core-model,primary-control,geometry-measurement,needs-review
253,Exact Proof,given facts -> valid steps -> conclusion,core lesson content formula card,geometry2d.core-model,primary-control,geometry-measurement,needs-review
253,Exact Proof,d=\sqrt{(x_2-x_1)^2+(y_2-y_1)^2},core lesson content formula card,geometry2d.core-model,primary-control,geometry-measurement,needs-review
254,Collinearity Test,slope AB=slope BC,core lesson content formula card,geometry2d.core-model,primary-control,geometry-measurement,needs-review
254,Collinearity Test,d=\sqrt{(x_2-x_1)^2+(y_2-y_1)^2},core lesson content formula card,geometry2d.core-model,primary-control,geometry-measurement,needs-review
255,Concurrency Test,L1 cap L2 cap L3 = P,core lesson content formula card,geometry2d.core-model,primary-control,geometry-measurement,needs-review
255,Concurrency Test,d=\sqrt{(x_2-x_1)^2+(y_2-y_1)^2},core lesson content formula card,geometry2d.core-model,primary-control,geometry-measurement,needs-review
256,Concyclicity Test,OA=OB=OC=OD,core lesson content formula card,geometry2d.core-model,primary-control,geometry-measurement,needs-review
256,Concyclicity Test,d=\sqrt{(x_2-x_1)^2+(y_2-y_1)^2},core lesson content formula card,geometry2d.core-model,primary-control,geometry-measurement,needs-review
257,Angle Measurement,180 degrees = pi radians,core lesson content formula card,trigonometry.core-model,primary-control,trig-values,needs-review
257,Angle Measurement,"(\cos\theta,\sin\theta)",core lesson content formula card,trigonometry.core-model,primary-control,trig-values,needs-review
258,Unit Circle,"(x,y)=(cos theta, sin theta)",core lesson content formula card,trigonometry.core-model,primary-control,trig-values,needs-review
258,Unit Circle,"(\cos\theta,\sin\theta)",core lesson content formula card,trigonometry.core-model,primary-control,trig-values,needs-review
259,Right-Triangle Ratios,"sin theta=o/h, cos theta=a/h, tan theta=o/a",core lesson content formula card,trigonometry.core-model,primary-control,trig-values,needs-review
259,Right-Triangle Ratios,"(\cos\theta,\sin\theta)",core lesson content formula card,trigonometry.core-model,primary-control,trig-values,needs-review
260,Exact Trig Values,sin 30 degrees = 1/2,core lesson content formula card,trigonometry.core-model,primary-control,trig-values,needs-review
260,Exact Trig Values,"(\cos\theta,\sin\theta)",core lesson content formula card,trigonometry.core-model,primary-control,trig-values,needs-review
261,Sine Graph,y=sin x,core lesson content formula card,trigonometry.core-model,primary-control,trig-values,needs-review
261,Sine Graph,"(\cos\theta,\sin\theta)",core lesson content formula card,trigonometry.core-model,primary-control,trig-values,needs-review
262,Cosine Graph,y=cos x,core lesson content formula card,trigonometry.core-model,primary-control,trig-values,needs-review
262,Cosine Graph,"(\cos\theta,\sin\theta)",core lesson content formula card,trigonometry.core-model,primary-control,trig-values,needs-review
263,Tangent Graph,tan x=sin x/cos x,core lesson content formula card,trigonometry.core-model,primary-control,trig-values,needs-review
263,Tangent Graph,"(\cos\theta,\sin\theta)",core lesson content formula card,trigonometry.core-model,primary-control,trig-values,needs-review
264,Reciprocal Trig Functions,sec theta=1/cos theta,core lesson content formula card,trigonometry.core-model,primary-control,trig-values,needs-review
264,Reciprocal Trig Functions,"(\cos\theta,\sin\theta)",core lesson content formula card,trigonometry.core-model,primary-control,trig-values,needs-review
265,Inverse Trig Functions,sin^-1(r)=theta,core lesson content formula card,trigonometry.core-model,primary-control,trig-values,needs-review
265,Inverse Trig Functions,"(\cos\theta,\sin\theta)",core lesson content formula card,trigonometry.core-model,primary-control,trig-values,needs-review
266,Trig Identities,sin^2 theta+cos^2 theta=1,core lesson content formula card,trigonometry.core-model,primary-control,trig-values,needs-review
266,Trig Identities,"(\cos\theta,\sin\theta)",core lesson content formula card,trigonometry.core-model,primary-control,trig-values,needs-review
267,Compound-Angle Formulae,sin(A+B)=sin A cos B+cos A sin B,core lesson content formula card,trigonometry.core-model,primary-control,trig-values,needs-review
267,Compound-Angle Formulae,"(\cos\theta,\sin\theta)",core lesson content formula card,trigonometry.core-model,primary-control,trig-values,needs-review
268,Double- and Half-Angle Formulae,sin 2A=2 sin A cos A,core lesson content formula card,trigonometry.core-model,primary-control,trig-values,needs-review
268,Double- and Half-Angle Formulae,"(\cos\theta,\sin\theta)",core lesson content formula card,trigonometry.core-model,primary-control,trig-values,needs-review
269,Trig Equations,sin theta = 1/2,core lesson content formula card,trigonometry.core-model,primary-control,trig-values,needs-review
269,Trig Equations,"(\cos\theta,\sin\theta)",core lesson content formula card,trigonometry.core-model,primary-control,trig-values,needs-review
270,Sine Rule,a/sin A=b/sin B,core lesson content formula card,trigonometry.core-model,primary-control,trig-values,needs-review
270,Sine Rule,"(\cos\theta,\sin\theta)",core lesson content formula card,trigonometry.core-model,primary-control,trig-values,needs-review
271,Cosine Rule,c^2=a^2+b^2-2ab cos C,core lesson content formula card,trigonometry.core-model,primary-control,trig-values,needs-review
271,Cosine Rule,"(\cos\theta,\sin\theta)",core lesson content formula card,trigonometry.core-model,primary-control,trig-values,needs-review
272,Triangle Area Formula,A=(1/2)ab sin C,core lesson content formula card,trigonometry.core-model,primary-control,trig-values,needs-review
272,Triangle Area Formula,"(\cos\theta,\sin\theta)",core lesson content formula card,trigonometry.core-model,primary-control,trig-values,needs-review
273,Bearings,bearing = clockwise angle from north,core lesson content formula card,trigonometry.core-model,primary-control,trig-values,needs-review
273,Bearings,"(\cos\theta,\sin\theta)",core lesson content formula card,trigonometry.core-model,primary-control,trig-values,needs-review
274,Elevation and Depression,tan theta=opposite/adjacent,core lesson content formula card,trigonometry.core-model,primary-control,trig-values,needs-review
274,Elevation and Depression,"(\cos\theta,\sin\theta)",core lesson content formula card,trigonometry.core-model,primary-control,trig-values,needs-review
275,Harmonic Motion,y=A sin(omega t)+D,core lesson content formula card,trigonometry.core-model,primary-control,trig-values,needs-review
275,Harmonic Motion,"(\cos\theta,\sin\theta)",core lesson content formula card,trigonometry.core-model,primary-control,trig-values,needs-review
276,Polar Trigonometry,"x=r cos theta, y=r sin theta",core lesson content formula card,trigonometry.core-model,primary-control,trig-values,needs-review
276,Polar Trigonometry,"(\cos\theta,\sin\theta)",core lesson content formula card,trigonometry.core-model,primary-control,trig-values,needs-review
428,Symbolic Evaluation,evaluate(expression),core lesson content formula card,cas.core-model,primary-control,cas-result,needs-review
428,Symbolic Evaluation,simplify(A-B)=0\Rightarrow A=B,core lesson content formula card,cas.core-model,primary-control,cas-result,needs-review
429,Simplify,same value on allowed domain,core lesson content formula card,cas.core-model,primary-control,cas-result,needs-review
429,Simplify,simplify(A-B)=0\Rightarrow A=B,core lesson content formula card,cas.core-model,primary-control,cas-result,needs-review
430,Expand,a(b+c)=ab+ac,core lesson content formula card,cas.core-model,primary-control,cas-result,needs-review
430,Expand,simplify(A-B)=0\Rightarrow A=B,core lesson content formula card,cas.core-model,primary-control,cas-result,needs-review
431,Factor,sum -> product,core lesson content formula card,cas.core-model,primary-control,cas-result,needs-review
431,Factor,simplify(A-B)=0\Rightarrow A=B,core lesson content formula card,cas.core-model,primary-control,cas-result,needs-review
432,Substitute,x -> a,core lesson content formula card,cas.core-model,primary-control,cas-result,needs-review
432,Substitute,simplify(A-B)=0\Rightarrow A=B,core lesson content formula card,cas.core-model,primary-control,cas-result,needs-review
433,Solve,left side = right side,core lesson content formula card,cas.core-model,primary-control,cas-result,needs-review
433,Solve,simplify(A-B)=0\Rightarrow A=B,core lesson content formula card,cas.core-model,primary-control,cas-result,needs-review
434,Numerical Solve,f(x) approx 0,core lesson content formula card,cas.core-model,primary-control,cas-result,needs-review
434,Numerical Solve,simplify(A-B)=0\Rightarrow A=B,core lesson content formula card,cas.core-model,primary-control,cas-result,needs-review
435,Solve Systems,all equations true,core lesson content formula card,cas.core-model,primary-control,cas-result,needs-review
435,Solve Systems,simplify(A-B)=0\Rightarrow A=B,core lesson content formula card,cas.core-model,primary-control,cas-result,needs-review
436,Eliminate Variables,combine equations,core lesson content formula card,cas.core-model,primary-control,cas-result,needs-review
436,Eliminate Variables,simplify(A-B)=0\Rightarrow A=B,core lesson content formula card,cas.core-model,primary-control,cas-result,needs-review
437,Partial Fractions,rational expression -> simpler fractions,core lesson content formula card,cas.core-model,primary-control,cas-result,needs-review
437,Partial Fractions,simplify(A-B)=0\Rightarrow A=B,core lesson content formula card,cas.core-model,primary-control,cas-result,needs-review
438,Polynomial Division,dividend = divisor x quotient + remainder,core lesson content formula card,cas.core-model,primary-control,cas-result,needs-review
438,Polynomial Division,simplify(A-B)=0\Rightarrow A=B,core lesson content formula card,cas.core-model,primary-control,cas-result,needs-review
439,Derivatives,d/dx f(x),core lesson content formula card,cas.core-model,primary-control,cas-result,needs-review
439,Derivatives,simplify(A-B)=0\Rightarrow A=B,core lesson content formula card,cas.core-model,primary-control,cas-result,needs-review
440,Integrals,int f(x) dx,core lesson content formula card,cas.core-model,primary-control,cas-result,needs-review
440,Integrals,simplify(A-B)=0\Rightarrow A=B,core lesson content formula card,cas.core-model,primary-control,cas-result,needs-review
441,Limits,lim x->a f(x),core lesson content formula card,cas.core-model,primary-control,cas-result,needs-review
441,Limits,simplify(A-B)=0\Rightarrow A=B,core lesson content formula card,cas.core-model,primary-control,cas-result,needs-review
442,Series Expansions,f(x)=sum terms,core lesson content formula card,cas.core-model,primary-control,cas-result,needs-review
442,Series Expansions,simplify(A-B)=0\Rightarrow A=B,core lesson content formula card,cas.core-model,primary-control,cas-result,needs-review
443,Differential Equations,simplify(A-B)=0\Rightarrow A=B,core lesson content formula card,cas.first-order-ode,ode-rule|ode-initial-condition,slope-field|solution-curve|euler-next-point,needs-review
443,Differential Equations,\frac{d}{dx}x^n=nx^{n-1},core lesson content formula card,cas.first-order-ode,ode-rule|ode-initial-condition,slope-field|solution-curve|euler-next-point,needs-review
444,Matrix Operations,rows x columns,core lesson content formula card,cas.core-model,primary-control,cas-result,needs-review
444,Matrix Operations,simplify(A-B)=0\Rightarrow A=B,core lesson content formula card,cas.core-model,primary-control,cas-result,needs-review
445,Complex Calculations,i^2=-1,core lesson content formula card,cas.core-model,primary-control,cas-result,needs-review
445,Complex Calculations,simplify(A-B)=0\Rightarrow A=B,core lesson content formula card,cas.core-model,primary-control,cas-result,needs-review
446,Assumptions,x in domain,core lesson content formula card,cas.core-model,primary-control,cas-result,needs-review
446,Assumptions,simplify(A-B)=0\Rightarrow A=B,core lesson content formula card,cas.core-model,primary-control,cas-result,needs-review
447,Exact / Numeric Toggle,exact <-> numeric,core lesson content formula card,cas.core-model,primary-control,cas-result,needs-review
447,Exact / Numeric Toggle,simplify(A-B)=0\Rightarrow A=B,core lesson content formula card,cas.core-model,primary-control,cas-result,needs-review
448,Step-by-Step Algebra,line by line transformations,core lesson content formula card,cas.core-model,primary-control,cas-result,needs-review
448,Step-by-Step Algebra,simplify(A-B)=0\Rightarrow A=B,core lesson content formula card,cas.core-model,primary-control,cas-result,needs-review
449,CAS-to-Graph Link,expression -> graph,core lesson content formula card,cas.core-model,primary-control,cas-result,needs-review
449,CAS-to-Graph Link,simplify(A-B)=0\Rightarrow A=B,core lesson content formula card,cas.core-model,primary-control,cas-result,needs-review
277,Informal Limits,lim x->a f(x)=L,core lesson content formula card,calculus.core-model,primary-control,calculus-result,needs-review
277,Informal Limits,f'(x)=\lim_{h\to0}\frac{f(x+h)-f(x)}{h},core lesson content formula card,calculus.core-model,primary-control,calculus-result,needs-review
278,One-Sided Limits,"lim x->a- f(x), lim x->a+ f(x)",core lesson content formula card,calculus.core-model,primary-control,calculus-result,needs-review
278,One-Sided Limits,f'(x)=\lim_{h\to0}\frac{f(x+h)-f(x)}{h},core lesson content formula card,calculus.core-model,primary-control,calculus-result,needs-review
279,Infinite Limits,lim x->a f(x)=infinity,core lesson content formula card,calculus.core-model,primary-control,calculus-result,needs-review
279,Infinite Limits,f'(x)=\lim_{h\to0}\frac{f(x+h)-f(x)}{h},core lesson content formula card,calculus.core-model,primary-control,calculus-result,needs-review
280,Limits at Infinity,lim x->infinity f(x)=L,core lesson content formula card,calculus.core-model,primary-control,calculus-result,needs-review
280,Limits at Infinity,f'(x)=\lim_{h\to0}\frac{f(x+h)-f(x)}{h},core lesson content formula card,calculus.core-model,primary-control,calculus-result,needs-review
281,Continuity at a Point,lim x->a f(x)=f(a),core lesson content formula card,calculus.core-model,primary-control,calculus-result,needs-review
281,Continuity at a Point,f'(x)=\lim_{h\to0}\frac{f(x+h)-f(x)}{h},core lesson content formula card,calculus.core-model,primary-control,calculus-result,needs-review
282,Types of Discontinuity,continuous test fails,core lesson content formula card,calculus.core-model,primary-control,calculus-result,needs-review
282,Types of Discontinuity,f'(x)=\lim_{h\to0}\frac{f(x+h)-f(x)}{h},core lesson content formula card,calculus.core-model,primary-control,calculus-result,needs-review
283,Epsilon–Delta Visualiser,0<|x-a|<delta -> |f(x)-L|<epsilon,core lesson content formula card,calculus.core-model,primary-control,calculus-result,needs-review
283,Epsilon–Delta Visualiser,f'(x)=\lim_{h\to0}\frac{f(x+h)-f(x)}{h},core lesson content formula card,calculus.core-model,primary-control,calculus-result,needs-review
284,Average Rate of Change,(f(b)-f(a))/(b-a),core lesson content formula card,calculus.core-model,primary-control,calculus-result,needs-review
284,Average Rate of Change,f'(x)=\lim_{h\to0}\frac{f(x+h)-f(x)}{h},core lesson content formula card,calculus.core-model,primary-control,calculus-result,needs-review
285,Instantaneous Rate of Change,f'(a)=lim h->0 (f(a+h)-f(a))/h,core lesson content formula card,calculus.core-model,primary-control,calculus-result,needs-review
285,Instantaneous Rate of Change,f'(x)=\lim_{h\to0}\frac{f(x+h)-f(x)}{h},core lesson content formula card,calculus.core-model,primary-control,calculus-result,needs-review
286,Derivative from First Principles,f'(x)=lim h->0 (f(x+h)-f(x))/h,core lesson content formula card,calculus.core-model,primary-control,calculus-result,needs-review
286,Derivative from First Principles,f'(x)=\lim_{h\to0}\frac{f(x+h)-f(x)}{h},core lesson content formula card,calculus.core-model,primary-control,calculus-result,needs-review
287,Tangent Line,y-f(a)=f'(a)(x-a),core lesson content formula card,calculus.core-model,primary-control,calculus-result,needs-review
287,Tangent Line,f'(x)=\lim_{h\to0}\frac{f(x+h)-f(x)}{h},core lesson content formula card,calculus.core-model,primary-control,calculus-result,needs-review
288,Normal Line,m_normal=-1/m_tangent,core lesson content formula card,calculus.core-model,primary-control,calculus-result,needs-review
288,Normal Line,f'(x)=\lim_{h\to0}\frac{f(x+h)-f(x)}{h},core lesson content formula card,calculus.core-model,primary-control,calculus-result,needs-review
289,Derivative Graph,y=f'(x),core lesson content formula card,calculus.core-model,primary-control,calculus-result,needs-review
289,Derivative Graph,f'(x)=\lim_{h\to0}\frac{f(x+h)-f(x)}{h},core lesson content formula card,calculus.core-model,primary-control,calculus-result,needs-review
290,Higher Derivatives,f''(x)=d/dx(f'(x)),core lesson content formula card,calculus.core-model,primary-control,calculus-result,needs-review
290,Higher Derivatives,f'(x)=\lim_{h\to0}\frac{f(x+h)-f(x)}{h},core lesson content formula card,calculus.core-model,primary-control,calculus-result,needs-review
291,Product Rule,(uv)'=u'v+uv',core lesson content formula card,calculus.core-model,primary-control,calculus-result,needs-review
291,Product Rule,f'(x)=\lim_{h\to0}\frac{f(x+h)-f(x)}{h},core lesson content formula card,calculus.core-model,primary-control,calculus-result,needs-review
292,Quotient Rule,(u/v)'=(u'v-uv')/v^2,core lesson content formula card,calculus.core-model,primary-control,calculus-result,needs-review
292,Quotient Rule,f'(x)=\lim_{h\to0}\frac{f(x+h)-f(x)}{h},core lesson content formula card,calculus.core-model,primary-control,calculus-result,needs-review
293,Chain Rule,d/dx f(g(x))=f'(g(x))g'(x),core lesson content formula card,calculus.core-model,primary-control,calculus-result,needs-review
293,Chain Rule,f'(x)=\lim_{h\to0}\frac{f(x+h)-f(x)}{h},core lesson content formula card,calculus.core-model,primary-control,calculus-result,needs-review
294,Implicit Differentiation,d/dx(y^2)=2y dy/dx,core lesson content formula card,calculus.core-model,primary-control,calculus-result,needs-review
294,Implicit Differentiation,f'(x)=\lim_{h\to0}\frac{f(x+h)-f(x)}{h},core lesson content formula card,calculus.core-model,primary-control,calculus-result,needs-review
295,Parametric Differentiation,dy/dx=(dy/dt)/(dx/dt),core lesson content formula card,calculus.core-model,primary-control,calculus-result,needs-review
295,Parametric Differentiation,f'(x)=\lim_{h\to0}\frac{f(x+h)-f(x)}{h},core lesson content formula card,calculus.core-model,primary-control,calculus-result,needs-review
296,Critical Points,f'(c)=0 or f'(c) undefined,core lesson content formula card,calculus.core-model,primary-control,calculus-result,needs-review
296,Critical Points,f'(x)=\lim_{h\to0}\frac{f(x+h)-f(x)}{h},core lesson content formula card,calculus.core-model,primary-control,calculus-result,needs-review
297,Increasing / Decreasing,"f'>0 increasing, f'<0 decreasing",core lesson content formula card,calculus.core-model,primary-control,calculus-result,needs-review
297,Increasing / Decreasing,f'(x)=\lim_{h\to0}\frac{f(x+h)-f(x)}{h},core lesson content formula card,calculus.core-model,primary-control,calculus-result,needs-review
298,Local and Global Extrema,compare f(c) with nearby or all f(x),core lesson content formula card,calculus.core-model,primary-control,calculus-result,needs-review
298,Local and Global Extrema,f'(x)=\lim_{h\to0}\frac{f(x+h)-f(x)}{h},core lesson content formula card,calculus.core-model,primary-control,calculus-result,needs-review
299,Concavity,"f''>0 up, f''<0 down",core lesson content formula card,calculus.core-model,primary-control,calculus-result,needs-review
299,Concavity,f'(x)=\lim_{h\to0}\frac{f(x+h)-f(x)}{h},core lesson content formula card,calculus.core-model,primary-control,calculus-result,needs-review
300,Inflection Points,concavity changes sign,core lesson content formula card,calculus.core-model,primary-control,calculus-result,needs-review
300,Inflection Points,f'(x)=\lim_{h\to0}\frac{f(x+h)-f(x)}{h},core lesson content formula card,calculus.core-model,primary-control,calculus-result,needs-review
301,Optimisation,model -> derivative -> candidates -> compare,core lesson content formula card,calculus.core-model,primary-control,calculus-result,needs-review
301,Optimisation,f'(x)=\lim_{h\to0}\frac{f(x+h)-f(x)}{h},core lesson content formula card,calculus.core-model,primary-control,calculus-result,needs-review
302,Related Rates,d/dt relation,core lesson content formula card,calculus.core-model,primary-control,calculus-result,needs-review
302,Related Rates,f'(x)=\lim_{h\to0}\frac{f(x+h)-f(x)}{h},core lesson content formula card,calculus.core-model,primary-control,calculus-result,needs-review
303,Motion Analysis,"v=s'(t), a=v'(t)=s''(t)",core lesson content formula card,calculus.core-model,primary-control,calculus-result,needs-review
303,Motion Analysis,f'(x)=\lim_{h\to0}\frac{f(x+h)-f(x)}{h},core lesson content formula card,calculus.core-model,primary-control,calculus-result,needs-review
304,Newton's Method,x_{n+1}=x_n-f(x_n)/f'(x_n),core lesson content formula card,calculus.core-model,primary-control,calculus-result,needs-review
304,Newton's Method,f'(x)=\lim_{h\to0}\frac{f(x+h)-f(x)}{h},core lesson content formula card,calculus.core-model,primary-control,calculus-result,needs-review
305,Taylor Polynomial,P_n(x)=sum f^(k)(a)(x-a)^k/k!,core lesson content formula card,calculus.core-model,primary-control,calculus-result,needs-review
305,Taylor Polynomial,f'(x)=\lim_{h\to0}\frac{f(x+h)-f(x)}{h},core lesson content formula card,calculus.core-model,primary-control,calculus-result,needs-review
306,Area by Rectangles,A approx sum f(x_i) Delta x,core lesson content formula card,calculus.core-model,primary-control,calculus-result,needs-review
306,Area by Rectangles,f'(x)=\lim_{h\to0}\frac{f(x+h)-f(x)}{h},core lesson content formula card,calculus.core-model,primary-control,calculus-result,needs-review
307,Riemann Sums,sum f(x_i*) Delta x_i,core lesson content formula card,calculus.core-model,primary-control,calculus-result,needs-review
307,Riemann Sums,f'(x)=\lim_{h\to0}\frac{f(x+h)-f(x)}{h},core lesson content formula card,calculus.core-model,primary-control,calculus-result,needs-review
308,Definite Integral,int_a^b f(x) dx,core lesson content formula card,calculus.core-model,primary-control,calculus-result,needs-review
308,Definite Integral,f'(x)=\lim_{h\to0}\frac{f(x+h)-f(x)}{h},core lesson content formula card,calculus.core-model,primary-control,calculus-result,needs-review
309,Indefinite Integral,int f(x) dx = F(x)+C,core lesson content formula card,calculus.core-model,primary-control,calculus-result,needs-review
309,Indefinite Integral,f'(x)=\lim_{h\to0}\frac{f(x+h)-f(x)}{h},core lesson content formula card,calculus.core-model,primary-control,calculus-result,needs-review
310,Fundamental Theorem,int_a^b f(x) dx = F(b)-F(a),core lesson content formula card,calculus.core-model,primary-control,calculus-result,needs-review
310,Fundamental Theorem,f'(x)=\lim_{h\to0}\frac{f(x+h)-f(x)}{h},core lesson content formula card,calculus.core-model,primary-control,calculus-result,needs-review
311,Area Between Curves,A=int_a^b (top-bottom) dx,core lesson content formula card,calculus.core-model,primary-control,calculus-result,needs-review
311,Area Between Curves,f'(x)=\lim_{h\to0}\frac{f(x+h)-f(x)}{h},core lesson content formula card,calculus.core-model,primary-control,calculus-result,needs-review
312,Substitution,int f(g(x))g'(x) dx = int f(u) du,core lesson content formula card,calculus.core-model,primary-control,calculus-result,needs-review
312,Substitution,f'(x)=\lim_{h\to0}\frac{f(x+h)-f(x)}{h},core lesson content formula card,calculus.core-model,primary-control,calculus-result,needs-review
313,Integration by Parts,int u dv = uv - int v du,core lesson content formula card,calculus.core-model,primary-control,calculus-result,needs-review
313,Integration by Parts,f'(x)=\lim_{h\to0}\frac{f(x+h)-f(x)}{h},core lesson content formula card,calculus.core-model,primary-control,calculus-result,needs-review
314,Partial Fractions,P(x)/Q(x)=A/(x-a)+B/(x-b),core lesson content formula card,calculus.core-model,primary-control,calculus-result,needs-review
314,Partial Fractions,f'(x)=\lim_{h\to0}\frac{f(x+h)-f(x)}{h},core lesson content formula card,calculus.core-model,primary-control,calculus-result,needs-review
315,Improper Integrals,int_a^infty f(x) dx = lim_{b->infty} int_a^b f(x) dx,core lesson content formula card,calculus.core-model,primary-control,calculus-result,needs-review
315,Improper Integrals,f'(x)=\lim_{h\to0}\frac{f(x+h)-f(x)}{h},core lesson content formula card,calculus.core-model,primary-control,calculus-result,needs-review
316,Numerical Integration,A approx (Delta x/2)(y_0+2y_1+...+y_n),core lesson content formula card,calculus.core-model,primary-control,calculus-result,needs-review
316,Numerical Integration,f'(x)=\lim_{h\to0}\frac{f(x+h)-f(x)}{h},core lesson content formula card,calculus.core-model,primary-control,calculus-result,needs-review
317,Volume by Slicing,V=int_a^b A(x) dx,core lesson content formula card,calculus.core-model,primary-control,calculus-result,needs-review
317,Volume by Slicing,f'(x)=\lim_{h\to0}\frac{f(x+h)-f(x)}{h},core lesson content formula card,calculus.core-model,primary-control,calculus-result,needs-review
318,Disc and Washer Methods,V=pi int_a^b (R^2-r^2) dx,core lesson content formula card,calculus.core-model,primary-control,calculus-result,needs-review
318,Disc and Washer Methods,f'(x)=\lim_{h\to0}\frac{f(x+h)-f(x)}{h},core lesson content formula card,calculus.core-model,primary-control,calculus-result,needs-review
319,Shell Method,V=2pi int radius height dx,core lesson content formula card,calculus.core-model,primary-control,calculus-result,needs-review
319,Shell Method,f'(x)=\lim_{h\to0}\frac{f(x+h)-f(x)}{h},core lesson content formula card,calculus.core-model,primary-control,calculus-result,needs-review
320,Arc Length,L=int_a^b sqrt(1+(dy/dx)^2) dx,core lesson content formula card,calculus.core-model,primary-control,calculus-result,needs-review
320,Arc Length,f'(x)=\lim_{h\to0}\frac{f(x+h)-f(x)}{h},core lesson content formula card,calculus.core-model,primary-control,calculus-result,needs-review
321,Surface Area of Revolution,S=2pi int_a^b radius sqrt(1+(dy/dx)^2) dx,core lesson content formula card,calculus.core-model,primary-control,calculus-result,needs-review
321,Surface Area of Revolution,f'(x)=\lim_{h\to0}\frac{f(x+h)-f(x)}{h},core lesson content formula card,calculus.core-model,primary-control,calculus-result,needs-review
322,Accumulation Functions,A(x)=int_a^x f(t) dt,core lesson content formula card,calculus.core-model,primary-control,calculus-result,needs-review
322,Accumulation Functions,f'(x)=\lim_{h\to0}\frac{f(x+h)-f(x)}{h},core lesson content formula card,calculus.core-model,primary-control,calculus-result,needs-review
323,Direction Fields,"dy/dx=f(x,y)",core lesson content formula card,calculus.core-model,primary-control,calculus-result,needs-review
323,Direction Fields,f'(x)=\lim_{h\to0}\frac{f(x+h)-f(x)}{h},core lesson content formula card,calculus.core-model,primary-control,calculus-result,needs-review
324,Euler's Method,"y_{n+1}=y_n+h f(x_n,y_n)",core lesson content formula card,calculus.core-model,primary-control,calculus-result,needs-review
324,Euler's Method,f'(x)=\lim_{h\to0}\frac{f(x+h)-f(x)}{h},core lesson content formula card,calculus.core-model,primary-control,calculus-result,needs-review
325,Separable Equations,g(y) dy = f(x) dx,core lesson content formula card,calculus.core-model,primary-control,calculus-result,needs-review
325,Separable Equations,f'(x)=\lim_{h\to0}\frac{f(x+h)-f(x)}{h},core lesson content formula card,calculus.core-model,primary-control,calculus-result,needs-review
326,First-Order Linear Equations,y'+p(x)y=q(x),core lesson content formula card,calculus.core-model,primary-control,calculus-result,needs-review
326,First-Order Linear Equations,f'(x)=\lim_{h\to0}\frac{f(x+h)-f(x)}{h},core lesson content formula card,calculus.core-model,primary-control,calculus-result,needs-review
327,Logistic Growth,dP/dt=rP(1-P/K),core lesson content formula card,calculus.core-model,primary-control,calculus-result,needs-review
327,Logistic Growth,f'(x)=\lim_{h\to0}\frac{f(x+h)-f(x)}{h},core lesson content formula card,calculus.core-model,primary-control,calculus-result,needs-review
328,Second-Order Equations,y''+ay'+by=g(x),core lesson content formula card,calculus.core-model,primary-control,calculus-result,needs-review
328,Second-Order Equations,f'(x)=\lim_{h\to0}\frac{f(x+h)-f(x)}{h},core lesson content formula card,calculus.core-model,primary-control,calculus-result,needs-review
329,Phase Plane,"dx/dt=f(x,y), dy/dt=g(x,y)",core lesson content formula card,calculus.core-model,primary-control,calculus-result,needs-review
329,Phase Plane,f'(x)=\lim_{h\to0}\frac{f(x+h)-f(x)}{h},core lesson content formula card,calculus.core-model,primary-control,calculus-result,needs-review
330,Equilibrium and Stability,f(x*)=0,core lesson content formula card,calculus.core-model,primary-control,calculus-result,needs-review
330,Equilibrium and Stability,f'(x)=\lim_{h\to0}\frac{f(x+h)-f(x)}{h},core lesson content formula card,calculus.core-model,primary-control,calculus-result,needs-review
331,Discrete Dynamical Systems,x_{n+1}=f(x_n),core lesson content formula card,calculus.core-model,primary-control,calculus-result,needs-review
331,Discrete Dynamical Systems,f'(x)=\lim_{h\to0}\frac{f(x+h)-f(x)}{h},core lesson content formula card,calculus.core-model,primary-control,calculus-result,needs-review
332,Cobweb Diagrams,x_{n+1}=f(x_n),core lesson content formula card,calculus.core-model,primary-control,calculus-result,needs-review
332,Cobweb Diagrams,f'(x)=\lim_{h\to0}\frac{f(x+h)-f(x)}{h},core lesson content formula card,calculus.core-model,primary-control,calculus-result,needs-review
333,Chaos and Bifurcation,x_{n+1}=r x_n(1-x_n),core lesson content formula card,calculus.core-model,primary-control,calculus-result,needs-review
333,Chaos and Bifurcation,f'(x)=\lim_{h\to0}\frac{f(x+h)-f(x)}{h},core lesson content formula card,calculus.core-model,primary-control,calculus-result,needs-review
450,Data Entry Grid,=f(cell\ values),core lesson content formula card,spreadsheet.core-model,primary-control,spreadsheet-result,needs-review
450,Data Entry Grid,\bar{x}=\frac{x_1+x_2+\cdots+x_n}{n},core lesson content formula card,spreadsheet.core-model,primary-control,spreadsheet-result,needs-review
451,Cell Formulas,=f(cell\ values),core lesson content formula card,spreadsheet.core-model,primary-control,spreadsheet-result,needs-review
451,Cell Formulas,\bar{x}=\frac{x_1+x_2+\cdots+x_n}{n},core lesson content formula card,spreadsheet.core-model,primary-control,spreadsheet-result,needs-review
452,Fill and Copy,=f(cell\ values),core lesson content formula card,spreadsheet.core-model,primary-control,spreadsheet-result,needs-review
452,Fill and Copy,\bar{x}=\frac{x_1+x_2+\cdots+x_n}{n},core lesson content formula card,spreadsheet.core-model,primary-control,spreadsheet-result,needs-review
453,Relative References,=f(cell\ values),core lesson content formula card,spreadsheet.core-model,primary-control,spreadsheet-result,needs-review
453,Relative References,\bar{x}=\frac{x_1+x_2+\cdots+x_n}{n},core lesson content formula card,spreadsheet.core-model,primary-control,spreadsheet-result,needs-review
454,Absolute References,=f(cell\ values),core lesson content formula card,spreadsheet.core-model,primary-control,spreadsheet-result,needs-review
454,Absolute References,\bar{x}=\frac{x_1+x_2+\cdots+x_n}{n},core lesson content formula card,spreadsheet.core-model,primary-control,spreadsheet-result,needs-review
455,Sorting,=f(cell\ values),core lesson content formula card,spreadsheet.core-model,primary-control,spreadsheet-result,needs-review
455,Sorting,\bar{x}=\frac{x_1+x_2+\cdots+x_n}{n},core lesson content formula card,spreadsheet.core-model,primary-control,spreadsheet-result,needs-review
456,Filtering,=f(cell\ values),core lesson content formula card,spreadsheet.core-model,primary-control,spreadsheet-result,needs-review
456,Filtering,\bar{x}=\frac{x_1+x_2+\cdots+x_n}{n},core lesson content formula card,spreadsheet.core-model,primary-control,spreadsheet-result,needs-review
457,Lists from Cells,=f(cell\ values),core lesson content formula card,spreadsheet.core-model,primary-control,spreadsheet-result,needs-review
457,Lists from Cells,\bar{x}=\frac{x_1+x_2+\cdots+x_n}{n},core lesson content formula card,spreadsheet.core-model,primary-control,spreadsheet-result,needs-review
458,Points from Columns,=f(cell\ values),core lesson content formula card,spreadsheet.core-model,primary-control,spreadsheet-result,needs-review
458,Points from Columns,\bar{x}=\frac{x_1+x_2+\cdots+x_n}{n},core lesson content formula card,spreadsheet.core-model,primary-control,spreadsheet-result,needs-review
459,Matrices from Cells,=f(cell\ values),core lesson content formula card,spreadsheet.core-model,primary-control,spreadsheet-result,needs-review
459,Matrices from Cells,\bar{x}=\frac{x_1+x_2+\cdots+x_n}{n},core lesson content formula card,spreadsheet.core-model,primary-control,spreadsheet-result,needs-review
460,Frequency Tables,=f(cell\ values),core lesson content formula card,spreadsheet.core-model,primary-control,spreadsheet-result,needs-review
460,Frequency Tables,\bar{x}=\frac{x_1+x_2+\cdots+x_n}{n},core lesson content formula card,spreadsheet.core-model,primary-control,spreadsheet-result,needs-review
461,Summary Statistics,=f(cell\ values),core lesson content formula card,spreadsheet.core-model,primary-control,spreadsheet-result,needs-review
461,Summary Statistics,\bar{x}=\frac{x_1+x_2+\cdots+x_n}{n},core lesson content formula card,spreadsheet.core-model,primary-control,spreadsheet-result,needs-review
462,Spreadsheet Charts,=f(cell\ values),core lesson content formula card,spreadsheet.core-model,primary-control,spreadsheet-result,needs-review
462,Spreadsheet Charts,\bar{x}=\frac{x_1+x_2+\cdots+x_n}{n},core lesson content formula card,spreadsheet.core-model,primary-control,spreadsheet-result,needs-review
463,Regression from Data,y = mx + b,core lesson content formula card,spreadsheet.core-model,primary-control,spreadsheet-result,needs-review
463,Regression from Data,=f(cell\ values),core lesson content formula card,spreadsheet.core-model,primary-control,spreadsheet-result,needs-review
464,Dynamic Cell Links,=f(cell\ values),core lesson content formula card,spreadsheet.core-model,primary-control,spreadsheet-result,needs-review
464,Dynamic Cell Links,\bar{x}=\frac{x_1+x_2+\cdots+x_n}{n},core lesson content formula card,spreadsheet.core-model,primary-control,spreadsheet-result,needs-review
465,Import CSV,=f(cell\ values),core lesson content formula card,spreadsheet.core-model,primary-control,spreadsheet-result,needs-review
465,Import CSV,\bar{x}=\frac{x_1+x_2+\cdots+x_n}{n},core lesson content formula card,spreadsheet.core-model,primary-control,spreadsheet-result,needs-review
466,Export Data,=f(cell\ values),core lesson content formula card,spreadsheet.core-model,primary-control,spreadsheet-result,needs-review
466,Export Data,\bar{x}=\frac{x_1+x_2+\cdots+x_n}{n},core lesson content formula card,spreadsheet.core-model,primary-control,spreadsheet-result,needs-review
467,Data Types,\bar{x}=\frac{1}{n}\sum_{i=1}^{n}x_i,core lesson content formula card,statistics.core-model,primary-control,statistics-result,needs-review
467,Data Types,range=max-min,core lesson content formula card,statistics.core-model,primary-control,statistics-result,needs-review
468,Frequency Tables,\bar{x}=\frac{1}{n}\sum_{i=1}^{n}x_i,core lesson content formula card,statistics.core-model,primary-control,statistics-result,needs-review
468,Frequency Tables,range=max-min,core lesson content formula card,statistics.core-model,primary-control,statistics-result,needs-review
469,Grouped Frequency Tables,\bar{x}=\frac{1}{n}\sum_{i=1}^{n}x_i,core lesson content formula card,statistics.core-model,primary-control,statistics-result,needs-review
469,Grouped Frequency Tables,range=max-min,core lesson content formula card,statistics.core-model,primary-control,statistics-result,needs-review
470,Mean,mean = sum of values / n,core lesson content formula card,statistics.core-model,primary-control,statistics-result,needs-review
470,Mean,\bar{x}=\frac{1}{n}\sum_{i=1}^{n}x_i,core lesson content formula card,statistics.core-model,primary-control,statistics-result,needs-review
471,Median,\bar{x}=\frac{1}{n}\sum_{i=1}^{n}x_i,core lesson content formula card,statistics.core-model,primary-control,statistics-result,needs-review
471,Median,range=max-min,core lesson content formula card,statistics.core-model,primary-control,statistics-result,needs-review
472,Mode,\bar{x}=\frac{1}{n}\sum_{i=1}^{n}x_i,core lesson content formula card,statistics.core-model,primary-control,statistics-result,needs-review
472,Mode,range=max-min,core lesson content formula card,statistics.core-model,primary-control,statistics-result,needs-review
473,Weighted Mean,weighted mean = sum(wx) / sum(w),core lesson content formula card,statistics.core-model,primary-control,statistics-result,needs-review
473,Weighted Mean,\bar{x}=\frac{1}{n}\sum_{i=1}^{n}x_i,core lesson content formula card,statistics.core-model,primary-control,statistics-result,needs-review
474,Range,range = maximum - minimum,core lesson content formula card,statistics.core-model,primary-control,statistics-result,needs-review
474,Range,\bar{x}=\frac{1}{n}\sum_{i=1}^{n}x_i,core lesson content formula card,statistics.core-model,primary-control,statistics-result,needs-review
475,Quartiles and IQR,IQR = Q3 - Q1,core lesson content formula card,statistics.core-model,primary-control,statistics-result,needs-review
475,Quartiles and IQR,\bar{x}=\frac{1}{n}\sum_{i=1}^{n}x_i,core lesson content formula card,statistics.core-model,primary-control,statistics-result,needs-review
476,Variance and Standard Deviation,standard deviation = square root of variance,core lesson content formula card,statistics.core-model,primary-control,statistics-result,needs-review
476,Variance and Standard Deviation,\bar{x}=\frac{1}{n}\sum_{i=1}^{n}x_i,core lesson content formula card,statistics.core-model,primary-control,statistics-result,needs-review
477,Percentiles,\bar{x}=\frac{1}{n}\sum_{i=1}^{n}x_i,core lesson content formula card,statistics.core-model,primary-control,statistics-result,needs-review
477,Percentiles,range=max-min,core lesson content formula card,statistics.core-model,primary-control,statistics-result,needs-review
478,Z-Scores,z = (x - mean) / standard deviation,core lesson content formula card,statistics.core-model,primary-control,statistics-result,needs-review
478,Z-Scores,\bar{x}=\frac{1}{n}\sum_{i=1}^{n}x_i,core lesson content formula card,statistics.core-model,primary-control,statistics-result,needs-review
479,Outliers,\bar{x}=\frac{1}{n}\sum_{i=1}^{n}x_i,core lesson content formula card,statistics.core-model,primary-control,statistics-result,needs-review
479,Outliers,range=max-min,core lesson content formula card,statistics.core-model,primary-control,statistics-result,needs-review
480,Box Plot,s^2=\frac{\sum(x_i-\bar{x})^2}{n-1},core lesson content formula card,statistics.box-plot,box-data|box-rule,quartiles|iqr|outliers|box-plot,needs-review
480,Box Plot,\bar{x}=\frac{1}{n}\sum_{i=1}^{n}x_i,core lesson content formula card,statistics.box-plot,box-data|box-rule,quartiles|iqr|outliers|box-plot,needs-review
480,Box Plot,range=max-min,core lesson content formula card,statistics.box-plot,box-data|box-rule,quartiles|iqr|outliers|box-plot,needs-review
481,Dot Plot,\bar{x}=\frac{1}{n}\sum_{i=1}^{n}x_i,core lesson content formula card,statistics.core-model,primary-control,statistics-result,needs-review
481,Dot Plot,range=max-min,core lesson content formula card,statistics.core-model,primary-control,statistics-result,needs-review
482,Stem-and-Leaf Plot,\bar{x}=\frac{1}{n}\sum_{i=1}^{n}x_i,core lesson content formula card,statistics.core-model,primary-control,statistics-result,needs-review
482,Stem-and-Leaf Plot,range=max-min,core lesson content formula card,statistics.core-model,primary-control,statistics-result,needs-review
483,Histogram,\bar{x}=\frac{1}{n}\sum_{i=1}^{n}x_i,core lesson content formula card,statistics.core-model,primary-control,statistics-result,needs-review
483,Histogram,range=max-min,core lesson content formula card,statistics.core-model,primary-control,statistics-result,needs-review
484,Frequency Polygon,\bar{x}=\frac{1}{n}\sum_{i=1}^{n}x_i,core lesson content formula card,statistics.core-model,primary-control,statistics-result,needs-review
484,Frequency Polygon,range=max-min,core lesson content formula card,statistics.core-model,primary-control,statistics-result,needs-review
485,Cumulative Frequency Curve,\bar{x}=\frac{1}{n}\sum_{i=1}^{n}x_i,core lesson content formula card,statistics.core-model,primary-control,statistics-result,needs-review
485,Cumulative Frequency Curve,range=max-min,core lesson content formula card,statistics.core-model,primary-control,statistics-result,needs-review
486,Bar and Pie Charts,\bar{x}=\frac{1}{n}\sum_{i=1}^{n}x_i,core lesson content formula card,statistics.core-model,primary-control,statistics-result,needs-review
486,Bar and Pie Charts,range=max-min,core lesson content formula card,statistics.core-model,primary-control,statistics-result,needs-review
487,Scatter Plot,\bar{x}=\frac{1}{n}\sum_{i=1}^{n}x_i,core lesson content formula card,statistics.core-model,primary-control,statistics-result,needs-review
487,Scatter Plot,range=max-min,core lesson content formula card,statistics.core-model,primary-control,statistics-result,needs-review
488,Time-Series Plot,\bar{x}=\frac{1}{n}\sum_{i=1}^{n}x_i,core lesson content formula card,statistics.core-model,primary-control,statistics-result,needs-review
488,Time-Series Plot,range=max-min,core lesson content formula card,statistics.core-model,primary-control,statistics-result,needs-review
489,Correlation Coefficient,-1 <= r <= 1,core lesson content formula card,statistics.core-model,primary-control,statistics-result,needs-review
489,Correlation Coefficient,\bar{x}=\frac{1}{n}\sum_{i=1}^{n}x_i,core lesson content formula card,statistics.core-model,primary-control,statistics-result,needs-review
490,Linear Regression,y = mx + b,core lesson content formula card,statistics.core-model,primary-control,statistics-result,needs-review
490,Linear Regression,\bar{x}=\frac{1}{n}\sum_{i=1}^{n}x_i,core lesson content formula card,statistics.core-model,primary-control,statistics-result,needs-review
491,Polynomial Regression,y = a_n x^n + ... + a_1 x + a_0,core lesson content formula card,statistics.core-model,primary-control,statistics-result,needs-review
491,Polynomial Regression,\bar{x}=\frac{1}{n}\sum_{i=1}^{n}x_i,core lesson content formula card,statistics.core-model,primary-control,statistics-result,needs-review
492,Exponential Regression,y = ab^x,core lesson content formula card,statistics.core-model,primary-control,statistics-result,needs-review
492,Exponential Regression,\bar{x}=\frac{1}{n}\sum_{i=1}^{n}x_i,core lesson content formula card,statistics.core-model,primary-control,statistics-result,needs-review
493,Logarithmic Regression,y = a + b ln(x),core lesson content formula card,statistics.core-model,primary-control,statistics-result,needs-review
493,Logarithmic Regression,\bar{x}=\frac{1}{n}\sum_{i=1}^{n}x_i,core lesson content formula card,statistics.core-model,primary-control,statistics-result,needs-review
494,Power Regression,y = ax^b,core lesson content formula card,statistics.core-model,primary-control,statistics-result,needs-review
494,Power Regression,\bar{x}=\frac{1}{n}\sum_{i=1}^{n}x_i,core lesson content formula card,statistics.core-model,primary-control,statistics-result,needs-review
495,Logistic Regression,y = L / (1 + ae^(-kx)),core lesson content formula card,statistics.core-model,primary-control,statistics-result,needs-review
495,Logistic Regression,\bar{x}=\frac{1}{n}\sum_{i=1}^{n}x_i,core lesson content formula card,statistics.core-model,primary-control,statistics-result,needs-review
496,Sinusoidal Regression,y = A sin(Bx + C) + D,core lesson content formula card,statistics.core-model,primary-control,statistics-result,needs-review
496,Sinusoidal Regression,\bar{x}=\frac{1}{n}\sum_{i=1}^{n}x_i,core lesson content formula card,statistics.core-model,primary-control,statistics-result,needs-review
497,Residual Plot,residual = observed - predicted,core lesson content formula card,statistics.core-model,primary-control,statistics-result,needs-review
497,Residual Plot,\bar{x}=\frac{1}{n}\sum_{i=1}^{n}x_i,core lesson content formula card,statistics.core-model,primary-control,statistics-result,needs-review
498,Model Comparison,\bar{x}=\frac{1}{n}\sum_{i=1}^{n}x_i,core lesson content formula card,statistics.core-model,primary-control,statistics-result,needs-review
498,Model Comparison,range=max-min,core lesson content formula card,statistics.core-model,primary-control,statistics-result,needs-review
499,Interpolation and Extrapolation,\bar{x}=\frac{1}{n}\sum_{i=1}^{n}x_i,core lesson content formula card,statistics.core-model,primary-control,statistics-result,needs-review
499,Interpolation and Extrapolation,range=max-min,core lesson content formula card,statistics.core-model,primary-control,statistics-result,needs-review
500,Sample Spaces,P(A)=\frac{favourable\ outcomes}{total\ equally\ likely\ outcomes},core lesson content formula card,probability.core-model,primary-control,probability-result,needs-review
500,Sample Spaces,\hat{P}(A)=\frac{successes}{trials},core lesson content formula card,probability.core-model,primary-control,probability-result,needs-review
501,Events,P(A)=\frac{favourable\ outcomes}{total\ equally\ likely\ outcomes},core lesson content formula card,probability.core-model,primary-control,probability-result,needs-review
501,Events,\hat{P}(A)=\frac{successes}{trials},core lesson content formula card,probability.core-model,primary-control,probability-result,needs-review
502,Probability Scale,0 <= P(A) <= 1,core lesson content formula card,probability.core-model,primary-control,probability-result,needs-review
502,Probability Scale,P(A)=\frac{favourable\ outcomes}{total\ equally\ likely\ outcomes},core lesson content formula card,probability.core-model,primary-control,probability-result,needs-review
503,Complement Rule,P(A') = 1 - P(A),core lesson content formula card,probability.core-model,primary-control,probability-result,needs-review
503,Complement Rule,P(A)=\frac{favourable\ outcomes}{total\ equally\ likely\ outcomes},core lesson content formula card,probability.core-model,primary-control,probability-result,needs-review
504,Addition Rule,P(A or B) = P(A) + P(B) - P(A and B),core lesson content formula card,probability.core-model,primary-control,probability-result,needs-review
504,Addition Rule,P(A)=\frac{favourable\ outcomes}{total\ equally\ likely\ outcomes},core lesson content formula card,probability.core-model,primary-control,probability-result,needs-review
505,Multiplication Rule,P(A and B) = P(A)P(B|A),core lesson content formula card,probability.core-model,primary-control,probability-result,needs-review
505,Multiplication Rule,P(A)=\frac{favourable\ outcomes}{total\ equally\ likely\ outcomes},core lesson content formula card,probability.core-model,primary-control,probability-result,needs-review
506,Independent Events,P(A)=\frac{favourable\ outcomes}{total\ equally\ likely\ outcomes},core lesson content formula card,probability.core-model,primary-control,probability-result,needs-review
506,Independent Events,\hat{P}(A)=\frac{successes}{trials},core lesson content formula card,probability.core-model,primary-control,probability-result,needs-review
507,Mutually Exclusive Events,P(A and B) = 0,core lesson content formula card,probability.core-model,primary-control,probability-result,needs-review
507,Mutually Exclusive Events,P(A)=\frac{favourable\ outcomes}{total\ equally\ likely\ outcomes},core lesson content formula card,probability.core-model,primary-control,probability-result,needs-review
508,Conditional Probability,P(A|B) = P(A and B) / P(B),core lesson content formula card,probability.core-model,primary-control,probability-result,needs-review
508,Conditional Probability,P(A)=\frac{favourable\ outcomes}{total\ equally\ likely\ outcomes},core lesson content formula card,probability.core-model,primary-control,probability-result,needs-review
509,Tree Diagrams,P(A)=\frac{favourable\ outcomes}{total\ equally\ likely\ outcomes},core lesson content formula card,probability.core-model,primary-control,probability-result,needs-review
509,Tree Diagrams,\hat{P}(A)=\frac{successes}{trials},core lesson content formula card,probability.core-model,primary-control,probability-result,needs-review
510,Venn Diagrams,P(A)=\frac{favourable\ outcomes}{total\ equally\ likely\ outcomes},core lesson content formula card,probability.core-model,primary-control,probability-result,needs-review
510,Venn Diagrams,\hat{P}(A)=\frac{successes}{trials},core lesson content formula card,probability.core-model,primary-control,probability-result,needs-review
511,Two-Way Tables,P(A)=\frac{favourable\ outcomes}{total\ equally\ likely\ outcomes},core lesson content formula card,probability.core-model,primary-control,probability-result,needs-review
511,Two-Way Tables,\hat{P}(A)=\frac{successes}{trials},core lesson content formula card,probability.core-model,primary-control,probability-result,needs-review
512,Bayes' Theorem,P(A|B) = P(B|A)P(A) / P(B),core lesson content formula card,probability.core-model,primary-control,probability-result,needs-review
512,Bayes' Theorem,P(A)=\frac{favourable\ outcomes}{total\ equally\ likely\ outcomes},core lesson content formula card,probability.core-model,primary-control,probability-result,needs-review
513,Expected Value,E(X) = sum xp(x),core lesson content formula card,probability.core-model,primary-control,probability-result,needs-review
513,Expected Value,P(A)=\frac{favourable\ outcomes}{total\ equally\ likely\ outcomes},core lesson content formula card,probability.core-model,primary-control,probability-result,needs-review
514,Simulation,P(A)=\frac{favourable\ outcomes}{total\ equally\ likely\ outcomes},core lesson content formula card,probability.core-model,primary-control,probability-result,needs-review
514,Simulation,\hat{P}(A)=\frac{successes}{trials},core lesson content formula card,probability.core-model,primary-control,probability-result,needs-review
515,Law of Large Numbers,P(A)=\frac{favourable\ outcomes}{total\ equally\ likely\ outcomes},core lesson content formula card,probability.core-model,primary-control,probability-result,needs-review
515,Law of Large Numbers,\hat{P}(A)=\frac{successes}{trials},core lesson content formula card,probability.core-model,primary-control,probability-result,needs-review
516,Distribution Calculator,P(A)=\frac{favourable\ outcomes}{total\ equally\ likely\ outcomes},core lesson content formula card,probability.core-model,primary-control,probability-result,needs-review
516,Distribution Calculator,\hat{P}(A)=\frac{successes}{trials},core lesson content formula card,probability.core-model,primary-control,probability-result,needs-review
517,Probability Plot,P(A)=\frac{favourable\ outcomes}{total\ equally\ likely\ outcomes},core lesson content formula card,probability.core-model,primary-control,probability-result,needs-review
517,Probability Plot,\hat{P}(A)=\frac{successes}{trials},core lesson content formula card,probability.core-model,primary-control,probability-result,needs-review
518,Cumulative Distribution,F(x) = P(X <= x),core lesson content formula card,probability.core-model,primary-control,probability-result,needs-review
518,Cumulative Distribution,P(A)=\frac{favourable\ outcomes}{total\ equally\ likely\ outcomes},core lesson content formula card,probability.core-model,primary-control,probability-result,needs-review
519,Interval / Tail Probability,P(A)=\frac{favourable\ outcomes}{total\ equally\ likely\ outcomes},core lesson content formula card,probability.core-model,primary-control,probability-result,needs-review
519,Interval / Tail Probability,\hat{P}(A)=\frac{successes}{trials},core lesson content formula card,probability.core-model,primary-control,probability-result,needs-review
520,Inverse Probability,P(A)=\frac{favourable\ outcomes}{total\ equally\ likely\ outcomes},core lesson content formula card,probability.core-model,primary-control,probability-result,needs-review
520,Inverse Probability,\hat{P}(A)=\frac{successes}{trials},core lesson content formula card,probability.core-model,primary-control,probability-result,needs-review
521,Bernoulli Distribution,"P(X=1)=p, P(X=0)=1-p",core lesson content formula card,probability.core-model,primary-control,probability-result,needs-review
521,Bernoulli Distribution,P(A)=\frac{favourable\ outcomes}{total\ equally\ likely\ outcomes},core lesson content formula card,probability.core-model,primary-control,probability-result,needs-review
522,Binomial Distribution,"P(X=k)=C(n,k)p^k(1-p)^(n-k)",core lesson content formula card,probability.core-model,primary-control,probability-result,needs-review
522,Binomial Distribution,P(A)=\frac{favourable\ outcomes}{total\ equally\ likely\ outcomes},core lesson content formula card,probability.core-model,primary-control,probability-result,needs-review
523,Hypergeometric Distribution,P(A)=\frac{favourable\ outcomes}{total\ equally\ likely\ outcomes},core lesson content formula card,probability.core-model,primary-control,probability-result,needs-review
523,Hypergeometric Distribution,\hat{P}(A)=\frac{successes}{trials},core lesson content formula card,probability.core-model,primary-control,probability-result,needs-review
524,Poisson Distribution,P(X=k)=e^(-lambda)lambda^k/k!,core lesson content formula card,probability.core-model,primary-control,probability-result,needs-review
524,Poisson Distribution,P(A)=\frac{favourable\ outcomes}{total\ equally\ likely\ outcomes},core lesson content formula card,probability.core-model,primary-control,probability-result,needs-review
525,Geometric Distribution,P(X=k)=(1-p)^(k-1)p,core lesson content formula card,probability.core-model,primary-control,probability-result,needs-review
525,Geometric Distribution,P(A)=\frac{favourable\ outcomes}{total\ equally\ likely\ outcomes},core lesson content formula card,probability.core-model,primary-control,probability-result,needs-review
526,Negative Binomial Distribution,P(A)=\frac{favourable\ outcomes}{total\ equally\ likely\ outcomes},core lesson content formula card,probability.core-model,primary-control,probability-result,needs-review
526,Negative Binomial Distribution,\hat{P}(A)=\frac{successes}{trials},core lesson content formula card,probability.core-model,primary-control,probability-result,needs-review
527,Uniform Distribution,P(A)=\frac{favourable\ outcomes}{total\ equally\ likely\ outcomes},core lesson content formula card,probability.core-model,primary-control,probability-result,needs-review
527,Uniform Distribution,\hat{P}(A)=\frac{successes}{trials},core lesson content formula card,probability.core-model,primary-control,probability-result,needs-review
528,Normal Distribution,P(A)=\frac{favourable\ outcomes}{total\ equally\ likely\ outcomes},core lesson content formula card,probability.core-model,primary-control,probability-result,needs-review
528,Normal Distribution,\hat{P}(A)=\frac{successes}{trials},core lesson content formula card,probability.core-model,primary-control,probability-result,needs-review
529,Student t Distribution,P(A)=\frac{favourable\ outcomes}{total\ equally\ likely\ outcomes},core lesson content formula card,probability.core-model,primary-control,probability-result,needs-review
529,Student t Distribution,\hat{P}(A)=\frac{successes}{trials},core lesson content formula card,probability.core-model,primary-control,probability-result,needs-review
530,Chi-Square Distribution,P(A)=\frac{favourable\ outcomes}{total\ equally\ likely\ outcomes},core lesson content formula card,probability.core-model,primary-control,probability-result,needs-review
530,Chi-Square Distribution,\hat{P}(A)=\frac{successes}{trials},core lesson content formula card,probability.core-model,primary-control,probability-result,needs-review
531,F Distribution,P(A)=\frac{favourable\ outcomes}{total\ equally\ likely\ outcomes},core lesson content formula card,probability.core-model,primary-control,probability-result,needs-review
531,F Distribution,\hat{P}(A)=\frac{successes}{trials},core lesson content formula card,probability.core-model,primary-control,probability-result,needs-review
532,Exponential Distribution,P(A)=\frac{favourable\ outcomes}{total\ equally\ likely\ outcomes},core lesson content formula card,probability.core-model,primary-control,probability-result,needs-review
532,Exponential Distribution,\hat{P}(A)=\frac{successes}{trials},core lesson content formula card,probability.core-model,primary-control,probability-result,needs-review
533,Gamma Distribution,P(A)=\frac{favourable\ outcomes}{total\ equally\ likely\ outcomes},core lesson content formula card,probability.core-model,primary-control,probability-result,needs-review
533,Gamma Distribution,\hat{P}(A)=\frac{successes}{trials},core lesson content formula card,probability.core-model,primary-control,probability-result,needs-review
534,Weibull Distribution,P(A)=\frac{favourable\ outcomes}{total\ equally\ likely\ outcomes},core lesson content formula card,probability.core-model,primary-control,probability-result,needs-review
534,Weibull Distribution,\hat{P}(A)=\frac{successes}{trials},core lesson content formula card,probability.core-model,primary-control,probability-result,needs-review
535,Standardisation,z=(x-mu)/sigma,core lesson content formula card,probability.core-model,primary-control,probability-result,needs-review
535,Standardisation,P(A)=\frac{favourable\ outcomes}{total\ equally\ likely\ outcomes},core lesson content formula card,probability.core-model,primary-control,probability-result,needs-review
536,Distribution Simulation,P(A)=\frac{favourable\ outcomes}{total\ equally\ likely\ outcomes},core lesson content formula card,probability.core-model,primary-control,probability-result,needs-review
536,Distribution Simulation,\hat{P}(A)=\frac{successes}{trials},core lesson content formula card,probability.core-model,primary-control,probability-result,needs-review
537,Sampling Distributions,SE=\frac{s}{\sqrt{n}},core lesson content formula card,inference.core-model,primary-control,inference-result,needs-review
537,Sampling Distributions,estimate\pm critical\ value\times SE,core lesson content formula card,inference.core-model,primary-control,inference-result,needs-review
538,Central Limit Theorem,SE=\frac{s}{\sqrt{n}},core lesson content formula card,inference.core-model,primary-control,inference-result,needs-review
538,Central Limit Theorem,estimate\pm critical\ value\times SE,core lesson content formula card,inference.core-model,primary-control,inference-result,needs-review
539,Confidence Interval for Mean,SE=\frac{s}{\sqrt{n}},core lesson content formula card,inference.core-model,primary-control,inference-result,needs-review
539,Confidence Interval for Mean,estimate\pm critical\ value\times SE,core lesson content formula card,inference.core-model,primary-control,inference-result,needs-review
540,Confidence Interval for Proportion,SE=\frac{s}{\sqrt{n}},core lesson content formula card,inference.core-model,primary-control,inference-result,needs-review
540,Confidence Interval for Proportion,estimate\pm critical\ value\times SE,core lesson content formula card,inference.core-model,primary-control,inference-result,needs-review
541,Difference of Means Interval,SE=\frac{s}{\sqrt{n}},core lesson content formula card,inference.core-model,primary-control,inference-result,needs-review
541,Difference of Means Interval,estimate\pm critical\ value\times SE,core lesson content formula card,inference.core-model,primary-control,inference-result,needs-review
542,Difference of Proportions Interval,SE=\frac{s}{\sqrt{n}},core lesson content formula card,inference.core-model,primary-control,inference-result,needs-review
542,Difference of Proportions Interval,estimate\pm critical\ value\times SE,core lesson content formula card,inference.core-model,primary-control,inference-result,needs-review
543,One-Sample z-Test,SE=\frac{s}{\sqrt{n}},core lesson content formula card,inference.core-model,primary-control,inference-result,needs-review
543,One-Sample z-Test,estimate\pm critical\ value\times SE,core lesson content formula card,inference.core-model,primary-control,inference-result,needs-review
544,One-Sample t-Test,SE=\frac{s}{\sqrt{n}},core lesson content formula card,inference.core-model,primary-control,inference-result,needs-review
544,One-Sample t-Test,estimate\pm critical\ value\times SE,core lesson content formula card,inference.core-model,primary-control,inference-result,needs-review
545,Two-Sample t-Test,SE=\frac{s}{\sqrt{n}},core lesson content formula card,inference.core-model,primary-control,inference-result,needs-review
545,Two-Sample t-Test,estimate\pm critical\ value\times SE,core lesson content formula card,inference.core-model,primary-control,inference-result,needs-review
546,Paired t-Test,SE=\frac{s}{\sqrt{n}},core lesson content formula card,inference.core-model,primary-control,inference-result,needs-review
546,Paired t-Test,estimate\pm critical\ value\times SE,core lesson content formula card,inference.core-model,primary-control,inference-result,needs-review
547,One-Proportion Test,SE=\frac{s}{\sqrt{n}},core lesson content formula card,inference.core-model,primary-control,inference-result,needs-review
547,One-Proportion Test,estimate\pm critical\ value\times SE,core lesson content formula card,inference.core-model,primary-control,inference-result,needs-review
548,Two-Proportion Test,SE=\frac{s}{\sqrt{n}},core lesson content formula card,inference.core-model,primary-control,inference-result,needs-review
548,Two-Proportion Test,estimate\pm critical\ value\times SE,core lesson content formula card,inference.core-model,primary-control,inference-result,needs-review
549,Chi-Square Goodness-of-Fit,SE=\frac{s}{\sqrt{n}},core lesson content formula card,inference.core-model,primary-control,inference-result,needs-review
549,Chi-Square Goodness-of-Fit,estimate\pm critical\ value\times SE,core lesson content formula card,inference.core-model,primary-control,inference-result,needs-review
550,Chi-Square Independence,SE=\frac{s}{\sqrt{n}},core lesson content formula card,inference.core-model,primary-control,inference-result,needs-review
550,Chi-Square Independence,estimate\pm critical\ value\times SE,core lesson content formula card,inference.core-model,primary-control,inference-result,needs-review
551,Variance Tests,SE=\frac{s}{\sqrt{n}},core lesson content formula card,inference.core-model,primary-control,inference-result,needs-review
551,Variance Tests,estimate\pm critical\ value\times SE,core lesson content formula card,inference.core-model,primary-control,inference-result,needs-review
552,ANOVA,SE=\frac{s}{\sqrt{n}},core lesson content formula card,inference.core-model,primary-control,inference-result,needs-review
552,ANOVA,estimate\pm critical\ value\times SE,core lesson content formula card,inference.core-model,primary-control,inference-result,needs-review
553,p-Value Visualiser,SE=\frac{s}{\sqrt{n}},core lesson content formula card,inference.core-model,primary-control,inference-result,needs-review
553,p-Value Visualiser,estimate\pm critical\ value\times SE,core lesson content formula card,inference.core-model,primary-control,inference-result,needs-review
554,Type I and Type II Errors,SE=\frac{s}{\sqrt{n}},core lesson content formula card,inference.core-model,primary-control,inference-result,needs-review
554,Type I and Type II Errors,estimate\pm critical\ value\times SE,core lesson content formula card,inference.core-model,primary-control,inference-result,needs-review
555,Power of a Test,SE=\frac{s}{\sqrt{n}},core lesson content formula card,inference.core-model,primary-control,inference-result,needs-review
555,Power of a Test,estimate\pm critical\ value\times SE,core lesson content formula card,inference.core-model,primary-control,inference-result,needs-review
334,Sequence Generator,a_n=f(n),core lesson content formula card,sequence.generator,primary-control,sequence-result,needs-review
334,Sequence Generator,a_n=a_1+(n-1)d,core lesson content formula card,sequence.generator,primary-control,sequence-result,needs-review
335,Arithmetic Sequences,a_n=a_1+(n-1)d,core lesson content formula card,sequence.arithmetic-sequence,primary-control,sequence-result,needs-review
335,Arithmetic Sequences,a_n=a_1r^{n-1},core lesson content formula card,sequence.arithmetic-sequence,primary-control,sequence-result,needs-review
336,Geometric Sequences,a_n=a_1 r^(n-1),core lesson content formula card,sequence.geometric-sequence,primary-control,sequence-result,needs-review
336,Geometric Sequences,a_n=a_1+(n-1)d,core lesson content formula card,sequence.geometric-sequence,primary-control,sequence-result,needs-review
337,Recursive Sequences,a_{n+1}=f(a_n),core lesson content formula card,sequence.recursive-sequence,primary-control,sequence-result,needs-review
337,Recursive Sequences,a_n=a_1+(n-1)d,core lesson content formula card,sequence.recursive-sequence,primary-control,sequence-result,needs-review
338,Fibonacci Sequence,F_n=F_{n-1}+F_{n-2},core lesson content formula card,sequence.fibonacci,primary-control,sequence-result,needs-review
338,Fibonacci Sequence,a_n=a_1+(n-1)d,core lesson content formula card,sequence.fibonacci,primary-control,sequence-result,needs-review
339,Sigma Notation,sum_{k=m}^{n} f(k),core lesson content formula card,sequence.sigma,primary-control,sequence-result,needs-review
339,Sigma Notation,a_n=a_1+(n-1)d,core lesson content formula card,sequence.sigma,primary-control,sequence-result,needs-review
340,Arithmetic Series,S_n=n(a_1+a_n)/2,core lesson content formula card,sequence.arithmetic-series,primary-control,sequence-result,needs-review
340,Arithmetic Series,a_n=a_1+(n-1)d,core lesson content formula card,sequence.arithmetic-series,primary-control,sequence-result,needs-review
341,Geometric Series,S_n=a(1-r^n)/(1-r),core lesson content formula card,sequence.geometric-series,primary-control,sequence-result,needs-review
341,Geometric Series,a_n=a_1+(n-1)d,core lesson content formula card,sequence.geometric-series,primary-control,sequence-result,needs-review
342,Convergence and Divergence,|r|<1,core lesson content formula card,sequence.convergence,primary-control,sequence-result,needs-review
342,Convergence and Divergence,a_n=a_1+(n-1)d,core lesson content formula card,sequence.convergence,primary-control,sequence-result,needs-review
343,Power Series,sum c_n(x-a)^n,core lesson content formula card,sequence.power-series,primary-control,sequence-result,needs-review
343,Power Series,a_n=a_1+(n-1)d,core lesson content formula card,sequence.power-series,primary-control,sequence-result,needs-review
344,Taylor and Maclaurin Series,sum f^(n)(a)(x-a)^n/n!,core lesson content formula card,sequence.taylor-maclaurin,primary-control,sequence-result,needs-review
344,Taylor and Maclaurin Series,a_n=a_1+(n-1)d,core lesson content formula card,sequence.taylor-maclaurin,primary-control,sequence-result,needs-review
345,Binomial Series,"(1+x)^p=sum binom(p,n)x^n",core lesson content formula card,sequence.binomial-series,primary-control,sequence-result,needs-review
345,Binomial Series,a_n=a_1+(n-1)d,core lesson content formula card,sequence.binomial-series,primary-control,sequence-result,needs-review
346,Recurrence Modelling,x_{n+1}=f(x_n),core lesson content formula card,sequence.recurrence-model,primary-control,sequence-result,needs-review
346,Recurrence Modelling,a_n=a_1+(n-1)d,core lesson content formula card,sequence.recurrence-model,primary-control,sequence-result,needs-review
347,Matrix Builder,a_ij,core lesson content formula card,matrix.builder,primary-control,matrix-result,needs-review
347,Matrix Builder,\det\begin{pmatrix}a&b\\c&d\end{pmatrix}=ad-bc,core lesson content formula card,matrix.builder,primary-control,matrix-result,needs-review
348,Matrix Addition and Subtraction,C_ij=A_ij+B_ij,core lesson content formula card,matrix.addition-subtraction,primary-control,matrix-result,needs-review
348,Matrix Addition and Subtraction,\det\begin{pmatrix}a&b\\c&d\end{pmatrix}=ad-bc,core lesson content formula card,matrix.addition-subtraction,primary-control,matrix-result,needs-review
349,Scalar Multiplication,(kA)_ij=kA_ij,core lesson content formula card,matrix.scalar-multiplication,primary-control,matrix-result,needs-review
349,Scalar Multiplication,\det\begin{pmatrix}a&b\\c&d\end{pmatrix}=ad-bc,core lesson content formula card,matrix.scalar-multiplication,primary-control,matrix-result,needs-review
350,Matrix Multiplication,C_ij=sum A_ik B_kj,core lesson content formula card,matrix.matrix-multiplication,primary-control,matrix-result,needs-review
350,Matrix Multiplication,\det\begin{pmatrix}a&b\\c&d\end{pmatrix}=ad-bc,core lesson content formula card,matrix.matrix-multiplication,primary-control,matrix-result,needs-review
351,Identity Matrix,AI=IA=A,core lesson content formula card,matrix.identity,primary-control,matrix-result,needs-review
351,Identity Matrix,\det\begin{pmatrix}a&b\\c&d\end{pmatrix}=ad-bc,core lesson content formula card,matrix.identity,primary-control,matrix-result,needs-review
352,Transpose,(A^T)_ij=A_ji,core lesson content formula card,matrix.transpose,primary-control,matrix-result,needs-review
352,Transpose,\det\begin{pmatrix}a&b\\c&d\end{pmatrix}=ad-bc,core lesson content formula card,matrix.transpose,primary-control,matrix-result,needs-review
353,Determinant,det A=ad-bc,core lesson content formula card,matrix.determinant,primary-control,matrix-result,needs-review
353,Determinant,\det\begin{pmatrix}a&b\\c&d\end{pmatrix}=ad-bc,core lesson content formula card,matrix.determinant,primary-control,matrix-result,needs-review
354,Matrix Inverse,AA^{-1}=I,core lesson content formula card,matrix.inverse,primary-control,matrix-result,needs-review
354,Matrix Inverse,\det\begin{pmatrix}a&b\\c&d\end{pmatrix}=ad-bc,core lesson content formula card,matrix.inverse,primary-control,matrix-result,needs-review
355,Row Operations,R_i <- R_i+kR_j,core lesson content formula card,matrix.row-operations,primary-control,matrix-result,needs-review
355,Row Operations,\det\begin{pmatrix}a&b\\c&d\end{pmatrix}=ad-bc,core lesson content formula card,matrix.row-operations,primary-control,matrix-result,needs-review
356,RREF,pivot=1,core lesson content formula card,matrix.rref,primary-control,matrix-result,needs-review
356,RREF,\det\begin{pmatrix}a&b\\c&d\end{pmatrix}=ad-bc,core lesson content formula card,matrix.rref,primary-control,matrix-result,needs-review
357,Augmented Matrices,[A|b],core lesson content formula card,matrix.augmented,primary-control,matrix-result,needs-review
357,Augmented Matrices,\det\begin{pmatrix}a&b\\c&d\end{pmatrix}=ad-bc,core lesson content formula card,matrix.augmented,primary-control,matrix-result,needs-review
358,Linear Transformations,T(au+bv)=aT(u)+bT(v),core lesson content formula card,matrix.linear-transformations,primary-control,matrix-result,needs-review
358,Linear Transformations,\det\begin{pmatrix}a&b\\c&d\end{pmatrix}=ad-bc,core lesson content formula card,matrix.linear-transformations,primary-control,matrix-result,needs-review
359,Eigenvalues and Eigenvectors,m=\frac{y_2-y_1}{x_2-x_1},core lesson content formula card,matrix.eigen-directions,matrix-entry|vector-angle,eigenvalues|eigenvector-status|transformed-vector,needs-review
359,Eigenvalues and Eigenvectors,\det\begin{pmatrix}a&b\\c&d\end{pmatrix}=ad-bc,core lesson content formula card,matrix.eigen-directions,matrix-entry|vector-angle,eigenvalues|eigenvector-status|transformed-vector,needs-review
359,Eigenvalues and Eigenvectors,Av=\begin{pmatrix}a&b\\c&d\end{pmatrix}\begin{pmatrix}x\\y\end{pmatrix},core lesson content formula card,matrix.eigen-directions,matrix-entry|vector-angle,eigenvalues|eigenvector-status|transformed-vector,needs-review
360,Basis and Dimension,dim V=number of basis vectors,core lesson content formula card,matrix.basis-dimension,primary-control,matrix-result,needs-review
360,Basis and Dimension,\det\begin{pmatrix}a&b\\c&d\end{pmatrix}=ad-bc,core lesson content formula card,matrix.basis-dimension,primary-control,matrix-result,needs-review
361,Linear Independence,c_1v_1+...+c_nv_n=0 implies all c_i=0,core lesson content formula card,matrix.linear-independence,primary-control,matrix-result,needs-review
361,Linear Independence,\det\begin{pmatrix}a&b\\c&d\end{pmatrix}=ad-bc,core lesson content formula card,matrix.linear-independence,primary-control,matrix-result,needs-review
362,Vector Spaces,"u,v in V implies u+v in V and kv in V",core lesson content formula card,matrix.vector-spaces,primary-control,matrix-result,needs-review
362,Vector Spaces,\det\begin{pmatrix}a&b\\c&d\end{pmatrix}=ad-bc,core lesson content formula card,matrix.vector-spaces,primary-control,matrix-result,needs-review
363,Gram–Schmidt,u_k=v_k-proj_{u_1}(v_k)-...,core lesson content formula card,matrix.gram-schmidt,primary-control,matrix-result,needs-review
363,Gram–Schmidt,\det\begin{pmatrix}a&b\\c&d\end{pmatrix}=ad-bc,core lesson content formula card,matrix.gram-schmidt,primary-control,matrix-result,needs-review
364,Least Squares,A^T A x=A^T b,core lesson content formula card,matrix.least-squares,primary-control,matrix-result,needs-review
364,Least Squares,\det\begin{pmatrix}a&b\\c&d\end{pmatrix}=ad-bc,core lesson content formula card,matrix.least-squares,primary-control,matrix-result,needs-review
365,Complex Plane,"z=a+bi -> (a,b)",core lesson content formula card,complex.core-model,primary-control,complex-result,needs-review
365,Complex Plane,|a+bi|=\sqrt{a^2+b^2},core lesson content formula card,complex.core-model,primary-control,complex-result,needs-review
366,Real and Imaginary Parts,"Re(a+bi)=a, Im(a+bi)=b",core lesson content formula card,complex.core-model,primary-control,complex-result,needs-review
366,Real and Imaginary Parts,|a+bi|=\sqrt{a^2+b^2},core lesson content formula card,complex.core-model,primary-control,complex-result,needs-review
367,Complex Addition,(a+bi)+(c+di)=(a+c)+(b+d)i,core lesson content formula card,complex.core-model,primary-control,complex-result,needs-review
367,Complex Addition,|a+bi|=\sqrt{a^2+b^2},core lesson content formula card,complex.core-model,primary-control,complex-result,needs-review
368,Complex Multiplication,(a+bi)(c+di)=(ac-bd)+(ad+bc)i,core lesson content formula card,complex.core-model,primary-control,complex-result,needs-review
368,Complex Multiplication,|a+bi|=\sqrt{a^2+b^2},core lesson content formula card,complex.core-model,primary-control,complex-result,needs-review
369,Complex Conjugate,conj(a+bi)=a-bi,core lesson content formula card,complex.core-model,primary-control,complex-result,needs-review
369,Complex Conjugate,|a+bi|=\sqrt{a^2+b^2},core lesson content formula card,complex.core-model,primary-control,complex-result,needs-review
370,Modulus and Argument,"r=|z|, theta=arg z",core lesson content formula card,complex.core-model,primary-control,complex-result,needs-review
370,Modulus and Argument,|a+bi|=\sqrt{a^2+b^2},core lesson content formula card,complex.core-model,primary-control,complex-result,needs-review
371,Polar Form,z=r(cos theta+i sin theta),core lesson content formula card,complex.core-model,primary-control,complex-result,needs-review
371,Polar Form,|a+bi|=\sqrt{a^2+b^2},core lesson content formula card,complex.core-model,primary-control,complex-result,needs-review
372,Euler Form,z=re^(i theta),core lesson content formula card,complex.core-model,primary-control,complex-result,needs-review
372,Euler Form,|a+bi|=\sqrt{a^2+b^2},core lesson content formula card,complex.core-model,primary-control,complex-result,needs-review
373,Powers,z^n=r^n e^(in theta),core lesson content formula card,complex.core-model,primary-control,complex-result,needs-review
373,Powers,|a+bi|=\sqrt{a^2+b^2},core lesson content formula card,complex.core-model,primary-control,complex-result,needs-review
374,Roots,w_k=r^(1/n)e^((theta+2k pi)i/n),core lesson content formula card,complex.core-model,primary-control,complex-result,needs-review
374,Roots,|a+bi|=\sqrt{a^2+b^2},core lesson content formula card,complex.core-model,primary-control,complex-result,needs-review
375,Polynomial Roots,a+bi root implies a-bi root,core lesson content formula card,complex.core-model,primary-control,complex-result,needs-review
375,Polynomial Roots,|a+bi|=\sqrt{a^2+b^2},core lesson content formula card,complex.core-model,primary-control,complex-result,needs-review
376,Möbius Transformations,w=(az+b)/(cz+d),core lesson content formula card,complex.core-model,primary-control,complex-result,needs-review
376,Möbius Transformations,|a+bi|=\sqrt{a^2+b^2},core lesson content formula card,complex.core-model,primary-control,complex-result,needs-review
377,Complex Functions,w=f(z),core lesson content formula card,complex.core-model,primary-control,complex-result,needs-review
377,Complex Functions,|a+bi|=\sqrt{a^2+b^2},core lesson content formula card,complex.core-model,primary-control,complex-result,needs-review
378,3D Coordinate System,"P=(x,y,z)",core lesson content formula card,geometry3d.core-model,primary-control,geometry3d-result,needs-review
378,3D Coordinate System,V=Bh,core lesson content formula card,geometry3d.core-model,primary-control,geometry3d-result,needs-review
379,3D Points,"P=(a,b,c)",core lesson content formula card,geometry3d.core-model,primary-control,geometry3d-result,needs-review
379,3D Points,V=Bh,core lesson content formula card,geometry3d.core-model,primary-control,geometry3d-result,needs-review
380,Distance in 3D,d=sqrt((x2-x1)^2+(y2-y1)^2+(z2-z1)^2),core lesson content formula card,geometry3d.core-model,primary-control,geometry3d-result,needs-review
380,Distance in 3D,V=Bh,core lesson content formula card,geometry3d.core-model,primary-control,geometry3d-result,needs-review
381,Lines in 3D,r=a+lambda v,core lesson content formula card,geometry3d.core-model,primary-control,geometry3d-result,needs-review
381,Lines in 3D,V=Bh,core lesson content formula card,geometry3d.core-model,primary-control,geometry3d-result,needs-review
382,Planes,n dot (r-a)=0,core lesson content formula card,geometry3d.core-model,primary-control,geometry3d-result,needs-review
382,Planes,V=Bh,core lesson content formula card,geometry3d.core-model,primary-control,geometry3d-result,needs-review
383,Parallel and Perpendicular Planes,n1 parallel n2 or n1 dot n2=0,core lesson content formula card,geometry3d.core-model,primary-control,geometry3d-result,needs-review
383,Parallel and Perpendicular Planes,V=Bh,core lesson content formula card,geometry3d.core-model,primary-control,geometry3d-result,needs-review
384,Line–Plane Intersection,n dot (a+lambda v-p)=0,core lesson content formula card,geometry3d.core-model,primary-control,geometry3d-result,needs-review
384,Line–Plane Intersection,V=Bh,core lesson content formula card,geometry3d.core-model,primary-control,geometry3d-result,needs-review
385,Plane–Plane Intersection,"n1 dot r=d1, n2 dot r=d2",core lesson content formula card,geometry3d.core-model,primary-control,geometry3d-result,needs-review
385,Plane–Plane Intersection,V=Bh,core lesson content formula card,geometry3d.core-model,primary-control,geometry3d-result,needs-review
386,Angle Between Lines,cos theta=|u dot v|/(|u||v|),core lesson content formula card,geometry3d.core-model,primary-control,geometry3d-result,needs-review
386,Angle Between Lines,V=Bh,core lesson content formula card,geometry3d.core-model,primary-control,geometry3d-result,needs-review
387,Angle Between Planes,cos theta=|n1 dot n2|/(|n1||n2|),core lesson content formula card,geometry3d.core-model,primary-control,geometry3d-result,needs-review
387,Angle Between Planes,V=Bh,core lesson content formula card,geometry3d.core-model,primary-control,geometry3d-result,needs-review
388,Angle Between Line and Plane,sin theta=|v dot n|/(|v||n|),core lesson content formula card,geometry3d.core-model,primary-control,geometry3d-result,needs-review
388,Angle Between Line and Plane,V=Bh,core lesson content formula card,geometry3d.core-model,primary-control,geometry3d-result,needs-review
389,Point-to-Plane Distance,d=|Ax0+By0+Cz0+D|/sqrt(A^2+B^2+C^2),core lesson content formula card,geometry3d.core-model,primary-control,geometry3d-result,needs-review
389,Point-to-Plane Distance,V=Bh,core lesson content formula card,geometry3d.core-model,primary-control,geometry3d-result,needs-review
390,3D Vectors,|v|=sqrt(x^2+y^2+z^2),core lesson content formula card,geometry3d.core-model,primary-control,geometry3d-result,needs-review
390,3D Vectors,V=Bh,core lesson content formula card,geometry3d.core-model,primary-control,geometry3d-result,needs-review
391,Cube,V=s^3,core lesson content formula card,geometry3d.core-model,primary-control,geometry3d-result,needs-review
391,Cube,V=Bh,core lesson content formula card,geometry3d.core-model,primary-control,geometry3d-result,needs-review
392,Cuboid,V=lwh,core lesson content formula card,geometry3d.core-model,primary-control,geometry3d-result,needs-review
392,Cuboid,V=Bh,core lesson content formula card,geometry3d.core-model,primary-control,geometry3d-result,needs-review
393,Prism,V=Bh,core lesson content formula card,geometry3d.core-model,primary-control,geometry3d-result,needs-review
393,Prism,SA=sum\ of\ face\ areas,core lesson content formula card,geometry3d.core-model,primary-control,geometry3d-result,needs-review
394,Pyramid,V=Bh/3,core lesson content formula card,geometry3d.core-model,primary-control,geometry3d-result,needs-review
394,Pyramid,V=Bh,core lesson content formula card,geometry3d.core-model,primary-control,geometry3d-result,needs-review
395,Tetrahedron,V=sqrt(2)s^3/12,core lesson content formula card,geometry3d.core-model,primary-control,geometry3d-result,needs-review
395,Tetrahedron,V=Bh,core lesson content formula card,geometry3d.core-model,primary-control,geometry3d-result,needs-review
396,Regular Polyhedra,count=5,core lesson content formula card,geometry3d.core-model,primary-control,geometry3d-result,needs-review
396,Regular Polyhedra,V=Bh,core lesson content formula card,geometry3d.core-model,primary-control,geometry3d-result,needs-review
397,Cylinder,V=pi r^2 h,core lesson content formula card,geometry3d.core-model,primary-control,geometry3d-result,needs-review
397,Cylinder,V=Bh,core lesson content formula card,geometry3d.core-model,primary-control,geometry3d-result,needs-review
398,Cone,V=pi r^2 h/3,core lesson content formula card,geometry3d.core-model,primary-control,geometry3d-result,needs-review
398,Cone,V=Bh,core lesson content formula card,geometry3d.core-model,primary-control,geometry3d-result,needs-review
399,Sphere,V=4pi r^3/3,core lesson content formula card,geometry3d.core-model,primary-control,geometry3d-result,needs-review
399,Sphere,V=Bh,core lesson content formula card,geometry3d.core-model,primary-control,geometry3d-result,needs-review
400,Hemisphere,V=2pi r^3/3,core lesson content formula card,geometry3d.core-model,primary-control,geometry3d-result,needs-review
400,Hemisphere,V=Bh,core lesson content formula card,geometry3d.core-model,primary-control,geometry3d-result,needs-review
401,Frustum,V=pi h(R^2+Rr+r^2)/3,core lesson content formula card,geometry3d.core-model,primary-control,geometry3d-result,needs-review
401,Frustum,V=Bh,core lesson content formula card,geometry3d.core-model,primary-control,geometry3d-result,needs-review
402,Surface of Revolution,S=2pi int radius ds,core lesson content formula card,geometry3d.surface-family,primary-control,geometry3d-result,needs-review
402,Surface of Revolution,V=Bh,core lesson content formula card,geometry3d.surface-family,primary-control,geometry3d-result,needs-review
403,Extrusion,V=A L,core lesson content formula card,geometry3d.core-model,primary-control,geometry3d-result,needs-review
403,Extrusion,V=Bh,core lesson content formula card,geometry3d.core-model,primary-control,geometry3d-result,needs-review
404,Nets of Solids,V=Bh,core lesson content formula card,geometry3d.solid-net,net-fold|net-face,fold-progress|face-correspondence,needs-review
404,Nets of Solids,SA=sum\ of\ face\ areas,core lesson content formula card,geometry3d.solid-net,net-fold|net-face,fold-progress|face-correspondence,needs-review
405,Cross-Sections,A_slice depends on plane position,core lesson content formula card,geometry3d.core-model,primary-control,geometry3d-result,needs-review
405,Cross-Sections,V=Bh,core lesson content formula card,geometry3d.core-model,primary-control,geometry3d-result,needs-review
406,Volume,V in cubic units,core lesson content formula card,geometry3d.core-model,primary-control,geometry3d-result,needs-review
406,Volume,V=Bh,core lesson content formula card,geometry3d.core-model,primary-control,geometry3d-result,needs-review
407,Surface Area,SA=sum of exposed areas,core lesson content formula card,geometry3d.surface-family,primary-control,geometry3d-result,needs-review
407,Surface Area,V=Bh,core lesson content formula card,geometry3d.surface-family,primary-control,geometry3d-result,needs-review
408,Euler's Polyhedron Formula,V-E+F=2,core lesson content formula card,geometry3d.core-model,primary-control,geometry3d-result,needs-review
408,Euler's Polyhedron Formula,V=Bh,core lesson content formula card,geometry3d.core-model,primary-control,geometry3d-result,needs-review
409,Transparent / X-Ray Mode,visible geometry = original geometry,core lesson content formula card,geometry3d.core-model,primary-control,geometry3d-result,needs-review
409,Transparent / X-Ray Mode,V=Bh,core lesson content formula card,geometry3d.core-model,primary-control,geometry3d-result,needs-review
410,Camera Controls,"object fixed, camera moves",core lesson content formula card,geometry3d.core-model,primary-control,geometry3d-result,needs-review
410,Camera Controls,V=Bh,core lesson content formula card,geometry3d.core-model,primary-control,geometry3d-result,needs-review
411,Orthographic Views,parallel lines stay parallel,core lesson content formula card,geometry3d.core-model,primary-control,geometry3d-result,needs-review
411,Orthographic Views,V=Bh,core lesson content formula card,geometry3d.core-model,primary-control,geometry3d-result,needs-review
412,AR Placement,world pose = position + rotation + scale,core lesson content formula card,geometry3d.core-model,primary-control,geometry3d-result,needs-review
412,AR Placement,V=Bh,core lesson content formula card,geometry3d.core-model,primary-control,geometry3d-result,needs-review
413,"Surface z=f(x,y)","z=f(x,y)",core lesson content formula card,geometry3d.surface-family,primary-control,geometry3d-result,needs-review
413,"Surface z=f(x,y)",V=Bh,core lesson content formula card,geometry3d.surface-family,primary-control,geometry3d-result,needs-review
414,Implicit Surfaces,"F(x,y,z)=0",core lesson content formula card,geometry3d.surface-family,primary-control,geometry3d-result,needs-review
414,Implicit Surfaces,V=Bh,core lesson content formula card,geometry3d.surface-family,primary-control,geometry3d-result,needs-review
415,Parametric Surfaces,"r(u,v)=(x(u,v),y(u,v),z(u,v))",core lesson content formula card,geometry3d.surface-family,primary-control,geometry3d-result,needs-review
415,Parametric Surfaces,V=Bh,core lesson content formula card,geometry3d.surface-family,primary-control,geometry3d-result,needs-review
416,Space Curves,"r(t)=(x(t),y(t),z(t))",core lesson content formula card,geometry3d.core-model,primary-control,geometry3d-result,needs-review
416,Space Curves,V=Bh,core lesson content formula card,geometry3d.core-model,primary-control,geometry3d-result,needs-review
417,Quadric Surfaces,Ax^2+By^2+Cz^2+...=0,core lesson content formula card,geometry3d.surface-family,primary-control,geometry3d-result,needs-review
417,Quadric Surfaces,V=Bh,core lesson content formula card,geometry3d.surface-family,primary-control,geometry3d-result,needs-review
418,Cylindrical Coordinates,"x=r cos theta, y=r sin theta",core lesson content formula card,geometry3d.core-model,primary-control,geometry3d-result,needs-review
418,Cylindrical Coordinates,V=Bh,core lesson content formula card,geometry3d.core-model,primary-control,geometry3d-result,needs-review
419,Spherical Coordinates,"(rho,theta,phi)",core lesson content formula card,geometry3d.core-model,primary-control,geometry3d-result,needs-review
419,Spherical Coordinates,V=Bh,core lesson content formula card,geometry3d.core-model,primary-control,geometry3d-result,needs-review
420,Contour Curves,"f(x,y)=c",core lesson content formula card,geometry3d.surface-family,primary-control,geometry3d-result,needs-review
420,Contour Curves,V=Bh,core lesson content formula card,geometry3d.surface-family,primary-control,geometry3d-result,needs-review
421,Level Surfaces,"F(x,y,z)=c",core lesson content formula card,geometry3d.surface-family,primary-control,geometry3d-result,needs-review
421,Level Surfaces,V=Bh,core lesson content formula card,geometry3d.surface-family,primary-control,geometry3d-result,needs-review
422,Partial Derivatives,partial f/partial x,core lesson content formula card,geometry3d.surface-family,primary-control,geometry3d-result,needs-review
422,Partial Derivatives,V=Bh,core lesson content formula card,geometry3d.surface-family,primary-control,geometry3d-result,needs-review
423,Gradient Vector,"grad f=(f_x,f_y,f_z)",core lesson content formula card,geometry3d.surface-family,primary-control,geometry3d-result,needs-review
423,Gradient Vector,V=Bh,core lesson content formula card,geometry3d.surface-family,primary-control,geometry3d-result,needs-review
424,Tangent Plane,"z-z0=f_x(x0,y0)(x-x0)+f_y(x0,y0)(y-y0)",core lesson content formula card,geometry3d.surface-family,primary-control,geometry3d-result,needs-review
424,Tangent Plane,V=Bh,core lesson content formula card,geometry3d.surface-family,primary-control,geometry3d-result,needs-review
425,Normal Vector,n=grad F,core lesson content formula card,geometry3d.core-model,primary-control,geometry3d-result,needs-review
425,Normal Vector,V=Bh,core lesson content formula card,geometry3d.core-model,primary-control,geometry3d-result,needs-review
426,Double Integrals,"int int_R f(x,y) dA",core lesson content formula card,geometry3d.core-model,primary-control,geometry3d-result,needs-review
426,Double Integrals,V=Bh,core lesson content formula card,geometry3d.core-model,primary-control,geometry3d-result,needs-review
427,Multivariable Optimisation,grad f=0,core lesson content formula card,geometry3d.surface-family,primary-control,geometry3d-result,needs-review
427,Multivariable Optimisation,V=Bh,core lesson content formula card,geometry3d.surface-family,primary-control,geometry3d-result,needs-review
556,Fundamental Counting Principle,total = a x b x c ...,core lesson content formula card,discrete.product,primary-control,discrete-result,needs-review
556,Fundamental Counting Principle,\binom{n}{r}=\frac{n!}{r!(n-r)!},core lesson content formula card,discrete.product,primary-control,discrete-result,needs-review
557,Factorials,n! = n(n-1)...1,core lesson content formula card,discrete.factorial,primary-control,discrete-result,needs-review
557,Factorials,\binom{n}{r}=\frac{n!}{r!(n-r)!},core lesson content formula card,discrete.factorial,primary-control,discrete-result,needs-review
558,Permutations,nPr = n!/(n-r)!,core lesson content formula card,discrete.permutation,primary-control,discrete-result,needs-review
558,Permutations,\binom{n}{r}=\frac{n!}{r!(n-r)!},core lesson content formula card,discrete.permutation,primary-control,discrete-result,needs-review
559,Permutations with Repetition,n^r,core lesson content formula card,discrete.repeated-permutation,primary-control,discrete-result,needs-review
559,Permutations with Repetition,\binom{n}{r}=\frac{n!}{r!(n-r)!},core lesson content formula card,discrete.repeated-permutation,primary-control,discrete-result,needs-review
560,Circular Permutations,(n-1)!,core lesson content formula card,discrete.circular-permutation,primary-control,discrete-result,needs-review
560,Circular Permutations,\binom{n}{r}=\frac{n!}{r!(n-r)!},core lesson content formula card,discrete.circular-permutation,primary-control,discrete-result,needs-review
561,Combinations,nCr = n!/(r!(n-r)!),core lesson content formula card,discrete.combination,primary-control,discrete-result,needs-review
561,Combinations,\binom{n}{r}=\frac{n!}{r!(n-r)!},core lesson content formula card,discrete.combination,primary-control,discrete-result,needs-review
562,Pascal's Triangle,\binom{n}{r}=\frac{n!}{r!(n-r)!},core lesson content formula card,discrete.pascal,primary-control,discrete-result,needs-review
562,Pascal's Triangle,|P(S)|=2^{|S|},core lesson content formula card,discrete.pascal,primary-control,discrete-result,needs-review
563,Inclusion–Exclusion,|A union B| = |A| + |B| - |A intersection B|,core lesson content formula card,discrete.inclusion-exclusion,primary-control,discrete-result,needs-review
563,Inclusion–Exclusion,\binom{n}{r}=\frac{n!}{r!(n-r)!},core lesson content formula card,discrete.inclusion-exclusion,primary-control,discrete-result,needs-review
564,Pigeonhole Principle,\binom{n}{r}=\frac{n!}{r!(n-r)!},core lesson content formula card,discrete.pigeonhole,primary-control,discrete-result,needs-review
564,Pigeonhole Principle,|P(S)|=2^{|S|},core lesson content formula card,discrete.pigeonhole,primary-control,discrete-result,needs-review
565,Vertex and Edge Builder,\binom{n}{r}=\frac{n!}{r!(n-r)!},core lesson content formula card,discrete.graph-builder,primary-control,discrete-result,needs-review
565,Vertex and Edge Builder,|P(S)|=2^{|S|},core lesson content formula card,discrete.graph-builder,primary-control,discrete-result,needs-review
566,Directed Graphs,\binom{n}{r}=\frac{n!}{r!(n-r)!},core lesson content formula card,discrete.directed,primary-control,discrete-result,needs-review
566,Directed Graphs,|P(S)|=2^{|S|},core lesson content formula card,discrete.directed,primary-control,discrete-result,needs-review
567,Weighted Graphs,\binom{n}{r}=\frac{n!}{r!(n-r)!},core lesson content formula card,discrete.weighted,primary-control,discrete-result,needs-review
567,Weighted Graphs,|P(S)|=2^{|S|},core lesson content formula card,discrete.weighted,primary-control,discrete-result,needs-review
568,Degree of a Vertex,\binom{n}{r}=\frac{n!}{r!(n-r)!},core lesson content formula card,discrete.degree,primary-control,discrete-result,needs-review
568,Degree of a Vertex,|P(S)|=2^{|S|},core lesson content formula card,discrete.degree,primary-control,discrete-result,needs-review
569,Paths and Cycles,\binom{n}{r}=\frac{n!}{r!(n-r)!},core lesson content formula card,discrete.paths-cycles,primary-control,discrete-result,needs-review
569,Paths and Cycles,|P(S)|=2^{|S|},core lesson content formula card,discrete.paths-cycles,primary-control,discrete-result,needs-review
570,Connected Components,\binom{n}{r}=\frac{n!}{r!(n-r)!},core lesson content formula card,discrete.components,primary-control,discrete-result,needs-review
570,Connected Components,|P(S)|=2^{|S|},core lesson content formula card,discrete.components,primary-control,discrete-result,needs-review
571,Euler Paths and Circuits,\binom{n}{r}=\frac{n!}{r!(n-r)!},core lesson content formula card,discrete.euler,primary-control,discrete-result,needs-review
571,Euler Paths and Circuits,|P(S)|=2^{|S|},core lesson content formula card,discrete.euler,primary-control,discrete-result,needs-review
572,Hamiltonian Paths and Cycles,\binom{n}{r}=\frac{n!}{r!(n-r)!},core lesson content formula card,discrete.hamiltonian,primary-control,discrete-result,needs-review
572,Hamiltonian Paths and Cycles,|P(S)|=2^{|S|},core lesson content formula card,discrete.hamiltonian,primary-control,discrete-result,needs-review
573,Trees,edges = vertices - 1,core lesson content formula card,discrete.tree,primary-control,discrete-result,needs-review
573,Trees,\binom{n}{r}=\frac{n!}{r!(n-r)!},core lesson content formula card,discrete.tree,primary-control,discrete-result,needs-review
574,Minimum Spanning Tree,\binom{n}{r}=\frac{n!}{r!(n-r)!},core lesson content formula card,discrete.mst,primary-control,discrete-result,needs-review
574,Minimum Spanning Tree,|P(S)|=2^{|S|},core lesson content formula card,discrete.mst,primary-control,discrete-result,needs-review
575,Shortest Path,\binom{n}{r}=\frac{n!}{r!(n-r)!},core lesson content formula card,discrete.shortest-path,primary-control,discrete-result,needs-review
575,Shortest Path,|P(S)|=2^{|S|},core lesson content formula card,discrete.shortest-path,primary-control,discrete-result,needs-review
576,Graph Colouring,\binom{n}{r}=\frac{n!}{r!(n-r)!},core lesson content formula card,discrete.graph-colouring,graph-colour-vertex,colour-conflicts|colour-count|valid-colouring,needs-review
576,Graph Colouring,|P(S)|=2^{|S|},core lesson content formula card,discrete.graph-colouring,graph-colour-vertex,colour-conflicts|colour-count|valid-colouring,needs-review
577,Bipartite Graphs,\binom{n}{r}=\frac{n!}{r!(n-r)!},core lesson content formula card,discrete.bipartite,primary-control,discrete-result,needs-review
577,Bipartite Graphs,|P(S)|=2^{|S|},core lesson content formula card,discrete.bipartite,primary-control,discrete-result,needs-review
578,Planar Graphs,\binom{n}{r}=\frac{n!}{r!(n-r)!},core lesson content formula card,discrete.planar,primary-control,discrete-result,needs-review
578,Planar Graphs,|P(S)|=2^{|S|},core lesson content formula card,discrete.planar,primary-control,discrete-result,needs-review
579,Network Flow,\binom{n}{r}=\frac{n!}{r!(n-r)!},core lesson content formula card,discrete.flow,primary-control,discrete-result,needs-review
579,Network Flow,|P(S)|=2^{|S|},core lesson content formula card,discrete.flow,primary-control,discrete-result,needs-review
580,Travelling Salesperson,\binom{n}{r}=\frac{n!}{r!(n-r)!},core lesson content formula card,discrete.tsp,primary-control,discrete-result,needs-review
580,Travelling Salesperson,|P(S)|=2^{|S|},core lesson content formula card,discrete.tsp,primary-control,discrete-result,needs-review
581,Adjacency Matrix,\binom{n}{r}=\frac{n!}{r!(n-r)!},core lesson content formula card,discrete.adjacency,primary-control,discrete-result,needs-review
581,Adjacency Matrix,|P(S)|=2^{|S|},core lesson content formula card,discrete.adjacency,primary-control,discrete-result,needs-review
582,Set Builder,|A\cup B|=|A|+|B|-|A\cap B|,core lesson content formula card,discrete.set-builder,set-rule|set-membership,computed-set|membership-result,needs-review
582,Set Builder,\binom{n}{r}=\frac{n!}{r!(n-r)!},core lesson content formula card,discrete.set-builder,set-rule|set-membership,computed-set|membership-result,needs-review
582,Set Builder,|P(S)|=2^{|S|},core lesson content formula card,discrete.set-builder,set-rule|set-membership,computed-set|membership-result,needs-review
583,"Union, Intersection and Difference",\binom{n}{r}=\frac{n!}{r!(n-r)!},core lesson content formula card,discrete.set-operations,set-operation,set-result|set-cardinality,needs-review
583,"Union, Intersection and Difference",|P(S)|=2^{|S|},core lesson content formula card,discrete.set-operations,set-operation,set-result|set-cardinality,needs-review
584,Complement,\binom{n}{r}=\frac{n!}{r!(n-r)!},core lesson content formula card,discrete.complement,primary-control,discrete-result,needs-review
584,Complement,|P(S)|=2^{|S|},core lesson content formula card,discrete.complement,primary-control,discrete-result,needs-review
585,Cartesian Product,|A x B| = |A||B|,core lesson content formula card,discrete.cartesian-product,primary-control,discrete-result,needs-review
585,Cartesian Product,\binom{n}{r}=\frac{n!}{r!(n-r)!},core lesson content formula card,discrete.cartesian-product,primary-control,discrete-result,needs-review
586,Subsets and Power Sets,|A\cup B|=|A|+|B|-|A\cap B|,core lesson content formula card,discrete.power-set,power-source|power-candidate,power-set|power-cardinality|subset-status,needs-review
586,Subsets and Power Sets,\binom{n}{r}=\frac{n!}{r!(n-r)!},core lesson content formula card,discrete.power-set,power-source|power-candidate,power-set|power-cardinality|subset-status,needs-review
586,Subsets and Power Sets,|P(S)|=2^{|S|},core lesson content formula card,discrete.power-set,power-source|power-candidate,power-set|power-cardinality|subset-status,needs-review
587,Truth Tables,\binom{n}{r}=\frac{n!}{r!(n-r)!},core lesson content formula card,discrete.truth-table,truth-expression|truth-row,truth-table|truth-classification,needs-review
587,Truth Tables,|P(S)|=2^{|S|},core lesson content formula card,discrete.truth-table,truth-expression|truth-row,truth-table|truth-classification,needs-review
588,Logical Connectives,\binom{n}{r}=\frac{n!}{r!(n-r)!},core lesson content formula card,discrete.logical-connectives,connective-values|connective-kind,connective-result|connective-row,needs-review
588,Logical Connectives,|P(S)|=2^{|S|},core lesson content formula card,discrete.logical-connectives,connective-values|connective-kind,connective-result|connective-row,needs-review
589,Quantifiers,\binom{n}{r}=\frac{n!}{r!(n-r)!},core lesson content formula card,discrete.quantifiers,quantifier-domain|quantifier-kind,quantifier-evaluation|quantifier-evidence,needs-review
589,Quantifiers,|P(S)|=2^{|S|},core lesson content formula card,discrete.quantifiers,quantifier-domain|quantifier-kind,quantifier-evaluation|quantifier-evidence,needs-review
590,Proof Methods,P => Q is equivalent to not Q => not P,core lesson content formula card,discrete.proof,primary-control,discrete-result,needs-review
590,Proof Methods,\binom{n}{r}=\frac{n!}{r!(n-r)!},core lesson content formula card,discrete.proof,primary-control,discrete-result,needs-review
591,Simple Interest,A=P(1+r)^t,core lesson content formula card,finance.simple-interest,simple-interest-assumptions,simple-interest|simple-amount|simple-table|simple-graph,needs-review
591,Simple Interest,I=Prt,core lesson content formula card,finance.simple-interest,simple-interest-assumptions,simple-interest|simple-amount|simple-table|simple-graph,needs-review
591,Simple Interest,A=P+I=P(1+rt),core lesson content formula card,finance.simple-interest,simple-interest-assumptions,simple-interest|simple-amount|simple-table|simple-graph,needs-review
592,Compound Interest,A = P(1+r/n)^(nt),core lesson content formula card,finance.compound-interest,primary-control,finance-result,needs-review
592,Compound Interest,I=Prt,core lesson content formula card,finance.compound-interest,primary-control,finance-result,needs-review
593,Effective Interest Rate,EAR = (1+j/m)^m - 1,core lesson content formula card,finance.effective-rate,primary-control,finance-result,needs-review
593,Effective Interest Rate,I=Prt,core lesson content formula card,finance.effective-rate,primary-control,finance-result,needs-review
594,Present Value,PV = FV/(1+r)^t,core lesson content formula card,finance.present-value,primary-control,finance-result,needs-review
594,Present Value,I=Prt,core lesson content formula card,finance.present-value,primary-control,finance-result,needs-review
595,Future Value,FV = PV(1+r)^t,core lesson content formula card,finance.future-value,primary-control,finance-result,needs-review
595,Future Value,I=Prt,core lesson content formula card,finance.future-value,primary-control,finance-result,needs-review
596,Annuities,FV = PMT((1+r)^n-1)/r,core lesson content formula card,finance.annuity,primary-control,finance-result,needs-review
596,Annuities,I=Prt,core lesson content formula card,finance.annuity,primary-control,finance-result,needs-review
597,Loans and EMIs,EMI = P r(1+r)^n / ((1+r)^n - 1),core lesson content formula card,finance.loan-emi,primary-control,finance-result,needs-review
597,Loans and EMIs,I=Prt,core lesson content formula card,finance.loan-emi,primary-control,finance-result,needs-review
598,Amortisation Table,closing = opening + interest - payment,core lesson content formula card,finance.amortisation,primary-control,finance-result,needs-review
598,Amortisation Table,I=Prt,core lesson content formula card,finance.amortisation,primary-control,finance-result,needs-review
599,Depreciation,V = P(1-r)^t,core lesson content formula card,finance.depreciation,primary-control,finance-result,needs-review
599,Depreciation,I=Prt,core lesson content formula card,finance.depreciation,primary-control,finance-result,needs-review
600,Inflation,future price = current price(1+i)^t,core lesson content formula card,finance.inflation,primary-control,finance-result,needs-review
600,Inflation,I=Prt,core lesson content formula card,finance.inflation,primary-control,finance-result,needs-review
601,Currency Conversion,target = source x rate,core lesson content formula card,finance.currency,primary-control,finance-result,needs-review
601,Currency Conversion,I=Prt,core lesson content formula card,finance.currency,primary-control,finance-result,needs-review
602,"Profit, Loss, Markup and Margin",profit = selling price - cost,core lesson content formula card,finance.profit-margin,primary-control,finance-result,needs-review
602,"Profit, Loss, Markup and Margin",I=Prt,core lesson content formula card,finance.profit-margin,primary-control,finance-result,needs-review
603,Break-Even Analysis,q = fixed cost/(price - variable cost),core lesson content formula card,finance.break-even,primary-control,finance-result,needs-review
603,Break-Even Analysis,I=Prt,core lesson content formula card,finance.break-even,primary-control,finance-result,needs-review
604,Tax and Discounts,final = marked(1-d)(1+t),core lesson content formula card,finance.tax-discount,primary-control,finance-result,needs-review
604,Tax and Discounts,I=Prt,core lesson content formula card,finance.tax-discount,primary-control,finance-result,needs-review
605,Investment Comparison,advantage = value A - value B,core lesson content formula card,finance.investment-comparison,primary-control,finance-result,needs-review
605,Investment Comparison,I=Prt,core lesson content formula card,finance.investment-comparison,primary-control,finance-result,needs-review
606,Model Builder,output = start + change x time,core lesson content formula card,finance.model-builder,primary-control,finance-result,needs-review
606,Model Builder,I=Prt,core lesson content formula card,finance.model-builder,primary-control,finance-result,needs-review
607,Linear Models,y = mx + b,core lesson content formula card,finance.linear,primary-control,finance-result,needs-review
607,Linear Models,I=Prt,core lesson content formula card,finance.linear,primary-control,finance-result,needs-review
608,Quadratic Models,y = ax^2 + bx + c,core lesson content formula card,finance.quadratic,primary-control,finance-result,needs-review
608,Quadratic Models,I=Prt,core lesson content formula card,finance.quadratic,primary-control,finance-result,needs-review
609,Exponential and Logistic Models,y = a(1+r)^t,core lesson content formula card,finance.exponential-logistic,primary-control,finance-result,needs-review
609,Exponential and Logistic Models,I=Prt,core lesson content formula card,finance.exponential-logistic,primary-control,finance-result,needs-review
610,Periodic Models,y = midline + amplitude sin(2pi t/period),core lesson content formula card,finance.periodic,primary-control,finance-result,needs-review
610,Periodic Models,I=Prt,core lesson content formula card,finance.periodic,primary-control,finance-result,needs-review
611,Piecewise Models,f(x) = rule_i when x is in interval_i,core lesson content formula card,finance.piecewise,primary-control,finance-result,needs-review
611,Piecewise Models,I=Prt,core lesson content formula card,finance.piecewise,primary-control,finance-result,needs-review
612,Parameter Estimation,y_hat = a + bx,core lesson content formula card,finance.parameter-estimation,primary-control,finance-result,needs-review
612,Parameter Estimation,I=Prt,core lesson content formula card,finance.parameter-estimation,primary-control,finance-result,needs-review
613,Dimensional Analysis,(rupees/item) x items = rupees,core lesson content formula card,finance.dimensional-analysis,primary-control,finance-result,needs-review
613,Dimensional Analysis,I=Prt,core lesson content formula card,finance.dimensional-analysis,primary-control,finance-result,needs-review
614,Sensitivity Analysis,change in output / change in input,core lesson content formula card,finance.sensitivity,primary-control,finance-result,needs-review
614,Sensitivity Analysis,I=Prt,core lesson content formula card,finance.sensitivity,primary-control,finance-result,needs-review
615,Residual and Error Analysis,residual = observed - predicted,core lesson content formula card,finance.residual,primary-control,finance-result,needs-review
615,Residual and Error Analysis,I=Prt,core lesson content formula card,finance.residual,primary-control,finance-result,needs-review
616,Scenario Comparison,difference = scenario value - base value,core lesson content formula card,finance.scenario,primary-control,finance-result,needs-review
616,Scenario Comparison,I=Prt,core lesson content formula card,finance.scenario,primary-control,finance-result,needs-review
617,Linear Programming,maximise Z = ax + by,core lesson content formula card,finance.linear-programming,primary-control,finance-result,needs-review
617,Linear Programming,I=Prt,core lesson content formula card,finance.linear-programming,primary-control,finance-result,needs-review
